Caudal_Ls,Corriente_A,Temperatura_C,Vibracion_mm_s,Lubricacion_pct,Presion_PSI,Estado
62.81,69.5,67.73,3.71,64.64,92.86,Alerta
101.02,53.85,64.73,1.17,83.38,63.08,Normal
94.96,45.59,50.22,1.09,99.73,58.64,Normal
71.42,61.3,55.74,1.97,78.21,67.43,Normal
93.08,55.26,68.55,2.23,83.87,66.37,Normal
67.21,66.04,71.05,5.97,62.01,90.07,Alerta
75.88,56.25,69.41,1.83,94.57,50.6,Normal
67.18,73.57,84.44,3.62,65.77,97.76,Alerta
64.75,77.24,72.25,5.91,67.36,98.92,Alerta
73.25,61.1,53.61,1.04,76.33,63.97,Normal
85.53,43.96,45.71,2.33,94.28,44.17,Normal
59.61,68.91,91.63,4.65,72.04,81.67,Alerta
52.01,75.63,76.74,5.13,68.38,96.38,Alerta
55.58,75.82,93.65,3.12,72.52,95.56,Alerta
76.45,63.3,63.76,2.45,90.89,77.03,Normal
62.05,66.14,79.54,4.74,71.4,98.92,Alerta
89.7,60.66,56.81,1.37,83.4,44.75,Normal
23.97,90.97,114.11,9.5,21.69,127.93,Crítico
57.86,78.72,86.98,3.23,63.99,99.05,Alerta
40.24,89.45,110.01,7.63,20.79,29.89,Crítico
21.18,41.59,99.9,10.69,30.93,110.04,Crítico
74.6,60.31,67.4,2.74,75.72,71.22,Normal
107.83,52.09,58.31,1.44,76.23,47.41,Normal
27.96,106.25,113.18,6.38,34.92,114.03,Crítico
83.31,46.74,56.03,1.29,98.17,43.31,Alerta
31.76,106.8,97.06,10.06,26.26,125.99,Crítico
85.35,56.05,49.91,2.19,68.37,56.24,Normal
31.57,101.52,107.73,7.57,48.44,28.74,Crítico
67.01,67.83,83.67,3.05,60.25,91.97,Alerta
29.48,99.78,46.24,9.14,36.87,36.79,Crítico
98.58,46.98,51.33,2.34,87.52,48.94,Normal
74.46,41.84,63.64,2.13,87.29,54.9,Normal
97.3,48.26,57.9,1.52,76.42,42.27,Alerta
103.8,54.15,52.52,1.83,97.81,59.01,Normal
27.1,72.14,97.68,6.78,27.31,30.34,Alerta
100.35,52.16,52.75,1.37,95.52,63.81,Normal
64.97,68.56,75.21,5.42,65.68,93.87,Alerta
83.78,64.17,51.32,1.93,84.54,78.51,Normal
98.38,41.99,67.39,2.27,91.44,72.68,Alerta
50.09,66.52,84.04,5.58,70.96,89.73,Alerta
67.32,73.68,89.1,2.94,67.17,99.24,Crítico
102.34,49.49,53.62,2.45,95.32,62.28,Normal
32.24,92.23,114.9,11.07,84.71,35.24,Crítico
70.73,59.98,54.54,1.88,84.31,66.78,Normal
39.24,93.71,58.93,8.61,42.63,108.82,Crítico
87.61,63.07,47.49,1.75,76.13,73.52,Normal
77.97,48.83,58.05,2.45,85.21,49.52,Alerta
98.21,46.32,59.53,2.46,76.63,48.71,Normal
88.18,42.5,62.36,1.11,98.88,62.72,Normal
107.27,41.01,67.76,2.49,84.53,78.42,Alerta
77.43,49.71,50.5,2.45,97.2,72.28,Normal
29.84,94.71,114.31,7.64,44.91,33.8,Crítico
95.94,60.47,54.97,1.89,79.74,44.93,Normal
39.61,105.25,117.84,11.31,47.3,11.13,Crítico
100.04,46.14,55.51,2.26,78.66,59.37,Normal
68.09,76.55,77.7,4.06,69.71,87.9,Alerta
90.75,64.33,65.69,2.19,97.25,77.78,Normal
27.74,82.49,52.65,8.29,54.38,102.96,Crítico
89.51,41.17,47.52,2.29,97.3,52.17,Normal
92.1,58.12,54.69,1.41,87.24,52.19,Normal
82.04,43.39,52.08,2.21,82.52,73.55,Normal
60.99,77.93,85.4,5.24,66.72,86.09,Alerta
90.49,68.19,89.64,5.66,60.72,93.24,Alerta
100.22,42.49,57.8,1.75,95.71,63.3,Normal
95.74,63.34,64.49,1.9,93.86,79.9,Normal
28.39,41.2,115.98,7.79,56.04,33.65,Crítico
83.81,50.63,46.36,1.75,94.94,77.17,Normal
47.8,102.2,99.74,8.62,20.54,117.03,Crítico
61.45,74.05,83.21,3.16,69.89,97.43,Alerta
89.9,56.34,60.58,1.43,77.36,51.79,Normal
50.14,67.95,90.76,4.86,67.02,89.76,Alerta
106.9,44.09,47.42,5.21,90.07,72.31,Normal
82.56,49.83,48.63,1.27,81.66,55.46,Normal
76.06,52.27,54.38,1.27,94.01,51.53,Normal
109.39,61.59,57.99,1.09,87.41,55.14,Normal
25.69,106.62,112.34,8.17,27.23,28.45,Crítico
107.47,56.21,68.66,1.01,92.3,72.66,Alerta
62.98,69.29,84.99,5.99,62.37,94.26,Alerta
24.86,83.22,108.57,9.33,40.09,73.03,Crítico
108.54,53.77,55.01,1.51,93.61,56.83,Normal
35.54,101.13,99.96,8.61,53.54,131.48,Crítico
77.01,59.75,50.59,1.6,94.87,47.01,Normal
54.03,66.17,74.65,4.03,68.73,84.31,Alerta
92.03,41.61,66.9,2.76,99.31,57.63,Normal
54.52,74.02,73.05,3.67,66.01,87.64,Alerta
84.74,40.56,63.17,1.67,89.36,45.17,Normal
84.02,45.03,60.84,2.18,85.65,75.63,Normal
106.24,58.91,69.51,5.97,82.42,56.15,Normal
49.19,98.36,110.25,6.18,26.43,120.98,Crítico
63.15,76.28,72.84,4.95,61.82,97.03,Alerta
68.13,78.87,90.0,3.18,62.92,82.54,Alerta
64.85,75.69,73.9,5.05,67.87,92.41,Alerta
32.82,82.4,109.14,10.36,40.77,102.92,Alerta
100.69,51.8,59.98,2.68,99.0,42.82,Normal
87.7,59.88,51.04,1.57,92.57,85.13,Normal
88.56,58.31,47.12,2.68,86.31,75.58,Normal
26.62,82.75,115.11,11.73,46.53,125.51,Crítico
60.89,79.02,94.16,5.47,72.88,97.46,Normal
67.64,68.43,87.19,5.64,63.45,91.03,Alerta
57.01,68.23,84.76,4.06,61.27,81.05,Alerta
71.34,61.87,46.43,1.25,84.01,73.06,Normal
55.53,72.19,73.49,5.14,61.23,96.45,Alerta
82.31,53.96,50.13,5.48,78.19,50.37,Normal
30.71,102.74,103.64,11.51,51.81,23.52,Crítico
53.4,68.73,86.23,3.5,67.83,98.59,Alerta
109.16,41.3,60.35,2.75,61.4,79.22,Normal
85.83,63.94,65.23,1.48,87.89,49.58,Alerta
54.37,70.78,80.06,5.69,72.83,93.52,Alerta
37.92,101.26,117.18,7.08,27.55,106.93,Crítico
69.52,63.6,61.49,2.32,84.42,62.41,Alerta
57.15,77.17,72.73,4.62,72.44,85.27,Alerta
67.59,73.52,88.35,3.73,69.12,93.77,Alerta
76.16,50.9,57.17,1.14,97.96,47.51,Normal
102.38,64.99,60.86,1.68,94.94,56.5,Normal
24.88,99.49,98.36,6.6,23.9,21.23,Crítico
78.06,52.92,46.67,1.57,81.77,41.58,Normal
58.73,75.87,76.69,3.85,66.59,95.49,Alerta
92.8,58.44,60.77,1.33,80.89,53.56,Normal
107.67,52.81,56.67,1.8,72.26,64.69,Normal
81.59,58.79,49.5,1.8,77.22,66.45,Normal
51.72,71.84,90.38,2.91,67.39,82.97,Alerta
71.66,53.42,47.01,2.57,90.16,52.24,Normal
67.75,79.73,90.92,3.54,65.21,98.62,Alerta
64.73,73.22,76.45,5.62,61.85,98.57,Alerta
78.6,60.75,74.9,1.48,84.12,77.74,Normal
105.2,53.8,52.56,1.37,78.57,63.31,Normal
93.07,63.92,45.18,1.02,79.18,43.98,Normal
79.33,50.1,65.02,2.38,78.3,61.71,Normal
46.16,101.69,70.8,10.77,44.65,139.0,Crítico
86.79,42.65,55.34,1.08,81.26,51.88,Normal
68.37,77.18,75.26,4.38,61.39,91.42,Alerta
72.5,42.95,46.66,2.37,79.49,68.55,Normal
94.54,43.33,48.04,1.53,79.47,50.83,Alerta
63.94,66.27,84.15,4.16,61.52,92.66,Alerta
44.58,96.74,99.57,9.9,50.49,22.45,Alerta
38.35,105.07,111.54,8.42,49.62,134.36,Crítico
90.91,61.1,59.73,1.55,85.54,59.94,Alerta
86.0,67.17,76.29,3.41,73.81,83.51,Alerta
108.22,61.14,66.37,2.13,79.27,51.34,Normal
85.49,90.47,105.55,11.04,41.2,20.88,Crítico
91.57,46.54,63.86,2.07,83.93,55.08,Normal
52.54,71.58,78.85,3.2,67.57,90.01,Alerta
52.15,72.39,86.06,4.42,66.03,99.96,Alerta
107.96,55.01,67.38,2.65,84.64,77.67,Normal
52.27,76.52,92.09,5.05,72.68,99.97,Alerta
53.19,75.47,89.84,3.83,69.71,82.58,Alerta
54.13,68.53,86.83,2.97,68.26,99.46,Alerta
84.18,42.67,57.73,1.17,82.9,64.68,Normal
84.84,69.26,48.62,1.03,99.95,76.31,Normal
71.56,47.67,58.77,2.28,94.07,46.93,Normal
92.27,77.22,71.21,3.65,73.42,83.82,Alerta
62.04,66.65,93.3,4.31,68.5,83.86,Alerta
102.94,48.93,57.21,1.23,82.51,65.59,Normal
40.55,90.43,115.45,10.58,20.47,19.19,Crítico
59.6,66.76,84.37,2.53,61.25,94.42,Alerta
52.62,72.04,83.96,5.9,64.4,92.79,Crítico
54.71,70.53,53.46,4.05,73.76,83.53,Alerta
76.82,53.31,69.62,2.71,77.81,67.93,Normal
54.68,72.91,89.13,3.39,64.72,98.95,Alerta
108.39,62.81,65.36,1.8,91.07,53.42,Normal
71.86,43.03,61.81,1.66,77.69,51.19,Alerta
75.02,54.98,64.17,2.62,99.54,47.35,Normal
64.44,66.9,94.86,3.63,61.69,87.22,Alerta
105.09,57.07,50.25,1.65,88.34,52.32,Normal
73.39,52.44,69.43,2.72,96.36,59.62,Normal
86.42,49.17,51.53,1.13,97.06,43.17,Normal
41.03,106.25,115.98,7.93,31.62,122.37,Crítico
20.44,109.36,117.72,10.03,46.23,37.22,Crítico
67.43,90.75,108.35,8.01,46.68,31.36,Crítico
106.12,41.15,47.78,2.31,79.58,41.03,Alerta
93.61,52.47,57.01,2.03,75.83,73.28,Normal
35.63,89.87,114.55,6.51,46.54,105.7,Crítico
66.42,75.43,93.35,5.74,62.3,89.81,Crítico
52.98,66.51,84.93,4.49,77.71,82.55,Alerta
85.53,55.08,67.0,2.6,99.59,58.65,Normal
99.04,50.82,51.46,2.18,90.24,72.69,Alerta
97.48,51.01,79.62,2.0,83.18,68.51,Normal
23.1,93.98,99.66,10.45,96.41,15.75,Crítico
89.57,57.46,50.78,2.06,80.96,78.16,Normal
52.83,79.25,84.08,5.31,71.68,90.08,Alerta
27.91,91.2,114.25,2.93,42.34,35.91,Crítico
73.71,60.41,50.12,1.14,91.75,45.62,Normal
53.79,78.06,76.94,3.31,67.59,76.8,Alerta
91.61,41.88,69.08,1.2,89.46,48.17,Alerta
61.85,75.48,73.56,5.37,60.65,99.26,Alerta
59.38,67.84,93.7,5.26,69.84,82.17,Crítico
78.37,62.78,52.27,2.52,97.1,61.85,Normal
53.81,72.12,72.14,5.26,89.67,88.66,Alerta
109.23,45.32,64.14,1.86,98.81,79.25,Normal
86.47,63.64,64.05,2.54,98.03,46.47,Alerta
99.15,101.7,104.47,8.15,49.88,15.7,Crítico
90.24,50.53,50.2,2.79,94.38,75.55,Normal
107.62,47.23,52.61,2.38,79.75,71.51,Normal
82.17,49.87,64.66,2.04,94.69,62.1,Normal
44.06,103.96,60.02,6.65,29.36,12.29,Alerta
90.86,51.74,57.37,2.52,90.64,60.51,Alerta
101.9,61.29,64.63,2.42,84.32,74.7,Normal
87.76,64.07,58.44,2.21,98.48,59.98,Normal
96.55,59.78,54.77,2.59,86.4,56.78,Normal
55.43,61.81,59.51,2.8,77.96,54.36,Normal
67.03,74.33,72.42,3.8,73.28,95.33,Alerta
69.2,101.41,98.19,8.35,49.87,36.29,Crítico
73.89,61.94,47.1,2.16,87.7,63.94,Normal
78.59,62.4,51.27,2.07,79.12,54.28,Normal
32.96,94.76,98.45,7.97,52.32,120.09,Crítico
81.24,56.56,68.43,1.14,93.79,58.4,Normal
57.29,74.56,83.75,4.46,65.11,92.63,Alerta
109.49,42.85,63.49,1.83,99.23,55.6,Normal
35.43,85.38,109.15,7.9,43.78,20.25,Crítico
73.14,55.38,52.03,2.26,81.31,45.44,Alerta
94.31,51.3,55.81,2.06,83.67,61.62,Normal
63.61,75.01,73.04,3.97,68.02,87.18,Alerta
94.1,74.21,78.71,4.04,62.59,82.59,Alerta
22.4,103.88,108.04,6.28,50.07,103.65,Crítico
52.18,72.73,87.68,4.76,63.93,90.47,Alerta
44.74,82.51,73.39,9.43,27.93,24.76,Crítico
68.2,42.13,82.39,4.22,61.8,88.63,Alerta
63.64,72.85,88.58,4.68,64.14,87.79,Alerta
52.02,69.55,87.96,4.36,72.87,87.65,Alerta
91.78,45.22,59.72,1.81,79.24,61.86,Alerta
51.23,67.11,80.94,3.96,64.56,40.46,Alerta
62.65,66.26,91.1,5.31,63.0,87.28,Alerta
34.33,83.93,96.09,8.98,21.78,28.19,Crítico
71.3,59.94,53.78,2.21,79.52,67.81,Normal
62.74,108.89,98.41,8.6,36.36,119.18,Crítico
94.77,60.93,47.47,2.23,99.06,75.7,Normal
40.53,105.43,96.51,6.14,38.79,29.0,Crítico
59.81,55.59,72.58,4.86,61.73,82.9,Alerta
98.3,64.04,54.78,2.33,85.42,70.01,Normal
53.13,68.54,81.02,5.39,66.06,96.09,Alerta
76.65,59.24,58.93,1.97,82.91,74.19,Alerta
81.73,48.84,62.44,1.27,94.85,78.66,Normal
65.49,80.0,92.03,3.02,64.27,90.14,Alerta
53.26,72.84,75.13,4.47,61.53,50.17,Alerta
72.85,47.52,59.65,1.02,96.45,68.43,Alerta
59.91,68.4,76.02,3.09,69.05,96.78,Alerta
78.95,40.68,45.76,1.61,91.07,56.48,Normal
89.71,47.66,62.07,2.26,79.0,49.8,Normal
59.47,69.28,90.58,4.01,63.21,85.62,Alerta
27.66,90.6,99.65,10.62,99.17,31.23,Crítico
65.12,73.92,92.19,3.92,63.0,41.27,Alerta
86.45,51.21,48.04,1.88,78.67,73.36,Normal
104.52,41.87,57.16,2.21,92.41,78.46,Normal
102.15,42.61,62.45,1.67,90.68,68.12,Normal
89.69,62.81,55.83,1.76,76.96,74.37,Normal
100.6,57.08,53.38,1.21,98.53,65.78,Normal
63.5,73.79,74.4,4.81,68.9,84.39,Alerta
98.27,50.89,55.09,2.5,91.85,50.37,Normal
83.36,59.31,60.97,5.16,81.3,51.53,Normal
85.08,56.96,52.7,2.69,88.58,51.2,Alerta
52.6,69.75,89.35,3.68,65.15,99.16,Normal
100.43,55.48,54.3,1.82,93.19,54.22,Alerta
34.84,98.45,104.77,11.9,35.44,105.0,Crítico
63.48,69.38,87.4,4.59,72.31,95.46,Alerta
78.99,45.94,48.64,1.29,78.14,56.91,Normal
60.88,75.63,75.62,1.62,69.72,98.34,Alerta
88.36,63.59,54.89,1.97,82.36,66.09,Normal
29.61,99.48,103.77,6.75,23.41,100.42,Crítico
107.44,62.12,45.55,2.73,85.76,70.37,Alerta
83.01,57.89,56.02,1.82,95.93,51.84,Normal
87.77,42.66,49.96,1.28,82.6,40.92,Normal
62.83,74.7,91.65,4.75,69.65,97.52,Alerta
30.5,106.33,113.95,3.4,40.19,109.51,Crítico
70.47,57.61,70.64,2.02,89.63,55.35,Normal
96.34,40.04,53.67,2.25,94.35,44.16,Normal
67.33,71.05,80.72,5.8,72.45,94.22,Alerta
40.86,85.54,113.61,7.36,91.95,16.39,Crítico
103.94,40.3,48.11,2.76,88.33,73.89,Alerta
72.01,40.89,60.22,3.18,93.83,73.99,Alerta
85.55,44.6,66.74,2.34,85.61,64.99,Normal
72.78,53.5,49.67,1.97,73.96,47.69,Normal
26.08,101.11,106.85,9.52,51.26,110.47,Alerta
43.18,107.84,81.98,8.72,24.66,119.32,Crítico
40.24,92.37,100.33,8.93,22.32,11.35,Crítico
70.72,52.57,49.33,1.28,93.02,53.66,Normal
50.15,78.57,77.11,4.42,70.36,93.01,Alerta
54.57,78.68,92.24,4.69,69.27,90.85,Crítico
74.16,61.36,52.36,1.79,88.85,69.15,Normal
65.06,73.85,74.79,2.93,68.53,95.79,Alerta
54.44,72.38,75.41,4.64,72.39,99.62,Alerta
68.86,78.58,93.99,4.47,71.81,87.41,Alerta
105.49,54.42,63.93,2.07,87.57,64.79,Normal
48.75,95.2,108.19,9.23,44.88,18.83,Crítico
31.21,85.62,115.17,10.31,33.46,76.92,Crítico
98.91,105.83,109.02,6.36,29.57,124.78,Crítico
65.47,76.94,84.2,3.91,61.17,98.87,Alerta
102.11,47.73,61.41,1.67,98.25,67.0,Normal
104.09,53.6,50.3,2.37,97.36,45.36,Normal
107.75,64.66,62.41,1.48,66.57,47.17,Normal
99.15,50.04,47.49,1.22,94.67,61.64,Alerta
67.93,76.5,89.55,1.72,71.98,86.93,Alerta
65.51,78.81,73.27,5.34,66.98,88.63,Alerta
24.09,86.77,100.1,8.91,56.42,34.09,Crítico
84.31,45.48,45.37,1.42,90.04,66.09,Normal
67.26,78.44,71.17,4.75,67.84,81.03,Alerta
67.1,66.51,85.05,3.42,63.48,94.0,Alerta
61.98,75.29,83.17,4.87,67.24,85.33,Alerta
55.27,74.01,79.43,3.76,62.43,86.47,Alerta
94.14,64.15,58.65,1.17,93.45,74.7,Normal
57.45,66.24,93.04,4.37,73.15,84.19,Alerta
80.49,72.7,85.38,4.24,63.43,83.93,Alerta
76.74,52.8,57.65,1.89,98.34,63.9,Normal
55.07,67.98,91.08,3.3,73.33,85.1,Alerta
72.69,52.48,69.7,2.44,86.31,57.53,Normal
79.15,59.16,52.99,2.05,91.3,76.62,Normal
67.07,75.35,68.51,5.18,73.08,84.15,Alerta
45.08,92.83,98.48,11.21,22.87,34.34,Crítico
64.65,75.56,94.75,4.18,61.16,87.98,Alerta
107.71,50.47,68.82,1.51,91.78,52.06,Normal
57.96,71.0,88.47,5.13,67.25,77.89,Alerta
33.77,102.31,96.8,6.33,23.25,128.3,Crítico
33.87,92.18,93.81,8.0,31.91,22.36,Alerta
25.73,42.75,116.8,8.4,53.17,12.18,Crítico
65.49,79.34,78.11,3.09,87.36,86.93,Alerta
89.38,59.0,67.57,2.32,92.34,55.37,Normal
59.15,71.38,92.03,5.66,67.62,86.61,Alerta
90.47,59.43,50.98,3.23,84.67,69.98,Normal
51.81,79.71,88.04,4.39,61.08,81.37,Alerta
57.27,69.65,79.06,5.14,69.36,86.59,Alerta
66.95,76.2,92.15,3.52,73.92,92.53,Alerta
61.44,67.28,89.79,3.62,70.55,97.82,Alerta
89.93,62.77,48.91,1.64,79.22,67.03,Alerta
65.59,71.93,80.25,5.68,69.91,83.2,Alerta
22.79,107.69,110.67,7.63,37.91,23.48,Alerta
67.78,76.32,71.07,4.55,69.38,82.04,Alerta
67.57,78.61,85.72,4.04,60.92,93.15,Alerta
80.88,46.12,45.72,1.43,83.74,75.86,Normal
58.86,67.98,89.79,2.25,73.17,84.56,Alerta
64.97,77.53,75.06,3.9,66.42,90.89,Alerta
72.19,51.56,47.39,1.5,82.29,45.17,Normal
71.45,42.22,53.98,1.05,77.06,66.88,Normal
83.71,50.12,64.1,2.75,89.84,74.99,Normal
96.47,49.28,45.94,1.58,99.2,42.13,Normal
96.17,43.81,52.73,1.58,99.21,64.2,Normal
37.48,97.74,102.87,5.09,45.18,14.27,Crítico
82.5,48.43,53.38,1.35,97.49,66.49,Alerta
100.1,48.51,49.73,2.62,79.89,44.14,Normal
54.56,73.21,85.5,3.84,60.51,49.16,Alerta
52.03,71.04,85.02,4.82,70.84,82.81,Alerta
99.66,44.21,45.82,2.57,87.2,49.85,Normal
54.07,76.67,94.12,4.89,65.32,82.36,Alerta
20.02,93.88,99.88,2.23,24.44,21.4,Crítico
72.7,58.7,48.13,1.84,76.09,53.69,Normal
50.34,78.99,92.87,5.66,97.81,81.88,Alerta
22.11,81.61,119.71,6.54,43.48,29.68,Crítico
72.7,43.23,53.79,2.08,87.24,63.45,Normal
102.75,50.53,69.71,2.78,78.77,59.92,Normal
23.51,108.56,110.66,10.15,22.7,26.76,Crítico
52.34,70.31,71.99,5.99,66.62,87.84,Crítico
65.48,70.72,89.05,3.53,68.56,87.64,Alerta
50.29,66.43,86.44,5.36,68.41,97.05,Crítico
102.36,56.85,66.85,2.73,91.81,50.86,Normal
100.02,54.28,66.71,1.84,85.53,67.89,Normal
71.67,51.68,56.76,1.6,97.59,45.89,Alerta
34.35,105.52,105.87,9.55,46.16,27.48,Alerta
83.55,50.85,57.82,2.62,86.54,51.02,Normal
58.52,69.04,89.78,4.86,73.09,93.19,Crítico
76.27,56.79,61.08,2.26,94.81,63.94,Normal
55.84,88.01,114.24,7.75,20.48,29.2,Crítico
105.16,40.77,64.94,2.02,77.68,46.4,Normal
70.9,48.76,45.93,2.71,97.73,78.95,Normal
63.97,67.93,82.42,5.48,60.22,93.5,Alerta
99.96,48.74,62.89,2.79,84.52,67.58,Normal
65.62,68.63,87.07,5.19,80.76,87.66,Alerta
51.0,67.39,79.75,3.86,72.86,96.92,Alerta
54.14,78.83,91.08,3.44,72.93,98.73,Alerta
68.42,69.72,71.33,3.85,70.71,87.82,Alerta
46.8,99.73,110.77,7.38,49.72,101.31,Crítico
85.26,64.32,63.25,1.43,97.54,55.73,Normal
80.41,52.33,46.51,1.57,77.42,78.86,Normal
74.08,51.21,61.23,1.67,80.88,48.52,Normal
53.56,74.67,81.58,5.26,70.37,95.07,Normal
102.27,61.33,56.01,1.3,79.86,56.67,Normal
108.23,42.84,50.12,2.22,80.86,54.34,Normal
79.22,73.7,58.82,1.3,85.18,71.73,Normal
23.54,86.86,101.83,8.92,30.89,38.86,Crítico
58.69,67.33,82.63,3.03,66.9,61.01,Alerta
81.08,63.19,60.42,2.59,89.86,46.07,Normal
104.88,59.88,53.52,1.38,94.56,53.89,Normal
73.83,57.67,48.79,5.7,90.24,47.18,Normal
59.26,75.71,87.39,3.43,65.59,86.82,Alerta
59.64,73.14,81.32,5.51,68.21,92.08,Alerta
89.56,45.63,55.62,1.12,91.33,54.48,Normal
86.91,40.73,49.66,1.84,77.5,63.53,Normal
75.01,40.45,67.54,1.42,88.45,66.21,Normal
59.37,67.78,86.21,3.54,67.76,87.78,Normal
43.72,85.78,118.32,8.82,38.59,25.38,Crítico
74.75,54.61,65.79,5.56,92.13,72.38,Normal
76.8,52.21,64.33,1.63,78.66,56.43,Normal
95.79,53.57,61.58,2.67,90.04,46.99,Normal
68.83,72.65,87.43,3.56,63.47,97.12,Alerta
26.94,85.77,91.47,8.96,31.51,30.87,Crítico
109.36,50.25,53.19,1.87,94.2,49.32,Normal
94.65,55.73,69.38,1.27,85.83,70.92,Normal
51.98,71.82,78.87,5.81,62.65,86.31,Alerta
59.7,76.6,77.0,4.25,64.41,97.14,Normal
55.44,71.15,85.88,3.31,68.5,89.58,Alerta
98.91,49.58,47.39,2.03,67.67,70.17,Alerta
94.28,49.26,53.94,1.09,89.33,70.53,Normal
77.27,44.91,57.58,2.56,83.55,42.16,Normal
77.97,53.2,46.29,1.84,89.1,65.83,Normal
66.22,69.07,80.54,5.27,60.23,89.41,Alerta
21.39,101.3,108.91,8.31,48.7,20.94,Crítico
39.52,98.34,99.3,11.81,51.68,10.28,Crítico
70.53,46.3,50.31,2.61,84.31,74.41,Normal
107.79,46.09,62.96,2.36,83.24,68.9,Alerta
103.56,62.75,54.36,1.59,87.56,69.56,Normal
68.45,77.94,92.81,3.14,73.11,81.34,Alerta
91.43,42.62,47.85,1.34,99.92,50.93,Normal
74.64,47.58,62.35,5.91,83.95,77.57,Alerta
54.21,67.1,93.05,5.66,65.52,82.07,Alerta
87.67,60.14,64.24,1.11,92.84,57.09,Normal
107.79,52.15,68.61,2.22,90.18,79.56,Normal
53.78,74.23,81.78,3.07,68.75,98.32,Alerta
29.3,94.98,111.77,6.3,33.1,103.25,Crítico
32.94,86.07,110.37,6.16,33.05,29.33,Crítico
90.73,41.37,68.56,1.84,98.18,63.2,Normal
106.1,64.4,69.69,2.15,86.12,54.78,Normal
37.95,84.42,109.87,8.91,53.11,24.28,Crítico
30.8,98.46,98.47,2.62,43.42,24.57,Crítico
101.98,76.83,90.84,4.29,68.51,90.95,Alerta
85.19,45.54,51.77,1.53,79.49,46.5,Alerta
100.14,62.6,55.5,2.28,89.24,65.34,Alerta
64.65,78.19,93.39,5.69,62.15,84.85,Alerta
39.89,107.37,83.07,8.41,25.28,136.5,Crítico
48.9,85.96,102.77,1.3,36.92,22.03,Crítico
59.56,67.41,77.48,2.99,62.8,98.17,Alerta
97.93,52.97,45.93,2.73,85.82,66.01,Normal
46.86,98.72,107.9,9.07,45.91,118.99,Crítico
33.82,96.27,106.69,10.39,35.64,135.08,Crítico
96.9,62.63,45.74,1.96,75.79,61.76,Normal
82.48,57.38,64.48,5.15,98.17,66.02,Normal
106.21,49.27,54.16,1.81,87.79,51.81,Normal
105.6,45.5,55.15,1.21,92.33,52.42,Normal
27.68,97.21,102.02,8.29,56.06,17.96,Crítico
74.8,43.96,66.98,1.75,85.32,75.85,Normal
57.13,79.26,77.33,5.63,62.88,81.23,Normal
94.31,48.94,56.15,5.82,96.25,49.49,Normal
104.48,61.87,48.73,4.28,84.9,50.38,Normal
51.92,75.97,71.42,5.01,62.45,95.59,Alerta
98.53,78.64,92.4,4.36,72.2,84.03,Alerta
61.23,79.77,73.63,4.1,72.47,92.99,Alerta
26.49,80.19,81.7,10.0,25.15,117.83,Crítico
90.1,45.44,59.27,1.57,93.51,41.49,Normal
90.98,47.85,49.54,2.47,82.18,91.94,Normal
63.8,78.17,88.86,5.75,69.35,95.3,Alerta
57.4,70.85,73.38,5.53,60.88,99.24,Alerta
59.48,70.53,76.4,2.96,66.14,92.77,Alerta
90.92,53.43,60.26,1.68,86.23,93.58,Normal
108.92,51.1,65.78,1.41,89.7,47.96,Normal
106.17,60.91,68.21,1.28,84.05,54.71,Normal
32.97,97.11,109.89,9.67,53.49,118.93,Crítico
102.67,44.46,55.66,4.72,76.7,74.02,Normal
63.39,68.75,81.21,2.93,64.12,94.63,Alerta
103.59,58.87,48.06,2.47,96.3,40.87,Normal
95.46,54.44,60.44,1.1,92.87,76.03,Normal
70.49,46.43,69.14,2.68,98.17,77.89,Normal
57.83,78.79,75.45,4.37,71.93,83.95,Normal
95.5,62.33,69.95,1.69,76.0,48.79,Normal
100.85,55.35,77.19,1.08,79.13,79.43,Normal
50.2,73.18,74.64,5.45,66.83,95.96,Alerta
33.37,105.58,109.67,10.06,57.02,46.1,Crítico
80.95,50.06,45.62,2.24,79.31,47.22,Normal
67.36,79.12,89.71,5.4,69.85,83.64,Alerta
41.59,58.98,99.32,7.93,44.88,20.54,Crítico
48.89,88.47,95.71,11.24,21.85,36.04,Crítico
27.92,80.33,112.56,7.0,47.28,25.71,Crítico
82.62,47.18,52.65,1.24,88.01,63.19,Normal
97.99,44.28,53.35,1.78,88.12,70.43,Normal
95.1,58.18,51.12,2.3,87.09,67.71,Normal
96.6,55.13,55.84,1.35,92.31,75.94,Normal
95.4,40.35,57.2,1.71,84.63,67.11,Normal
53.05,66.57,78.7,4.35,69.78,89.08,Alerta
34.59,95.48,105.91,8.21,31.19,17.83,Alerta
102.81,56.19,69.96,1.51,91.22,54.75,Normal
55.9,68.13,78.44,4.08,70.03,91.7,Alerta
52.93,70.47,81.04,4.42,62.13,82.96,Alerta
33.18,95.59,98.49,9.2,63.4,19.25,Crítico
106.77,59.76,55.82,2.71,81.0,77.65,Alerta
52.21,71.21,88.06,4.62,70.27,85.85,Alerta
72.51,45.28,67.26,1.8,79.32,62.8,Normal
93.95,48.5,60.18,1.17,91.58,78.64,Normal
108.51,52.73,69.58,1.14,93.56,74.63,Normal
76.7,53.42,62.31,1.58,76.31,51.11,Normal
71.46,43.6,62.72,2.53,80.5,61.4,Normal
51.79,72.39,69.24,3.77,60.28,93.25,Alerta
60.33,76.26,92.41,3.97,72.9,90.66,Alerta
94.73,41.22,69.06,1.83,84.74,47.72,Normal
71.22,47.05,58.06,4.72,94.28,41.49,Normal
70.87,43.87,49.36,2.27,99.0,46.09,Normal
77.46,41.41,62.61,2.11,90.6,58.68,Normal
30.17,92.76,98.91,10.43,57.56,10.6,Crítico
45.44,105.04,105.0,7.12,31.32,15.99,Crítico
42.44,98.15,115.88,7.9,23.17,130.22,Crítico
83.9,43.46,67.77,1.93,93.28,45.73,Normal
66.92,77.5,76.09,5.13,60.3,89.33,Alerta
66.08,67.68,71.25,3.66,69.32,87.95,Alerta
81.98,54.01,89.62,1.74,81.83,48.62,Normal
82.19,55.29,49.03,1.69,98.6,73.47,Normal
66.92,76.63,83.21,5.77,69.32,86.9,Alerta
59.19,71.97,77.65,5.49,60.27,94.74,Alerta
84.07,79.35,90.3,3.64,69.29,91.42,Alerta
61.91,74.1,73.96,3.14,61.19,83.32,Alerta
62.45,77.56,92.22,4.74,62.72,96.54,Crítico
100.33,42.05,58.31,2.44,88.04,51.22,Normal
101.09,47.24,63.22,5.19,96.49,70.26,Normal
54.11,75.19,73.04,5.83,60.5,82.47,Alerta
46.38,91.57,111.73,10.8,39.41,109.62,Crítico
82.93,49.42,91.31,1.2,76.87,45.74,Normal
105.8,61.87,66.77,2.06,76.69,44.87,Normal
99.93,71.68,51.66,1.1,87.93,56.98,Normal
100.06,43.26,59.36,1.71,83.84,44.26,Normal
31.91,83.13,113.85,1.4,32.8,27.5,Crítico
60.05,67.02,87.9,4.61,62.19,86.35,Alerta
56.55,59.32,78.58,4.76,67.82,89.3,Alerta
89.85,49.45,45.82,1.64,98.91,59.4,Normal
68.49,72.98,79.74,5.16,97.71,89.61,Alerta
70.71,68.34,91.93,4.1,62.03,97.2,Alerta
97.69,48.45,70.7,1.91,96.17,54.96,Alerta
51.88,72.86,71.6,5.62,61.62,90.62,Alerta
67.16,71.25,94.41,3.96,68.11,98.57,Alerta
62.5,77.4,77.79,3.04,63.09,99.84,Alerta
109.87,57.29,68.83,2.64,85.5,55.32,Normal
101.86,46.98,56.3,2.49,75.61,52.65,Alerta
96.38,58.39,58.1,2.67,87.13,56.41,Normal
89.18,48.23,49.67,2.66,99.49,45.69,Alerta
97.08,56.6,57.61,1.08,93.15,50.38,Normal
50.99,69.54,78.01,3.17,72.13,81.54,Alerta
84.24,46.47,62.8,1.1,80.46,41.67,Normal
95.39,58.92,65.89,2.58,99.37,76.43,Normal
74.05,75.93,47.47,1.46,85.26,40.41,Normal
64.41,76.36,82.4,3.46,66.71,84.41,Alerta
73.18,46.3,48.27,2.13,99.52,56.8,Normal
42.55,106.73,119.2,11.96,50.81,70.85,Crítico
92.11,48.69,51.09,1.02,77.39,94.18,Normal
38.76,77.77,102.78,8.69,31.75,100.2,Crítico
32.34,94.89,118.7,10.01,59.29,38.1,Crítico
75.55,47.79,64.42,2.18,88.39,76.46,Normal
97.16,58.38,66.19,2.48,96.83,46.54,Normal
44.77,95.0,113.89,11.03,40.2,122.24,Crítico
20.94,102.46,109.44,11.72,38.01,22.73,Crítico
106.1,46.58,65.36,1.26,83.24,43.95,Normal
22.2,81.26,119.08,2.02,51.04,134.27,Crítico
86.59,67.22,77.46,3.39,72.95,81.15,Alerta
62.89,73.06,62.76,3.01,73.04,90.8,Normal
32.04,83.97,96.73,9.5,88.01,112.44,Crítico
74.22,50.94,46.29,1.06,88.82,57.3,Normal
39.54,91.2,110.53,11.46,44.39,25.19,Crítico
36.09,96.87,111.07,11.27,48.78,39.41,Crítico
73.39,47.14,66.8,1.26,88.48,50.09,Normal
72.87,50.44,50.21,2.17,83.19,72.76,Normal
34.68,102.76,119.58,11.18,30.09,37.28,Crítico
80.99,40.98,55.49,1.9,93.06,76.79,Normal
95.3,58.02,55.83,2.4,99.85,44.79,Normal
29.4,80.84,116.11,6.87,51.88,14.08,Crítico
66.75,72.8,83.43,4.48,67.37,90.66,Alerta
60.26,73.56,83.94,4.75,66.53,83.83,Alerta
24.91,101.95,111.92,6.44,64.79,25.7,Crítico
46.85,99.54,95.51,9.82,47.05,14.79,Crítico
98.25,64.65,49.98,2.37,83.81,70.04,Normal
33.52,98.8,113.17,8.63,35.85,101.36,Crítico
65.82,71.28,88.47,3.85,64.74,97.48,Alerta
108.67,41.23,47.91,2.66,85.26,64.93,Normal
36.56,91.55,98.61,7.78,71.58,110.94,Crítico
47.33,96.98,114.63,10.65,22.15,131.93,Crítico
104.82,44.57,66.88,3.53,83.16,55.44,Alerta
100.21,61.16,64.55,2.79,96.86,54.45,Normal
53.54,55.39,88.34,3.82,72.39,85.56,Alerta
103.13,55.45,51.29,1.27,86.39,62.25,Normal
81.39,50.16,60.62,2.26,91.3,40.13,Normal
99.94,53.75,47.59,2.63,97.14,91.83,Normal
20.02,80.54,116.87,9.15,62.29,23.39,Crítico
47.62,90.94,106.24,7.49,34.06,123.88,Crítico
73.56,51.62,63.46,1.94,92.46,78.32,Normal
30.86,83.33,110.93,10.84,55.0,12.15,Crítico
62.63,70.16,81.75,4.08,70.52,91.63,Normal
36.95,101.81,106.86,6.11,91.71,135.89,Crítico
42.57,89.16,113.23,10.37,46.38,124.09,Crítico
57.34,68.96,74.01,3.87,69.76,92.31,Alerta
29.15,86.91,118.86,6.76,22.88,120.47,Crítico
50.66,68.21,74.32,5.76,66.45,88.28,Alerta
70.21,58.67,56.99,2.8,91.39,69.89,Normal
59.05,77.92,74.18,4.29,62.93,81.44,Alerta
73.68,46.43,52.21,2.61,88.69,44.91,Normal
104.94,64.21,48.33,2.77,78.73,46.81,Normal
92.02,55.59,54.85,2.23,87.2,63.01,Normal
52.83,71.73,75.13,5.54,68.12,83.94,Alerta
59.27,68.02,93.02,4.65,72.42,95.32,Alerta
88.87,76.24,63.93,1.48,91.32,40.58,Normal
82.25,51.49,62.75,2.04,97.69,63.36,Normal
74.39,64.98,53.88,1.93,76.58,70.44,Normal
66.72,68.5,77.55,5.86,63.24,82.53,Alerta
58.02,77.11,77.23,3.3,66.45,85.26,Alerta
31.97,86.69,114.57,8.15,20.88,138.82,Crítico
92.26,55.43,59.2,2.59,90.38,65.63,Normal
40.24,84.52,110.97,11.71,84.56,119.68,Crítico
51.42,73.82,88.91,4.33,60.38,96.97,Normal
84.03,49.84,54.34,1.9,93.25,43.69,Normal
109.39,65.63,64.73,1.68,88.03,72.11,Normal
96.87,60.7,64.18,2.34,75.57,63.48,Normal
95.03,57.32,73.13,2.12,88.26,52.21,Normal
67.9,77.35,93.14,4.37,70.43,89.9,Alerta
31.18,100.06,95.31,3.85,31.86,110.64,Crítico
84.35,58.22,55.1,2.51,85.06,65.8,Alerta
77.17,64.89,61.44,1.67,80.02,75.94,Normal
88.75,49.77,54.26,1.04,88.59,78.17,Normal
83.3,50.26,62.66,2.72,80.53,59.22,Normal
52.19,75.71,92.49,5.49,62.88,83.23,Alerta
28.98,102.26,118.89,6.18,28.6,126.81,Crítico
60.41,78.69,89.91,3.04,69.87,96.0,Alerta
57.11,67.52,48.35,5.65,68.11,85.21,Alerta
99.51,61.01,48.74,2.68,90.28,75.33,Alerta
78.88,52.87,50.81,4.86,76.25,77.85,Normal
107.89,46.57,56.87,1.08,98.17,48.23,Normal
104.18,63.39,64.96,1.74,76.71,57.93,Normal
62.43,70.15,74.93,1.77,72.11,87.87,Alerta
75.84,41.96,57.6,1.01,95.38,53.04,Normal
80.27,46.44,58.76,1.84,88.98,73.55,Alerta
65.75,73.34,71.74,4.04,72.35,82.09,Alerta
72.28,49.9,47.47,2.4,93.41,67.21,Normal
73.6,51.53,58.55,1.68,99.14,45.94,Normal
75.1,52.89,68.36,1.45,95.28,75.01,Normal
22.13,85.21,117.21,7.36,44.78,14.69,Alerta
80.34,63.41,62.22,1.19,81.59,47.44,Normal
77.28,41.65,55.23,2.28,87.26,68.92,Normal
44.79,105.01,108.87,11.82,46.43,36.45,Crítico
88.36,56.37,58.8,2.1,80.11,51.33,Normal
83.86,40.78,59.01,1.25,87.81,47.56,Normal
95.42,57.45,45.34,2.32,78.13,51.0,Normal
62.61,74.45,77.39,3.34,67.12,81.52,Alerta
96.13,45.7,46.82,1.4,96.92,42.95,Normal
102.87,58.0,61.21,2.21,83.73,65.39,Normal
67.27,66.86,91.81,5.24,61.6,85.48,Crítico
87.38,55.11,60.87,2.12,91.4,64.82,Normal
37.42,101.02,117.54,10.14,23.99,124.51,Crítico
34.09,101.05,102.15,8.49,41.11,132.71,Crítico
97.18,57.98,53.98,2.47,85.88,42.54,Normal
60.88,77.34,92.26,3.63,71.6,99.17,Alerta
52.02,69.73,89.82,3.65,62.01,99.01,Alerta
91.08,63.34,52.67,1.46,86.81,61.71,Normal
79.08,52.82,46.05,1.54,77.83,41.33,Normal
63.67,74.36,80.93,4.43,64.61,81.48,Alerta
45.56,99.01,111.02,9.8,29.97,32.68,Crítico
76.41,62.34,64.08,2.63,85.24,56.94,Normal
82.47,63.4,55.2,1.53,77.17,64.13,Normal
65.92,77.78,79.49,5.26,69.48,92.11,Alerta
46.23,108.81,116.76,5.13,35.86,39.45,Crítico
78.25,64.53,53.67,1.55,75.56,53.42,Normal
85.33,47.77,54.31,2.04,90.83,74.15,Normal
100.55,50.48,59.75,2.31,95.79,42.38,Normal
91.15,46.97,56.95,1.04,94.54,45.08,Normal
30.7,109.64,113.99,11.12,56.34,36.32,Crítico
102.64,63.29,67.23,1.03,75.73,51.94,Normal
88.51,50.09,63.47,2.56,91.7,71.74,Normal
37.61,97.95,108.64,7.4,23.74,131.66,Crítico
38.82,87.33,98.76,11.88,40.12,103.86,Crítico
78.73,53.79,48.28,2.4,76.53,67.79,Alerta
73.21,80.3,117.01,11.04,59.89,24.52,Crítico
67.3,68.14,91.85,5.76,62.3,94.79,Crítico
79.34,47.63,67.79,2.03,82.82,79.1,Normal
88.5,48.31,53.44,2.01,82.2,41.27,Normal
66.03,70.27,85.78,4.03,67.52,95.06,Alerta
88.09,59.05,63.95,2.31,78.05,57.04,Alerta
85.88,43.37,54.3,1.39,99.22,75.48,Normal
65.55,66.43,87.05,4.21,68.14,95.7,Alerta
104.69,63.65,66.36,2.6,81.78,61.53,Normal
53.69,76.3,88.47,4.76,66.1,97.19,Alerta
94.95,49.66,85.92,2.79,86.86,60.04,Normal
76.68,45.15,57.12,2.57,96.75,72.19,Alerta
64.58,75.44,76.73,4.14,70.59,53.91,Alerta
38.4,85.26,113.81,6.25,33.85,37.97,Alerta
35.57,97.51,107.11,11.65,26.31,39.25,Crítico
60.58,67.63,84.31,4.37,64.11,87.43,Alerta
53.44,70.5,85.62,5.67,72.99,81.05,Normal
46.34,88.95,68.72,7.09,20.91,19.72,Alerta
35.88,83.19,96.76,8.81,41.62,11.48,Crítico
85.95,61.42,64.3,2.41,82.12,73.72,Normal
87.22,58.66,58.54,1.71,95.95,66.97,Normal
92.29,48.33,49.63,1.02,99.69,48.23,Normal
89.49,51.0,62.98,3.26,93.99,73.61,Normal
102.9,47.73,51.78,2.59,75.32,66.38,Normal
94.04,44.55,64.07,1.91,92.74,53.51,Normal
58.22,74.15,84.94,2.92,61.28,85.14,Normal
65.47,73.97,74.11,5.78,72.21,74.81,Alerta
106.01,62.38,53.91,2.76,89.92,60.69,Normal
45.51,87.32,101.32,8.13,29.58,34.97,Crítico
77.71,78.8,78.66,5.84,66.41,83.75,Crítico
87.5,58.13,55.85,1.58,83.49,56.54,Normal
31.49,108.57,113.29,8.42,81.85,108.16,Crítico
81.86,51.61,69.83,2.42,97.17,88.99,Normal
30.33,109.04,114.37,11.37,53.72,11.83,Crítico
70.24,40.58,48.43,1.39,94.96,63.14,Normal
105.77,54.54,61.41,2.39,94.31,54.39,Normal
58.36,66.61,92.28,4.35,67.52,83.02,Alerta
27.16,77.52,109.63,6.58,29.74,127.51,Crítico
78.88,58.19,60.28,1.78,93.71,80.34,Alerta
51.9,67.95,76.06,5.41,71.67,86.69,Alerta
87.59,55.88,47.08,2.21,91.02,53.07,Normal
49.53,82.22,95.58,11.55,25.95,61.91,Crítico
100.11,40.81,52.75,1.79,88.38,47.7,Alerta
66.66,76.36,77.69,1.32,70.12,97.27,Alerta
41.56,88.59,119.73,7.34,47.3,73.86,Crítico
55.49,74.41,88.7,5.99,93.03,94.36,Crítico
31.58,95.4,98.7,4.67,29.83,29.09,Crítico
76.87,44.67,53.23,2.67,84.11,52.93,Normal
37.99,87.59,114.17,8.8,32.93,134.35,Alerta
63.73,78.31,87.04,3.74,71.44,86.09,Alerta
55.7,74.83,93.33,3.79,69.1,87.22,Alerta
72.69,57.44,60.19,2.01,82.76,65.72,Normal
67.4,76.23,75.62,3.22,65.26,93.72,Alerta
45.88,87.55,103.77,6.14,23.73,76.74,Crítico
73.31,50.01,52.88,2.0,96.37,73.41,Normal
54.33,70.28,90.48,5.9,71.39,83.43,Alerta
82.18,55.43,67.34,3.35,89.49,48.59,Normal
62.37,73.65,78.46,4.52,61.11,98.44,Normal
59.91,75.32,87.22,4.62,64.1,83.0,Alerta
109.7,40.02,61.38,2.28,84.04,63.28,Normal
62.29,78.21,81.25,5.73,67.13,87.65,Alerta
54.04,66.08,76.21,3.73,64.63,91.51,Alerta
41.03,100.89,98.48,6.84,21.51,116.54,Crítico
22.2,86.54,47.67,8.75,45.32,13.27,Crítico
66.72,76.45,93.61,4.89,65.36,91.99,Alerta
68.06,67.8,86.3,4.52,68.53,94.28,Alerta
107.06,64.56,68.43,2.19,91.82,42.62,Normal
44.02,83.64,109.11,8.44,36.98,114.73,Crítico
91.93,48.11,52.26,2.07,76.16,74.56,Normal
56.15,75.13,87.7,3.03,69.72,82.19,Crítico
70.0,52.43,66.82,2.29,81.07,56.39,Normal
102.2,59.46,61.71,1.89,95.99,53.45,Normal
103.03,57.93,62.11,1.28,93.0,76.25,Normal
35.92,101.62,101.8,3.31,55.5,118.1,Alerta
102.02,71.73,83.35,4.33,68.51,91.24,Alerta
99.92,62.96,67.99,2.51,99.99,65.24,Normal
34.88,101.32,100.28,7.68,59.61,130.01,Crítico
72.23,42.11,56.7,4.87,91.28,61.79,Normal
83.25,47.09,52.31,1.42,93.05,63.91,Normal
92.21,40.94,65.85,1.34,85.11,60.81,Normal
80.99,57.72,57.34,2.49,85.01,60.58,Normal
107.17,47.89,68.02,2.3,76.25,59.98,Normal
45.72,107.85,113.69,6.38,24.08,20.02,Crítico
63.42,79.46,86.78,4.3,65.81,95.79,Alerta
79.7,61.01,63.88,1.17,83.78,76.15,Alerta
90.8,53.22,45.02,1.8,79.89,56.03,Alerta
99.95,54.51,56.77,1.22,81.95,96.87,Normal
93.51,43.16,56.33,2.23,99.16,48.56,Normal
97.05,46.56,58.84,2.5,78.87,57.7,Normal
67.38,70.81,88.91,5.89,73.91,99.93,Alerta
105.62,59.65,55.42,1.7,99.23,45.08,Normal
101.35,62.35,69.43,1.11,91.28,53.49,Normal
44.1,61.84,105.55,8.4,34.47,21.06,Crítico
38.15,106.97,107.65,11.62,35.22,130.55,Crítico
106.49,41.62,64.23,1.65,88.94,57.23,Alerta
58.46,51.61,71.11,5.55,66.78,96.44,Alerta
36.59,96.4,119.12,6.25,55.5,104.33,Crítico
74.62,64.46,56.03,1.12,77.43,57.33,Normal
52.16,77.87,86.63,3.58,66.34,83.47,Normal
106.39,62.86,64.46,2.07,76.08,67.59,Normal
65.98,78.31,73.54,3.68,61.44,65.45,Crítico
91.6,53.18,58.86,1.51,93.14,71.28,Normal
41.76,109.52,99.51,8.32,55.38,36.54,Alerta
101.66,40.66,66.35,2.3,88.51,65.96,Normal
99.38,62.65,53.08,2.32,89.92,76.87,Alerta
103.02,54.74,58.72,1.68,85.04,62.24,Alerta
64.13,75.45,88.92,5.22,60.83,85.8,Alerta
84.23,62.44,49.15,3.93,83.42,77.22,Alerta
30.68,94.09,102.18,8.78,48.32,37.47,Crítico
99.9,60.81,50.72,5.5,94.09,43.18,Normal
105.96,73.08,84.9,3.14,63.32,88.76,Alerta
78.71,49.89,57.5,2.68,78.99,69.99,Normal
73.59,60.77,45.19,2.65,77.98,63.98,Normal
34.53,106.88,100.15,6.38,24.56,132.86,Crítico
99.01,49.7,47.71,2.2,87.77,50.44,Normal
48.95,80.95,109.77,9.12,20.4,65.59,Crítico
97.22,49.16,61.7,2.29,99.6,53.44,Normal
73.09,51.51,45.79,2.38,94.88,42.93,Alerta
67.41,79.22,50.93,3.93,68.85,97.28,Alerta
93.35,46.13,67.73,2.29,87.63,52.07,Normal
101.56,61.53,63.39,1.06,83.91,66.09,Normal
28.36,97.15,103.77,10.63,44.09,12.86,Crítico
68.07,77.88,72.96,2.99,74.47,88.31,Alerta
97.96,50.59,64.1,2.17,77.15,79.24,Normal
50.19,76.85,79.72,4.56,61.26,89.28,Alerta
29.03,78.87,106.47,7.55,34.38,128.75,Crítico
62.1,72.23,86.82,4.79,62.68,55.26,Alerta
33.58,105.18,79.9,7.26,48.06,136.77,Crítico
53.26,79.71,81.09,5.29,69.19,84.85,Alerta
39.88,89.92,116.48,11.49,40.38,23.33,Crítico
67.12,68.83,91.13,3.22,66.27,95.63,Alerta
95.9,61.13,54.39,1.87,79.97,65.83,Normal
66.57,70.45,80.47,5.28,70.26,97.9,Alerta
59.83,68.16,82.38,3.42,71.31,88.0,Alerta
46.1,104.2,97.96,9.26,31.86,127.52,Crítico
21.47,100.08,113.29,8.09,47.47,38.88,Crítico
87.22,60.26,61.59,2.58,87.2,73.47,Normal
73.03,50.67,46.88,1.37,83.63,44.56,Normal
78.43,61.15,53.06,1.62,97.51,60.64,Normal
61.37,76.05,94.03,4.97,62.8,66.18,Alerta
40.64,84.98,117.0,2.59,36.91,25.39,Crítico
72.68,44.06,57.52,1.32,81.49,70.3,Normal
71.63,63.62,64.66,2.5,83.72,57.85,Normal
68.04,75.57,74.86,3.24,66.88,97.97,Alerta
48.26,104.91,109.41,5.12,55.74,29.52,Crítico
56.71,72.77,93.28,5.1,62.44,82.77,Alerta
81.3,48.95,59.62,1.93,95.66,59.43,Alerta
77.87,46.58,54.61,1.64,77.24,85.57,Normal
102.15,62.86,53.68,3.84,96.18,72.93,Alerta
89.02,46.05,51.98,2.59,96.0,47.97,Normal
51.66,74.2,92.2,3.99,72.04,98.74,Alerta
59.36,67.53,72.76,2.97,60.86,94.13,Alerta
84.65,57.98,45.21,2.39,91.82,57.74,Normal
92.82,48.01,54.99,2.41,95.79,44.18,Normal
75.3,76.02,68.69,1.48,79.5,66.33,Normal
90.3,64.17,60.36,2.05,85.81,67.8,Normal
34.39,106.52,107.71,1.98,51.12,103.73,Crítico
32.0,107.84,103.86,9.41,44.19,128.0,Crítico
97.87,52.61,62.7,1.58,82.51,84.35,Alerta
68.92,77.6,81.6,5.58,69.61,97.96,Alerta
58.71,67.23,89.18,5.89,64.1,82.87,Alerta
25.99,82.19,108.68,9.42,29.82,113.39,Crítico
92.31,52.54,47.07,1.09,75.39,70.41,Normal
107.89,45.29,53.61,2.73,96.78,48.24,Normal
51.78,71.08,84.63,2.92,62.53,93.13,Alerta
41.02,89.84,88.26,10.94,25.44,35.2,Crítico
89.35,60.38,58.1,1.13,87.08,72.75,Alerta
65.86,74.67,89.68,4.2,65.97,95.49,Alerta
33.91,80.26,101.72,9.7,46.56,115.96,Crítico
51.82,76.87,83.04,4.75,68.43,88.83,Alerta
57.79,69.37,74.97,4.58,61.25,93.51,Alerta
108.86,53.62,64.1,2.12,95.61,43.31,Alerta
27.21,95.59,96.08,8.17,36.16,138.82,Crítico
58.7,72.84,83.53,2.95,73.72,93.87,Alerta
107.28,64.25,59.6,1.98,82.25,42.27,Normal
50.8,73.51,77.52,3.19,62.44,89.2,Alerta
64.43,79.8,87.56,4.8,71.92,87.48,Alerta
70.76,47.13,56.7,2.33,83.69,50.58,Normal
97.91,56.44,61.15,1.44,90.62,49.34,Normal
58.79,67.48,71.77,5.03,71.39,86.25,Alerta
56.22,66.6,74.87,3.64,66.49,95.83,Alerta
20.42,96.7,116.92,3.99,43.51,13.44,Crítico
62.85,45.9,76.99,3.64,67.93,89.52,Alerta
49.51,98.13,101.28,7.27,43.59,23.8,Crítico
61.52,71.35,72.01,3.75,64.01,61.77,Alerta
52.76,52.52,87.16,3.49,67.89,87.94,Alerta
108.52,54.84,63.1,2.54,78.85,65.32,Normal
35.68,92.51,102.25,8.14,45.04,36.43,Crítico
45.42,105.7,102.7,11.03,30.32,29.19,Crítico
70.36,62.65,55.67,2.53,74.23,67.04,Normal
69.03,80.37,100.72,6.12,53.05,113.92,Crítico
28.51,95.65,106.48,11.7,27.02,38.23,Crítico
57.73,78.97,79.05,3.51,67.79,90.13,Alerta
107.05,48.86,48.67,2.47,78.99,72.07,Alerta
60.39,70.84,93.4,4.51,67.78,90.46,Alerta
100.96,46.41,75.73,2.37,96.23,56.23,Normal
79.58,50.85,69.8,2.72,79.4,49.82,Normal
56.76,68.46,88.95,5.99,61.05,87.28,Normal
80.07,49.09,67.92,1.46,79.23,40.88,Normal
97.98,46.21,50.22,2.6,90.85,45.29,Normal
54.38,77.83,92.12,5.83,61.5,98.73,Alerta
89.42,46.35,68.27,1.29,97.24,64.39,Normal
64.5,73.42,85.62,5.28,60.67,72.63,Alerta
39.61,94.64,101.27,7.82,91.61,127.38,Crítico
76.34,58.58,68.58,1.54,89.06,70.49,Alerta
44.54,95.91,112.18,10.97,51.4,30.08,Crítico
73.5,75.2,84.07,3.29,66.72,93.35,Alerta
102.96,53.87,45.85,1.11,97.23,40.34,Normal
88.57,52.71,57.82,1.52,91.18,81.07,Normal
31.51,83.65,99.31,8.98,41.3,11.53,Crítico
82.47,46.02,47.67,1.27,97.8,66.35,Alerta
100.47,48.42,53.4,2.66,96.74,49.42,Normal
99.56,58.6,59.0,1.62,78.64,47.14,Normal
37.42,102.03,119.59,7.28,25.29,87.86,Crítico
88.62,49.19,55.7,2.25,97.34,68.0,Normal
79.35,63.41,45.83,1.36,82.82,51.9,Normal
66.21,75.62,88.7,3.15,73.61,81.2,Normal
49.67,92.97,115.0,11.03,23.13,33.56,Crítico
55.67,71.23,72.53,4.86,61.77,83.96,Normal
96.77,59.75,64.4,1.77,90.36,43.21,Normal
52.45,76.75,85.91,4.75,61.47,87.06,Alerta
31.9,99.12,68.15,6.11,31.54,32.28,Crítico
86.06,62.52,46.39,1.94,76.48,40.7,Normal
63.18,75.28,89.83,3.19,65.72,81.31,Alerta
68.1,68.08,86.25,5.19,62.13,95.67,Alerta
70.58,46.98,50.78,1.38,76.44,52.77,Normal
71.49,44.61,45.18,2.5,90.04,49.48,Normal
93.84,45.38,68.32,1.04,92.74,42.99,Normal
90.0,79.34,93.01,3.51,71.2,99.68,Alerta
63.99,69.27,84.39,1.37,62.94,95.51,Alerta
52.3,59.23,56.44,2.42,96.17,41.01,Alerta
98.1,51.74,54.95,2.11,83.85,46.82,Normal
100.07,50.94,62.48,1.73,95.91,51.5,Normal
67.05,70.27,86.84,3.07,64.61,99.67,Alerta
73.08,47.93,63.12,2.13,97.3,48.17,Normal
42.04,100.73,106.88,11.0,53.31,21.13,Crítico
97.84,51.32,58.3,2.51,75.09,47.44,Normal
68.73,75.83,82.33,4.52,70.48,99.44,Alerta
43.64,106.01,114.44,6.15,86.46,112.37,Crítico
109.17,52.63,53.11,1.34,83.49,77.48,Normal
107.13,50.91,69.17,1.34,81.07,49.7,Normal
104.05,57.43,46.01,1.35,95.6,52.94,Normal
78.98,49.41,50.24,5.12,75.39,77.07,Normal
72.82,45.0,47.53,1.13,98.37,60.16,Normal
63.65,60.59,55.22,2.65,76.17,58.9,Normal
108.78,44.94,65.25,2.57,76.09,61.43,Alerta
96.26,43.91,47.5,1.24,99.37,55.71,Normal
56.05,52.24,72.84,5.22,66.87,93.59,Alerta
78.63,61.31,55.78,1.96,97.92,78.36,Normal
65.99,74.77,82.16,4.8,60.79,86.23,Alerta
105.01,49.2,55.95,1.61,82.26,54.63,Normal
95.76,55.7,59.63,2.17,76.74,79.1,Normal
97.42,50.01,53.21,1.09,81.19,48.97,Normal
30.18,85.16,101.51,3.0,50.28,22.23,Crítico
50.0,79.79,94.98,4.32,63.83,93.7,Normal
64.58,72.97,89.95,5.74,60.83,91.17,Alerta
42.79,81.46,108.23,10.18,34.85,63.61,Alerta
101.92,45.92,63.57,1.56,92.97,73.36,Normal
65.63,78.21,87.38,4.74,69.18,44.58,Alerta
108.54,51.42,69.6,2.44,95.2,49.22,Normal
50.93,75.05,78.32,4.26,61.92,83.29,Normal
71.23,47.16,55.09,1.69,88.32,74.24,Alerta
58.6,68.01,75.19,3.56,70.03,95.41,Normal
75.63,58.01,47.78,2.34,84.29,77.53,Normal
88.07,50.51,63.86,1.54,96.58,68.02,Normal
90.38,48.43,49.81,1.06,91.12,58.12,Alerta
49.29,82.41,108.99,10.85,36.23,39.34,Crítico
56.82,76.05,71.03,3.62,66.08,94.63,Alerta
103.69,40.2,58.17,2.07,75.14,58.23,Normal
76.4,44.91,69.45,2.66,97.02,46.4,Normal
98.18,42.52,61.12,2.21,83.08,40.41,Normal
68.19,72.61,72.59,4.69,72.2,44.05,Alerta
103.92,45.93,57.49,2.26,82.03,42.23,Normal
36.94,107.37,103.97,7.39,46.63,39.83,Crítico
56.2,75.63,80.48,4.5,61.64,94.53,Alerta
23.76,86.48,113.77,10.63,38.78,107.06,Crítico
100.14,55.51,61.93,1.56,78.68,68.33,Normal
52.54,73.17,88.93,5.62,66.2,87.35,Alerta
44.47,81.75,93.74,7.66,46.92,28.14,Crítico
54.87,69.27,75.01,4.7,72.73,93.31,Alerta
94.21,62.03,45.26,2.37,85.11,62.57,Normal
56.04,78.67,73.48,5.63,87.81,91.16,Alerta
86.61,48.65,67.86,2.76,91.55,59.29,Normal
72.8,48.76,56.5,1.79,79.81,79.39,Normal
107.48,60.77,60.22,1.92,77.18,46.76,Normal
84.15,63.4,68.38,5.07,75.52,64.47,Normal
96.75,45.29,63.29,2.37,65.37,51.5,Normal
77.08,46.77,64.35,2.33,88.05,54.3,Normal
84.31,62.01,69.33,1.08,95.35,69.0,Normal
95.97,46.04,58.13,2.47,78.21,47.14,Normal
64.46,66.61,92.52,5.45,62.55,88.06,Alerta
64.81,77.89,72.43,3.84,66.69,99.13,Alerta
81.53,53.92,46.24,2.14,91.7,59.24,Normal
26.49,80.79,105.72,11.51,36.5,121.06,Alerta
76.26,43.57,62.64,2.36,78.21,44.14,Alerta
105.15,44.2,61.77,1.19,92.17,43.81,Alerta
67.56,66.27,73.42,3.99,73.21,84.36,Alerta
90.79,57.34,60.3,1.31,95.95,69.59,Normal
62.29,78.54,90.99,3.04,65.19,97.08,Alerta
89.17,42.0,67.11,2.29,78.25,69.15,Normal
68.95,67.98,79.29,5.29,67.23,74.14,Alerta
103.8,54.41,49.46,2.52,89.54,72.0,Normal
82.77,57.19,64.84,2.35,80.59,41.33,Normal
94.02,54.31,66.46,2.36,85.5,79.55,Normal
79.94,60.6,46.13,2.11,86.25,58.0,Normal
108.31,53.52,46.25,2.63,85.51,43.78,Normal
52.34,72.72,93.37,4.46,65.27,95.87,Alerta
24.29,92.68,98.24,11.15,31.1,39.59,Crítico
53.4,68.79,82.67,5.96,66.04,82.72,Alerta
56.81,78.91,80.58,4.92,70.67,93.43,Alerta
61.47,79.46,93.53,4.73,73.21,83.9,Alerta
31.81,100.33,98.91,7.65,31.41,15.76,Alerta
72.18,79.59,86.98,3.16,73.75,83.12,Alerta
77.98,90.9,118.38,9.92,38.5,101.49,Crítico
47.85,91.8,95.58,7.22,40.93,126.14,Crítico
104.72,46.16,50.82,2.8,91.72,78.25,Normal
91.36,44.93,48.63,2.45,63.28,42.35,Normal
29.86,95.0,110.57,9.18,21.9,10.03,Crítico
90.45,51.79,68.06,1.68,94.67,58.8,Normal
98.89,52.82,53.26,1.7,90.08,70.55,Normal
52.33,70.61,73.53,4.78,63.15,95.67,Alerta
86.14,48.47,66.71,2.67,75.18,42.99,Normal
106.25,40.8,52.43,2.64,88.06,66.0,Normal
50.23,68.95,87.24,4.84,73.98,81.95,Alerta
86.43,51.7,60.33,1.96,94.85,62.44,Alerta
30.75,99.79,96.2,2.11,59.51,24.2,Crítico
32.71,102.94,101.49,9.63,28.79,10.38,Alerta
40.78,81.55,96.31,11.24,28.22,25.59,Crítico
71.56,44.55,59.33,1.71,91.11,60.84,Normal
104.71,102.15,114.33,9.41,51.51,37.19,Alerta
105.69,55.33,64.3,1.39,97.25,77.59,Normal
87.35,43.18,59.81,4.11,84.68,53.31,Alerta
44.37,85.8,109.91,11.03,44.86,130.48,Alerta
42.16,92.89,96.75,10.16,54.38,105.23,Crítico
33.03,104.9,114.0,9.15,52.42,128.26,Crítico
53.38,79.8,87.44,5.08,60.67,95.43,Alerta
80.33,46.17,62.22,1.93,89.13,53.11,Normal
99.94,64.71,52.54,2.04,78.07,61.39,Normal
86.01,41.31,46.2,1.12,75.52,64.24,Normal
57.87,57.99,76.76,3.8,71.47,83.84,Alerta
84.18,49.44,58.97,2.03,84.98,60.77,Normal
83.37,61.68,48.22,1.06,95.41,49.99,Normal
54.98,68.54,80.55,4.5,61.27,82.86,Alerta
75.89,57.94,58.43,1.49,89.22,49.72,Normal
92.22,57.39,66.99,1.5,91.65,59.48,Normal
94.78,49.3,89.72,1.61,81.54,55.26,Normal
86.85,56.93,68.85,1.47,92.04,67.94,Normal
28.66,85.77,101.53,8.48,90.72,127.24,Crítico
26.34,100.01,97.2,10.01,48.57,121.09,Alerta
60.37,67.57,94.96,4.35,70.08,88.22,Normal
50.79,72.97,77.8,4.83,68.27,99.28,Alerta
86.18,55.44,58.5,2.6,85.84,69.89,Normal
57.95,72.69,81.92,5.92,63.54,99.79,Alerta
104.64,57.69,56.06,2.3,91.3,68.08,Normal
82.29,55.24,60.41,1.39,75.98,68.77,Normal
84.96,50.15,45.09,2.6,94.09,72.09,Alerta
75.2,41.81,68.53,2.38,77.17,43.17,Normal
56.09,70.69,74.32,1.25,63.46,83.84,Alerta
31.6,93.49,117.18,8.35,26.14,81.98,Crítico
89.5,64.15,59.87,2.67,92.42,76.38,Normal
76.75,45.02,58.66,1.26,77.83,77.85,Normal
54.79,77.06,76.93,3.68,64.31,93.95,Alerta
98.87,48.08,55.21,1.48,81.14,69.58,Normal
63.46,70.43,90.93,4.33,60.59,83.88,Alerta
21.38,107.59,98.5,7.14,45.15,114.08,Crítico
105.12,60.19,48.61,1.56,90.12,45.0,Normal
91.11,40.25,62.85,1.92,85.96,57.0,Normal
28.8,108.61,99.94,8.62,33.64,119.79,Crítico
40.49,81.25,108.9,9.7,43.01,29.03,Crítico
59.05,71.13,76.7,4.29,63.4,87.58,Alerta
51.92,75.08,73.49,5.31,97.72,96.24,Alerta
74.99,61.79,51.8,2.24,91.94,70.09,Normal
60.36,70.03,81.12,5.58,68.37,51.16,Alerta
108.63,42.1,56.84,2.25,81.4,47.11,Normal
77.5,56.73,47.56,2.44,91.01,58.69,Normal
58.35,71.08,88.83,3.45,66.5,89.09,Alerta
52.42,68.26,86.67,3.86,60.56,87.04,Alerta
46.46,92.18,98.72,9.38,36.89,30.86,Crítico
56.89,47.64,50.42,2.68,90.46,69.52,Normal
93.71,59.14,69.79,1.83,81.97,56.39,Normal
75.57,68.31,48.74,1.95,89.72,71.55,Normal
94.83,49.34,52.4,1.84,99.1,66.3,Normal
23.66,48.18,116.83,7.56,27.91,14.49,Crítico
79.5,60.76,68.04,1.1,82.36,73.0,Normal
53.69,71.0,87.83,3.06,62.45,88.81,Alerta
64.84,74.73,75.39,4.02,68.27,88.89,Alerta
25.26,94.48,117.59,10.76,45.79,103.81,Crítico
70.21,44.99,59.57,1.28,80.39,46.8,Normal
75.29,52.92,55.39,1.15,95.65,45.26,Normal
86.76,66.36,55.22,1.59,86.22,69.47,Normal
96.75,72.7,94.93,4.67,66.4,81.29,Alerta
97.21,47.92,49.57,2.27,95.9,63.09,Normal
101.21,53.39,68.96,2.32,93.22,74.47,Normal
56.08,67.03,83.93,3.33,61.67,86.12,Alerta
109.09,75.84,91.66,3.62,73.84,92.52,Alerta
90.86,41.18,47.84,2.09,77.13,64.2,Alerta
99.34,42.83,55.95,2.32,82.31,40.55,Normal
97.9,50.45,62.57,1.88,83.53,65.11,Normal
109.6,46.64,59.73,1.78,95.76,61.5,Normal
85.85,63.72,64.51,2.71,82.63,41.19,Normal
51.79,75.54,78.57,4.44,90.21,97.14,Alerta
54.81,69.25,76.35,5.38,64.34,93.48,Alerta
42.84,91.53,66.55,6.13,32.26,13.25,Crítico
80.38,45.51,66.05,1.37,85.84,60.0,Normal
66.86,76.53,72.78,3.94,71.67,95.94,Alerta
74.24,62.68,61.34,1.68,89.82,53.04,Normal
35.13,84.54,101.7,7.41,29.26,116.63,Alerta
105.87,49.0,66.49,1.21,77.14,72.26,Normal
64.98,73.48,94.15,4.52,97.21,85.82,Alerta
73.39,51.51,62.34,2.55,79.79,58.86,Normal
63.41,68.41,88.93,5.42,62.32,86.67,Alerta
89.14,52.2,55.5,4.65,81.63,57.03,Normal
63.25,71.83,72.28,5.91,69.51,82.59,Normal
70.82,61.28,67.15,1.12,85.36,76.2,Normal
102.84,64.34,55.14,1.69,92.52,64.61,Alerta
39.13,88.92,105.13,10.76,25.8,18.58,Crítico
81.26,41.69,69.43,2.74,77.14,71.09,Normal
85.98,43.58,69.89,1.85,92.16,70.15,Normal
92.45,42.95,66.18,3.52,85.24,48.33,Normal
32.6,81.52,97.58,8.81,20.54,121.81,Crítico
79.35,54.42,61.38,1.9,97.69,75.87,Normal
54.56,76.9,75.67,3.7,71.57,92.83,Alerta
85.28,47.15,49.86,2.27,92.86,68.22,Normal
106.38,43.27,68.51,1.88,95.79,40.45,Normal
75.94,44.94,55.37,1.98,99.58,67.65,Normal
102.9,62.19,52.91,2.26,87.96,71.17,Alerta
60.9,72.54,78.44,3.35,66.41,94.14,Alerta
68.69,71.54,89.86,5.99,69.3,97.36,Alerta
59.41,73.93,92.05,5.02,69.3,94.89,Alerta
90.28,45.25,58.34,1.57,90.31,42.77,Normal
55.61,57.91,89.19,5.02,70.49,84.95,Alerta
103.84,54.77,55.71,2.01,86.4,59.18,Normal
82.99,62.64,60.85,1.39,99.45,43.67,Normal
59.25,78.07,74.16,4.0,65.07,89.45,Alerta
90.33,44.78,55.67,1.78,94.76,68.69,Normal
102.11,53.42,45.09,1.64,85.51,51.53,Normal
90.06,86.69,111.98,8.5,52.34,127.97,Crítico
42.7,81.75,104.17,7.39,45.53,139.33,Crítico
70.77,59.2,68.03,2.74,97.54,41.73,Normal
36.35,85.28,112.12,8.41,22.42,28.71,Alerta
97.89,63.92,69.76,1.84,81.13,64.26,Normal
90.72,48.65,59.95,2.03,95.44,56.52,Normal
97.77,45.26,57.12,2.37,96.64,98.61,Normal
86.8,51.21,67.17,1.69,94.95,57.0,Normal
103.35,55.55,55.21,1.77,80.34,54.6,Normal
67.85,66.04,78.82,3.76,65.88,86.06,Normal
50.56,72.63,89.46,4.7,60.48,85.72,Alerta
70.9,49.89,55.84,2.2,98.54,63.87,Normal
89.07,45.98,69.66,1.97,76.98,75.75,Normal
85.09,62.25,55.44,1.92,91.44,48.7,Normal
107.63,60.57,47.1,1.96,94.48,51.87,Normal
56.3,74.16,93.47,3.1,96.46,86.31,Alerta
80.9,70.78,93.06,3.26,71.96,88.23,Alerta
73.51,54.83,53.18,1.39,61.11,59.78,Normal
55.6,77.38,89.79,3.51,64.84,94.9,Alerta
22.81,89.71,102.98,9.11,45.02,134.31,Crítico
92.9,46.2,62.37,2.78,89.65,78.61,Alerta
109.47,49.11,60.11,1.96,92.84,78.12,Normal
105.81,47.59,68.61,2.3,80.54,76.61,Normal
41.28,88.13,108.78,7.89,52.39,37.22,Crítico
103.52,46.38,77.2,1.58,93.27,72.66,Normal
25.86,90.22,83.39,8.12,45.81,105.04,Alerta
77.83,58.4,57.2,2.2,91.6,75.21,Normal
60.29,71.65,73.67,5.56,73.07,89.93,Alerta
92.57,55.4,49.79,1.73,87.81,49.14,Normal
51.5,67.07,73.11,5.59,66.52,92.85,Alerta
74.1,43.52,52.75,1.55,96.52,76.35,Normal
53.39,68.02,75.18,4.66,76.71,85.32,Normal
53.38,74.2,91.97,5.75,65.87,97.91,Alerta
68.88,66.93,74.52,5.48,61.86,98.92,Alerta
64.41,47.37,49.61,1.54,97.04,69.04,Normal
105.58,61.53,58.45,1.29,98.44,47.06,Alerta
56.67,79.74,80.2,3.65,69.26,87.54,Alerta
107.06,60.51,55.82,2.69,96.98,57.8,Normal
96.91,58.01,69.36,2.16,88.08,69.84,Normal
54.09,75.06,72.02,5.74,70.71,98.71,Alerta
25.4,99.68,99.69,8.66,45.68,37.36,Crítico
97.1,48.42,64.74,1.2,80.58,66.48,Normal
104.61,46.83,68.51,2.12,77.09,48.64,Normal
83.57,46.21,57.0,1.58,84.63,41.4,Normal
75.2,64.52,50.37,2.74,83.55,44.46,Normal
64.55,68.14,77.98,3.8,62.87,81.85,Alerta
59.37,71.93,87.95,5.94,63.74,95.61,Alerta
38.27,74.41,98.41,8.67,31.52,39.0,Alerta
68.05,72.34,79.81,3.6,64.6,99.31,Alerta
56.56,75.61,85.01,2.92,66.42,98.74,Alerta
63.15,78.29,93.5,3.02,70.43,91.62,Alerta
104.02,63.83,67.78,1.74,85.97,65.02,Alerta
106.43,57.37,55.58,1.57,75.86,76.08,Normal
73.27,56.19,53.9,5.25,93.99,66.94,Normal
43.6,80.15,113.0,11.18,27.09,128.17,Crítico
45.88,109.55,110.44,10.21,94.47,134.38,Crítico
55.3,66.79,89.6,4.23,61.41,87.15,Alerta
77.52,40.09,67.39,1.65,76.04,71.13,Normal
65.51,73.08,90.18,5.58,72.65,92.04,Alerta
73.55,56.39,67.78,2.44,92.23,50.41,Normal
101.5,60.8,68.58,1.85,96.24,40.86,Alerta
68.12,87.75,100.83,6.79,32.0,36.96,Crítico
101.06,54.58,58.63,2.46,96.55,78.48,Normal
84.0,58.14,62.99,1.98,86.67,66.18,Normal
38.15,74.89,102.95,8.53,51.45,101.54,Crítico
53.91,66.25,73.51,4.32,76.43,95.74,Normal
62.02,66.32,83.26,5.09,64.22,78.3,Alerta
89.75,50.95,54.57,1.88,89.42,48.32,Normal
106.78,48.67,52.93,2.56,79.01,64.03,Alerta
42.92,81.43,112.89,7.19,33.62,53.45,Crítico
52.36,69.87,93.01,3.61,61.08,89.28,Alerta
72.75,50.61,64.03,2.78,93.52,58.29,Normal
88.25,85.4,116.47,8.59,46.37,29.7,Alerta
80.62,59.05,64.93,1.03,84.16,96.26,Normal
93.14,46.81,64.92,1.1,97.39,48.82,Normal
21.65,108.77,113.22,10.24,25.83,67.17,Crítico
101.56,50.07,62.87,1.86,81.18,86.19,Normal
66.45,76.3,76.05,4.6,73.99,84.8,Alerta
68.68,77.52,94.21,5.42,66.3,96.13,Alerta
25.47,107.3,116.17,10.11,82.68,10.19,Crítico
76.52,46.14,58.31,2.05,92.44,43.9,Normal
78.91,56.69,69.51,2.28,94.53,40.33,Normal
101.33,56.13,49.67,1.37,99.59,82.23,Normal
72.05,41.25,64.01,1.6,76.12,65.15,Normal
24.4,87.76,117.11,1.17,25.93,113.57,Crítico
23.45,48.62,96.2,7.79,25.1,24.78,Crítico
93.73,42.94,65.79,1.35,95.45,59.66,Normal
98.58,44.1,63.89,2.04,90.93,55.79,Normal
78.05,49.59,83.37,2.1,75.55,47.52,Normal
23.81,88.9,105.4,7.13,51.54,27.65,Crítico
51.45,73.2,79.05,4.94,65.31,95.27,Alerta
100.96,48.6,68.4,2.16,84.91,41.08,Normal
77.78,53.15,69.96,1.92,92.41,51.83,Normal
100.01,61.45,51.51,2.24,81.04,72.44,Normal
75.9,47.57,49.39,1.23,84.96,74.5,Normal
67.52,78.04,87.34,4.75,84.1,98.19,Alerta
36.05,108.61,112.21,11.73,43.26,36.54,Crítico
65.6,68.4,80.57,2.17,64.34,85.12,Alerta
102.81,48.81,51.72,1.14,90.79,79.91,Normal
39.61,93.62,119.57,7.05,50.6,96.05,Crítico
74.53,50.4,59.9,1.42,95.37,75.43,Normal
57.84,79.01,78.61,4.15,64.75,82.57,Alerta
96.09,40.59,62.68,1.65,98.34,40.54,Normal
84.22,54.15,69.49,2.31,76.88,51.83,Normal
92.68,56.45,46.46,1.62,75.62,74.85,Alerta
61.22,69.21,66.41,3.11,62.14,87.72,Alerta
63.13,79.16,84.48,5.58,70.45,81.38,Alerta
84.58,56.74,46.09,1.53,91.25,62.35,Normal
97.12,42.71,50.4,2.61,78.53,70.36,Normal
80.39,41.85,94.71,1.2,86.02,79.33,Normal
58.41,79.07,79.8,4.42,65.05,86.14,Alerta
87.87,44.66,58.97,2.56,78.14,55.46,Normal
55.34,67.88,91.29,4.7,64.46,98.65,Crítico
26.02,91.78,100.41,7.1,50.09,11.3,Crítico
81.56,61.91,55.44,1.85,91.44,76.27,Normal
102.92,55.21,49.56,1.78,81.32,53.68,Normal
73.2,49.04,47.7,2.13,88.81,44.73,Normal
33.02,100.03,97.03,11.95,25.08,93.3,Crítico
67.99,67.83,53.68,4.7,64.56,94.88,Alerta
63.41,76.81,82.16,5.96,73.98,97.88,Alerta
77.38,42.55,53.94,4.83,87.46,73.35,Normal
109.04,58.77,51.47,1.2,74.95,78.9,Normal
85.22,63.68,61.99,2.42,82.27,67.96,Alerta
65.2,71.97,79.66,3.35,65.3,98.68,Alerta
32.55,106.67,97.57,8.29,52.92,33.39,Crítico
103.15,42.64,46.01,2.66,84.66,61.45,Normal
54.3,75.16,93.87,3.29,66.77,93.18,Alerta
76.57,102.64,101.02,9.28,39.87,137.74,Crítico
48.64,96.14,104.98,4.11,31.8,114.49,Crítico
90.11,64.79,58.17,2.2,98.92,53.96,Normal
73.75,44.2,69.13,2.79,90.55,52.3,Normal
88.17,46.31,53.86,2.19,90.19,78.52,Normal
84.76,61.09,61.34,1.58,75.73,45.86,Alerta
39.23,83.2,99.39,11.68,52.86,110.5,Crítico
55.32,71.03,85.88,4.88,61.09,85.65,Alerta
101.28,43.61,56.56,2.35,84.81,51.8,Alerta
51.13,76.31,88.86,4.81,73.33,98.96,Alerta
88.65,54.69,58.94,2.54,97.54,43.66,Normal
55.45,77.05,93.99,3.46,61.33,85.36,Alerta
102.29,106.95,105.15,10.68,20.48,111.81,Crítico
82.45,53.87,69.29,2.35,84.86,41.73,Normal
43.57,98.25,98.76,9.22,65.59,106.27,Crítico
76.52,53.46,65.53,2.65,90.05,73.11,Normal
91.34,49.96,62.04,1.62,85.77,40.21,Normal
29.47,98.87,101.27,6.16,24.44,80.79,Crítico
56.35,55.97,84.66,5.43,65.67,90.41,Alerta
53.72,74.82,72.79,4.24,65.28,97.05,Alerta
77.08,49.21,51.86,1.03,82.38,55.61,Normal
108.56,56.27,59.33,1.84,87.62,52.74,Normal
42.1,86.9,116.54,7.82,20.35,133.14,Crítico
55.62,74.76,89.08,5.3,68.06,86.95,Alerta
68.94,74.85,92.79,5.65,73.84,57.24,Alerta
82.39,51.38,66.69,2.31,96.6,40.21,Normal
52.57,66.42,74.18,4.34,67.98,86.19,Alerta
105.19,57.27,56.71,1.26,82.72,71.43,Normal
43.83,89.11,112.46,8.7,48.43,75.71,Crítico
87.42,43.17,65.72,1.98,81.82,69.34,Normal
106.62,63.48,54.95,2.79,78.11,60.49,Normal
77.54,53.31,67.67,1.84,80.61,46.24,Normal
50.39,76.55,94.01,2.95,67.97,90.06,Alerta
91.83,54.7,57.58,1.94,77.2,42.47,Normal
23.85,90.28,104.64,7.66,53.16,30.63,Crítico
107.11,62.65,54.05,2.71,89.6,54.17,Normal
60.93,71.78,76.27,4.26,69.12,73.34,Alerta
41.01,87.67,103.01,3.41,40.92,137.56,Crítico
56.89,67.74,77.75,5.49,73.87,92.88,Alerta
96.9,50.2,52.88,1.49,90.99,75.88,Normal
107.26,62.73,67.65,1.72,77.04,65.34,Normal
78.04,60.2,64.01,1.89,95.72,75.04,Normal
55.79,75.72,76.04,3.68,66.67,99.88,Alerta
76.9,43.16,67.72,2.57,94.31,41.81,Alerta
81.5,57.33,59.48,2.28,92.22,63.21,Normal
100.35,48.65,49.47,1.54,89.39,56.83,Alerta
89.55,62.04,69.49,2.45,87.08,50.73,Normal
56.02,70.78,77.86,5.48,69.46,89.74,Alerta
42.17,98.53,114.53,3.27,55.79,135.99,Crítico
21.23,62.99,111.8,11.37,23.79,108.49,Crítico
87.16,59.6,59.82,2.69,79.38,44.71,Normal
99.86,58.56,52.88,1.18,87.61,70.23,Normal
94.96,56.99,54.99,2.79,91.42,54.66,Normal
59.78,76.3,56.54,5.44,66.42,83.13,Alerta
25.97,97.81,115.1,7.87,20.96,13.87,Crítico
67.01,55.98,64.97,2.35,81.71,58.53,Normal
99.32,50.29,65.07,2.03,84.18,89.12,Normal
96.47,53.02,55.84,1.68,77.41,78.18,Normal
85.35,75.11,47.64,2.78,98.78,45.76,Alerta
59.71,67.48,94.2,3.3,72.17,94.81,Alerta
91.78,55.56,58.94,1.07,77.18,44.1,Normal
102.7,51.17,56.85,2.68,95.44,72.93,Normal
58.26,68.3,46.98,4.33,65.63,93.4,Alerta
67.93,75.65,72.02,4.23,73.12,67.92,Alerta
68.72,78.61,71.15,4.29,62.88,92.14,Crítico
63.69,52.6,62.94,2.28,86.28,64.93,Normal
100.99,59.99,47.87,2.74,77.59,78.3,Normal
67.65,69.04,62.44,3.84,69.36,93.16,Alerta
96.17,52.93,69.89,2.17,98.18,77.3,Normal
92.21,50.46,64.35,1.09,75.6,57.3,Normal
103.14,42.98,61.33,1.71,89.68,92.11,Normal
45.2,93.86,113.84,11.91,43.44,28.02,Crítico
70.77,45.5,48.89,1.93,86.33,60.34,Alerta
71.47,45.09,67.03,1.77,77.36,59.93,Normal
78.4,61.29,60.65,1.28,76.02,61.69,Alerta
78.11,45.35,57.1,2.23,98.73,51.37,Normal
41.5,84.83,103.5,7.0,26.67,10.01,Crítico
52.01,45.68,84.91,5.41,66.24,98.06,Alerta
53.19,75.92,81.19,3.57,63.86,83.12,Alerta
65.29,79.24,86.2,5.83,63.29,95.38,Alerta
108.46,45.69,59.03,1.43,81.66,77.03,Normal
58.83,78.75,76.01,3.68,68.52,88.52,Alerta
30.37,87.16,117.39,8.57,26.59,113.22,Crítico
108.85,63.33,62.47,2.4,82.63,97.11,Normal
63.77,75.44,88.9,2.6,67.21,91.92,Alerta
91.74,64.5,66.69,1.11,79.66,71.96,Normal
60.43,59.86,46.06,2.46,76.88,67.9,Normal
71.81,40.68,68.19,2.02,77.82,48.51,Normal
86.99,41.23,92.0,2.6,89.02,66.16,Normal
87.46,70.82,58.04,2.43,77.7,57.55,Alerta
75.05,51.46,63.83,2.75,85.23,60.95,Normal
55.99,76.41,82.25,5.97,60.92,89.74,Normal
59.88,66.38,73.54,4.19,72.56,83.05,Alerta
76.63,60.08,68.11,1.02,99.4,72.83,Normal
73.76,40.53,58.63,1.46,76.73,43.67,Normal
53.86,75.27,82.85,3.48,62.91,92.69,Alerta
32.36,108.2,109.08,8.0,84.31,129.31,Crítico
95.67,45.69,50.02,2.39,91.56,52.99,Normal
65.3,70.15,73.83,5.89,67.44,97.51,Crítico
75.95,52.41,48.47,1.27,75.92,65.04,Normal
95.96,53.74,58.82,1.87,87.87,77.5,Normal
51.97,78.44,75.04,3.62,60.65,90.9,Alerta
99.76,44.37,50.67,1.12,93.8,57.75,Normal
68.03,69.11,89.02,4.68,70.31,87.83,Alerta
91.35,44.99,53.03,1.33,83.88,68.55,Normal
87.29,44.76,64.12,1.58,96.28,57.35,Normal
26.64,95.88,117.31,2.46,43.27,31.52,Crítico
57.67,76.91,81.86,5.2,63.88,55.36,Alerta
70.95,63.0,61.18,2.32,86.76,76.56,Normal
45.59,83.01,105.09,9.67,46.43,114.4,Crítico
63.34,72.78,79.73,5.19,71.12,84.64,Alerta
70.43,47.72,53.88,1.18,95.9,64.79,Normal
90.47,41.89,68.11,1.3,98.24,55.46,Normal
80.19,56.41,61.55,2.06,88.28,47.65,Normal
99.03,51.6,51.84,1.34,81.28,48.18,Normal
61.01,62.34,55.52,2.59,82.35,71.07,Normal
50.83,70.47,84.28,4.45,69.15,83.34,Alerta
67.53,73.72,89.45,4.3,61.16,84.15,Crítico
41.34,108.67,117.9,7.73,29.12,31.84,Crítico
53.25,72.87,72.89,3.02,70.4,93.62,Alerta
57.91,77.99,89.67,4.11,68.35,85.52,Alerta
61.35,76.34,81.95,5.31,63.57,86.53,Alerta
59.81,78.48,71.62,4.33,63.38,85.43,Crítico
73.48,63.76,63.67,2.09,97.88,43.06,Normal
103.46,63.62,61.95,1.81,99.75,75.35,Normal
52.91,76.86,91.63,4.13,60.51,87.62,Normal
74.63,42.81,48.23,1.05,79.32,67.53,Normal
93.83,64.21,52.18,2.7,81.38,43.65,Normal
88.7,70.25,80.76,4.48,65.44,99.09,Alerta
23.76,90.08,102.12,1.0,29.6,107.02,Crítico
44.02,90.06,109.95,10.7,55.14,23.54,Crítico
42.91,93.82,97.82,6.87,31.14,51.97,Crítico
88.86,60.18,68.5,1.18,85.89,46.39,Normal
44.84,87.74,104.08,9.94,35.42,114.1,Alerta
95.05,55.17,64.33,1.79,98.73,56.43,Normal
46.03,96.44,95.83,8.3,56.29,117.24,Crítico
51.48,69.57,85.95,5.24,73.58,93.26,Alerta
55.85,71.54,92.33,4.79,61.56,80.37,Alerta
107.18,47.54,60.37,2.59,93.59,75.78,Normal
93.97,60.09,63.82,1.24,96.73,40.14,Normal
107.84,49.45,57.6,2.79,81.79,43.96,Alerta
75.53,52.4,64.28,1.15,99.58,44.89,Normal
46.03,100.06,114.03,4.11,44.83,24.65,Crítico
69.99,104.8,119.45,8.39,41.92,12.22,Crítico
58.81,69.12,91.52,5.85,88.01,96.43,Alerta
96.08,48.16,47.97,2.54,81.02,50.09,Normal
35.38,94.61,114.26,6.16,33.29,129.32,Crítico
63.98,75.23,78.94,4.6,61.76,87.96,Alerta
69.2,60.09,57.82,1.08,91.03,56.33,Normal
81.2,64.97,45.72,2.61,97.47,58.96,Normal
65.88,78.58,82.77,3.57,63.89,99.98,Alerta
90.89,70.68,88.31,3.4,72.27,90.72,Crítico
76.38,52.16,54.68,4.28,93.52,77.97,Normal
71.84,64.16,49.16,1.95,95.03,59.46,Normal
77.21,93.66,108.17,10.55,37.25,15.18,Crítico
100.16,51.41,60.42,2.35,87.03,42.83,Normal
108.18,53.05,55.56,2.78,76.26,57.17,Alerta
57.24,43.8,84.42,3.18,64.58,83.4,Normal
89.7,50.27,56.84,1.83,94.22,57.01,Normal
59.51,69.96,89.02,4.93,65.23,96.82,Alerta
55.84,66.26,78.53,4.75,69.19,87.14,Alerta
62.99,69.29,80.39,3.73,73.08,74.59,Alerta
93.75,57.67,46.61,2.14,82.05,50.23,Normal
74.56,46.62,58.91,1.19,88.04,57.71,Normal
50.53,69.84,91.14,3.49,60.39,83.37,Alerta
61.8,77.4,86.64,3.69,64.76,89.01,Alerta
105.45,55.94,66.27,1.8,82.32,79.14,Normal
47.71,108.43,113.48,9.74,47.88,27.16,Crítico
78.63,41.03,67.63,1.44,91.57,46.0,Normal
106.07,41.86,52.29,1.58,98.71,72.91,Normal
95.94,64.14,54.04,2.05,90.23,72.85,Normal
29.29,109.39,109.33,9.66,40.69,109.79,Crítico
101.89,40.7,50.35,2.76,96.07,75.23,Normal
62.39,78.35,80.92,5.98,66.49,97.03,Alerta
80.83,45.92,60.55,1.06,89.08,59.43,Alerta
49.47,104.3,100.61,10.85,46.34,17.83,Crítico
88.21,64.37,55.96,2.08,96.92,66.76,Normal
76.23,64.89,55.69,2.75,94.31,55.93,Normal
99.26,40.24,58.82,1.54,80.24,67.14,Normal
52.99,75.98,91.8,5.46,60.83,96.53,Alerta
35.26,108.05,114.16,9.67,61.76,136.85,Crítico
50.01,75.4,86.29,3.2,60.32,98.6,Alerta
108.03,59.96,46.64,2.55,82.55,70.87,Normal
97.71,64.22,67.4,2.49,97.62,65.52,Normal
52.66,47.22,57.6,1.51,76.94,48.17,Normal
106.22,48.02,60.25,1.57,92.66,57.07,Normal
93.52,41.46,69.67,1.34,64.58,45.1,Normal
87.31,61.05,66.67,1.49,78.13,75.98,Normal
81.74,62.19,60.64,1.16,93.29,58.63,Normal
54.69,72.27,74.05,4.68,66.77,99.51,Alerta
28.2,97.22,108.73,6.24,54.21,14.51,Crítico
56.02,78.05,86.98,4.02,64.69,85.98,Alerta
58.43,72.87,85.08,3.09,84.46,82.54,Alerta
109.34,79.63,49.65,2.49,79.29,62.18,Normal
62.52,74.54,77.5,4.54,66.01,90.61,Alerta
34.57,61.88,109.55,11.85,28.8,121.55,Crítico
28.32,96.75,114.29,6.36,62.18,28.42,Crítico
101.95,63.86,61.35,2.36,75.52,95.54,Normal
97.56,59.18,57.27,1.91,88.31,45.22,Normal
64.86,71.94,78.68,3.92,73.36,88.23,Alerta
77.78,40.1,61.11,1.98,91.44,84.58,Normal
67.54,76.81,67.8,5.83,68.92,96.1,Alerta
57.7,75.59,74.84,4.91,86.77,90.63,Alerta
87.57,47.64,48.71,2.65,87.28,46.19,Normal
59.28,75.86,91.99,4.83,66.18,88.65,Normal
96.76,42.99,57.75,1.15,80.25,42.54,Normal
94.25,53.59,53.22,1.98,91.29,58.61,Normal
79.34,55.39,66.47,2.12,88.46,48.8,Alerta
58.92,69.62,75.95,3.86,72.63,84.32,Alerta
66.76,74.78,92.95,3.56,91.03,86.77,Alerta
68.42,72.31,87.65,4.42,72.69,86.97,Alerta
20.19,98.38,115.66,11.49,54.71,36.31,Crítico
43.75,100.25,119.57,7.67,47.5,24.57,Crítico
62.96,68.74,80.74,5.28,66.42,91.71,Alerta
20.21,82.21,111.44,11.01,54.87,34.01,Crítico
23.26,93.69,112.58,6.11,29.73,13.0,Crítico
94.54,63.98,50.78,1.4,93.18,75.23,Normal
63.13,70.81,91.02,5.47,61.34,91.76,Alerta
108.71,57.0,67.41,1.93,83.16,61.08,Normal
100.05,56.34,64.2,2.8,97.37,62.83,Normal
64.86,72.66,75.2,3.57,73.81,82.96,Normal
52.8,66.02,89.98,5.34,61.33,94.27,Alerta
105.98,57.29,59.49,2.4,99.57,62.38,Normal
100.41,44.22,58.88,1.14,88.79,54.02,Normal
81.27,45.96,64.42,1.36,95.54,74.13,Normal
20.53,103.77,114.01,9.87,44.26,12.83,Crítico
72.95,51.2,60.93,2.78,88.17,66.78,Normal
42.67,105.26,93.3,9.01,46.44,14.21,Crítico
66.26,76.02,73.46,4.24,89.91,91.98,Alerta
37.77,77.93,110.45,6.52,54.93,21.77,Crítico
105.44,53.89,47.36,1.21,88.35,63.59,Normal
86.13,42.49,78.99,1.17,84.4,47.88,Normal
78.4,62.48,46.83,1.42,96.49,42.12,Normal
85.68,43.26,67.79,2.3,95.46,72.78,Normal
82.53,50.95,60.76,1.2,81.65,51.32,Normal
52.7,68.04,88.96,4.64,66.67,85.01,Alerta
57.62,75.65,61.9,4.07,73.93,84.24,Alerta
96.71,68.0,66.09,1.2,84.5,78.88,Normal
102.69,46.74,68.79,1.44,90.27,51.67,Normal
39.96,81.29,99.62,11.53,45.78,15.91,Alerta
83.21,44.57,53.08,2.53,79.03,62.42,Normal
98.19,57.21,47.33,2.3,99.9,71.67,Normal
103.4,68.25,88.4,3.25,62.23,83.4,Alerta
36.4,82.85,115.22,11.34,32.82,113.19,Crítico
90.71,54.22,49.99,2.16,97.8,75.8,Normal
24.61,103.69,114.73,8.71,55.82,32.52,Crítico
29.11,108.74,98.11,7.78,23.28,31.17,Crítico
71.6,57.74,66.57,1.22,88.94,56.8,Normal
70.15,44.47,45.87,1.65,92.78,96.54,Normal
30.52,83.87,118.33,11.61,31.44,115.84,Crítico
50.46,46.31,67.4,2.76,75.36,48.07,Normal
91.63,48.92,46.83,1.97,93.55,59.98,Normal
105.51,46.04,65.97,1.12,76.05,42.22,Normal
99.82,48.81,59.23,1.43,80.21,75.3,Normal
35.63,94.55,116.22,11.2,59.46,102.27,Crítico
75.19,48.1,51.29,1.92,80.21,60.35,Normal
94.37,77.37,76.11,5.18,66.79,97.68,Alerta
76.87,56.74,61.86,2.19,97.62,79.42,Normal
98.75,40.23,67.28,1.74,82.2,66.97,Normal
41.5,80.32,102.42,5.09,27.54,120.51,Crítico
71.11,49.45,67.38,2.18,81.01,59.52,Normal
95.26,54.41,62.48,2.66,90.35,71.33,Normal
51.9,76.93,90.18,3.2,73.91,96.24,Alerta
101.98,56.77,63.8,2.32,87.52,52.41,Normal
83.82,50.1,64.45,2.57,83.65,66.14,Normal
42.85,80.17,102.55,8.05,96.19,38.36,Crítico
22.27,108.65,103.52,8.35,43.72,118.65,Crítico
80.26,46.71,57.03,1.98,78.01,55.52,Normal
43.54,108.38,105.45,9.82,31.34,114.7,Crítico
107.54,57.25,47.41,1.81,99.97,55.93,Normal
105.07,60.87,63.75,1.63,85.23,44.43,Normal
68.3,71.84,71.03,5.26,63.76,85.89,Alerta
86.73,63.19,56.47,2.4,91.43,53.65,Alerta
104.35,43.18,60.7,2.03,80.54,50.63,Normal
29.9,108.29,110.12,1.17,50.95,38.22,Alerta
81.88,42.19,59.42,1.88,87.07,69.65,Alerta
62.54,72.8,60.53,3.59,61.38,84.95,Alerta
62.24,69.08,90.74,3.05,71.97,88.54,Alerta
62.83,79.92,93.0,5.6,92.9,87.07,Alerta
72.66,61.04,52.85,2.19,87.15,49.64,Normal
84.25,99.28,107.75,6.75,35.7,14.13,Crítico
93.48,43.26,53.21,1.24,91.28,68.66,Alerta
38.08,101.41,107.42,9.28,43.1,31.73,Crítico
80.78,75.39,92.3,5.63,68.12,87.35,Alerta
102.88,47.75,60.3,1.95,75.38,50.31,Normal
22.01,106.06,111.31,9.1,32.89,24.29,Crítico
66.8,74.27,90.29,4.35,62.65,85.05,Alerta
76.41,44.35,61.88,1.51,78.65,94.94,Normal
37.02,99.52,100.16,9.12,25.65,102.78,Crítico
67.35,70.11,90.96,1.28,72.47,97.15,Alerta
76.16,63.59,61.39,1.29,88.38,68.47,Normal
50.44,75.51,89.93,3.26,72.78,82.9,Alerta
61.2,66.04,87.43,4.06,63.72,90.79,Alerta
72.61,43.17,68.1,2.05,94.08,68.66,Normal
71.83,57.3,83.23,2.79,95.22,45.95,Normal
96.77,46.93,54.76,1.57,97.61,59.78,Normal
32.91,82.44,104.94,8.7,55.61,117.79,Crítico
108.69,53.35,59.87,1.31,98.86,53.36,Normal
96.53,47.8,69.76,2.53,91.57,62.41,Normal
33.9,82.14,95.31,7.05,37.12,39.88,Alerta
66.14,76.91,76.71,5.28,67.0,84.97,Alerta
76.87,49.73,55.83,1.73,75.48,69.11,Alerta
65.24,74.31,71.41,5.56,60.48,86.48,Alerta
109.03,60.89,54.29,1.69,96.28,68.75,Normal
83.63,57.95,46.28,2.66,75.92,54.61,Normal
85.72,51.26,49.2,1.91,82.85,43.08,Normal
49.46,87.87,102.34,11.8,36.39,38.23,Alerta
34.23,108.52,110.1,10.04,35.63,117.68,Crítico
63.87,79.42,77.92,4.66,68.03,86.58,Alerta
31.04,80.83,100.25,11.83,56.87,133.56,Alerta
106.29,75.03,50.83,2.29,79.62,55.49,Normal
74.18,42.08,48.3,2.64,85.36,43.27,Normal
56.38,77.81,74.76,5.77,85.38,99.18,Alerta
83.4,46.22,65.87,2.1,85.14,67.61,Normal
76.48,59.27,65.43,1.26,95.52,77.97,Normal
53.51,69.62,87.59,3.72,71.19,82.08,Normal
82.29,60.88,53.31,2.22,96.27,76.26,Normal
102.82,61.09,48.58,2.44,94.26,42.99,Normal
77.92,56.67,57.56,1.93,76.38,74.15,Normal
106.39,55.79,64.91,1.15,87.96,52.93,Normal
71.81,53.95,58.17,1.43,97.82,60.51,Normal
94.23,45.42,46.79,2.21,81.13,76.73,Normal
65.69,70.46,90.38,3.22,67.18,91.14,Alerta
50.3,73.83,71.55,4.12,70.5,95.73,Alerta
55.44,78.96,85.33,4.62,64.56,85.24,Alerta
99.38,42.21,67.13,2.45,77.41,59.0,Normal
59.86,77.11,80.26,3.72,69.65,87.29,Alerta
67.15,78.26,48.52,4.08,70.92,93.64,Alerta
71.54,48.88,52.4,1.7,83.87,63.95,Normal
57.71,50.68,82.74,3.33,68.67,84.04,Alerta
103.84,60.35,64.47,2.61,86.39,56.52,Alerta
58.49,74.67,87.0,3.28,62.72,99.06,Alerta
74.48,54.49,66.88,1.55,84.18,49.22,Normal
84.46,62.13,50.11,1.2,93.82,75.56,Normal
76.83,54.6,59.0,2.4,89.7,67.83,Normal
65.58,68.83,79.02,3.52,61.03,84.45,Alerta
47.54,87.74,111.51,8.21,39.84,134.29,Crítico
59.99,40.02,60.71,1.32,86.57,72.84,Normal
97.13,45.28,58.45,1.13,94.36,73.64,Normal
106.7,46.18,61.42,1.21,99.67,47.98,Normal
84.76,46.71,57.51,1.47,68.51,41.68,Alerta
88.65,46.63,58.94,2.47,86.13,54.91,Alerta
56.56,72.51,80.94,4.01,61.01,92.41,Alerta
73.94,78.5,93.57,4.04,73.8,96.76,Alerta
67.0,79.5,84.23,4.58,68.09,86.57,Alerta
76.21,58.31,45.97,2.44,97.02,47.19,Normal
101.97,57.9,57.42,1.94,78.68,77.54,Normal
52.71,68.41,74.74,3.16,64.91,96.74,Alerta
88.76,54.14,50.01,2.38,79.93,44.0,Normal
35.89,104.18,98.91,7.9,42.71,105.78,Crítico
80.02,42.39,68.69,1.85,82.03,66.17,Alerta
88.75,64.3,57.14,1.25,94.22,40.54,Normal
40.95,105.32,107.22,11.33,37.6,114.35,Crítico
97.65,51.89,57.69,1.47,82.74,61.07,Normal
65.56,78.82,71.35,2.97,67.75,90.49,Alerta
41.6,107.83,102.77,9.39,56.29,125.35,Crítico
68.33,76.79,90.52,2.96,60.96,98.89,Alerta
40.59,92.7,109.27,6.45,41.15,136.87,Crítico
109.75,81.16,112.96,7.7,37.81,16.4,Crítico
50.38,75.8,84.86,4.77,73.91,96.09,Alerta
87.05,52.41,48.54,2.74,85.21,71.5,Normal
28.3,109.74,92.68,9.26,31.64,111.55,Crítico
89.28,63.71,47.03,2.29,96.37,75.11,Normal
82.16,59.28,55.34,1.55,93.54,71.22,Normal
108.02,40.23,58.0,1.53,83.16,72.13,Normal
51.9,79.08,73.01,4.08,67.16,82.42,Alerta
81.8,53.52,74.31,2.65,98.02,41.78,Normal
44.64,104.35,95.64,6.58,37.23,38.38,Alerta
60.34,71.76,88.66,5.95,64.17,84.95,Alerta
104.62,52.61,63.89,1.09,77.2,55.73,Normal
20.16,103.52,113.39,7.59,65.48,131.92,Alerta
81.08,46.08,66.86,2.26,99.46,45.05,Alerta
77.34,64.4,78.36,1.48,83.31,48.68,Normal
66.15,70.9,88.14,4.87,64.0,94.56,Crítico
103.79,51.25,57.03,2.3,85.33,79.72,Normal
80.7,43.94,60.03,2.35,78.63,41.72,Normal
100.5,46.32,59.69,2.14,98.28,43.59,Alerta
51.37,72.02,72.24,3.23,70.34,99.23,Alerta
51.45,68.7,93.69,5.65,71.26,94.43,Alerta
101.19,53.6,85.78,2.66,77.65,65.73,Normal
80.68,59.58,45.51,2.77,90.09,51.25,Normal
93.38,44.98,55.63,2.72,83.97,41.83,Normal
92.56,63.58,65.74,1.9,93.72,54.01,Normal
99.84,41.7,69.35,1.66,83.99,56.87,Normal
66.6,54.92,58.34,2.03,96.9,60.85,Normal
97.61,58.54,67.22,2.46,97.84,62.89,Alerta
94.56,48.66,49.36,1.13,93.86,73.01,Alerta
61.6,67.1,46.2,5.84,67.54,81.74,Normal
71.93,53.54,67.63,2.16,82.18,76.27,Normal
65.77,79.39,76.96,4.29,68.44,87.17,Alerta
59.99,79.96,81.05,4.46,62.95,91.55,Alerta
104.2,57.71,60.53,1.16,99.15,54.14,Normal
79.04,71.97,59.86,1.83,81.97,67.91,Normal
63.73,68.05,83.02,5.43,61.43,88.9,Normal
55.78,78.97,80.05,4.64,60.57,93.28,Alerta
99.5,49.04,66.3,1.46,89.72,59.09,Normal
80.47,70.78,74.24,3.08,62.2,84.34,Alerta
59.23,47.34,87.3,5.16,68.27,87.67,Normal
96.34,44.8,52.78,1.93,96.75,68.73,Normal
51.56,76.28,75.76,5.61,61.1,93.2,Normal
25.4,107.98,99.89,6.68,44.62,41.66,Alerta
34.21,105.65,101.95,7.97,31.64,104.53,Crítico
81.15,50.8,61.42,2.19,82.57,64.83,Normal
62.65,67.57,90.23,5.53,68.76,82.91,Alerta
76.7,53.44,53.58,1.56,77.4,44.64,Normal
94.47,56.67,49.43,1.49,83.19,43.03,Normal
98.88,44.32,69.73,1.88,85.98,71.42,Normal
59.61,66.2,88.25,4.75,67.02,84.46,Alerta
36.83,83.82,110.02,2.53,52.02,109.73,Crítico
106.26,46.99,70.85,2.1,89.33,59.47,Normal
51.61,73.93,92.75,2.96,66.07,96.63,Alerta
78.01,62.03,59.47,1.59,81.89,64.02,Normal
78.5,52.62,52.97,2.62,79.61,43.48,Normal
89.79,53.13,60.65,2.1,96.52,71.26,Normal
103.77,48.23,49.8,1.43,96.43,65.31,Alerta
92.73,51.86,63.13,2.69,96.56,77.82,Normal
56.07,69.06,92.34,2.69,64.07,92.04,Alerta
52.12,77.75,93.05,5.4,62.64,90.9,Alerta
83.41,53.19,69.23,1.33,98.58,40.13,Normal
92.59,40.5,65.35,1.04,97.05,76.58,Normal
95.49,43.68,63.2,1.9,98.63,41.62,Normal
62.13,68.04,94.56,4.15,69.93,86.74,Alerta
57.87,75.34,74.15,5.22,65.99,65.03,Alerta
109.93,60.48,65.81,2.76,89.56,49.32,Normal
70.77,56.98,45.14,2.52,82.29,72.27,Normal
107.31,64.27,60.34,1.74,78.35,59.09,Alerta
26.65,81.12,100.61,9.45,44.07,26.41,Crítico
32.72,80.53,118.74,6.3,58.15,44.51,Crítico
84.44,41.81,66.76,2.69,86.38,43.62,Normal
60.74,68.61,92.95,5.06,68.1,85.3,Alerta
76.57,60.54,54.1,2.37,98.78,59.83,Normal
62.39,75.24,88.57,5.73,70.08,81.46,Normal
53.92,74.87,91.31,5.01,68.96,93.25,Alerta
55.77,75.19,71.75,4.46,71.01,92.33,Alerta
72.5,47.2,59.82,1.74,84.17,71.91,Normal
81.98,59.68,52.57,5.76,97.93,70.34,Normal
90.42,42.82,57.91,1.98,69.29,76.92,Normal
54.15,71.25,85.11,5.89,65.95,83.56,Alerta
80.53,55.11,86.33,2.32,91.99,44.03,Normal
84.99,52.65,72.0,2.15,77.96,73.51,Normal
54.26,75.2,75.41,5.47,60.77,94.98,Alerta
66.57,77.36,82.06,4.57,70.82,92.09,Alerta
77.75,78.64,88.52,4.81,73.88,93.76,Crítico
108.61,58.91,50.79,2.08,90.34,50.58,Normal
92.96,46.61,51.83,2.15,90.51,68.82,Normal
35.05,90.64,101.43,5.69,24.46,35.4,Crítico
60.36,69.98,78.85,3.5,63.42,79.18,Crítico
96.4,63.53,57.37,2.21,80.86,61.04,Normal
104.92,61.81,59.78,1.85,94.72,59.65,Normal
105.94,82.1,116.41,11.3,36.88,132.69,Crítico
53.57,73.98,89.94,5.53,67.27,97.64,Alerta
74.12,46.1,59.05,2.12,93.42,60.54,Normal
56.59,68.43,92.98,4.59,63.6,86.0,Alerta
43.24,86.41,101.43,11.15,40.95,34.44,Crítico
35.56,107.32,101.36,11.1,35.16,115.93,Crítico
55.35,66.37,84.75,4.14,71.87,91.07,Alerta
42.43,100.8,95.72,10.59,53.41,133.04,Crítico
22.19,103.3,111.58,9.3,28.07,10.04,Alerta
33.03,83.58,102.63,8.1,57.72,39.02,Crítico
50.36,79.69,85.35,3.38,71.76,94.26,Alerta
101.86,51.6,58.84,1.61,94.72,41.68,Normal
91.53,49.35,47.29,1.55,97.32,47.42,Normal
62.11,79.9,74.45,4.48,62.81,92.65,Alerta
83.01,48.68,66.24,1.79,91.72,44.35,Normal
67.78,78.31,84.02,3.85,73.65,97.1,Alerta
91.48,53.62,55.84,2.8,76.84,69.62,Normal
73.08,45.86,45.81,1.77,89.18,72.99,Alerta
23.69,104.16,112.46,8.05,25.8,107.62,Crítico
96.35,51.67,65.92,2.27,87.8,48.78,Normal
105.9,61.44,61.27,2.58,83.19,78.09,Normal
64.81,73.07,93.35,3.68,64.69,95.05,Alerta
78.2,55.58,53.18,2.11,79.96,59.64,Alerta
81.91,46.61,61.85,1.11,92.58,58.96,Normal
92.51,79.1,83.97,3.46,62.77,88.0,Alerta
42.02,90.44,74.58,10.99,41.56,118.06,Crítico
44.33,85.43,117.08,8.74,24.69,37.36,Alerta
54.81,53.29,71.59,5.08,64.42,87.16,Alerta
60.0,75.17,94.24,4.41,68.82,96.47,Alerta
108.06,48.35,49.51,4.8,89.01,71.67,Normal
89.58,46.33,53.92,1.68,78.91,42.52,Normal
77.62,61.37,59.37,1.39,78.53,87.03,Normal
21.98,87.48,108.29,7.06,25.97,35.21,Crítico
37.37,90.61,98.27,10.67,48.87,115.28,Crítico
26.39,90.09,96.29,8.13,65.54,20.95,Crítico
102.59,52.64,52.74,1.49,75.42,51.34,Normal
101.5,48.02,62.9,2.13,99.39,47.28,Normal
98.91,70.17,60.1,1.86,94.31,56.46,Alerta
73.25,63.34,67.6,2.79,83.04,72.3,Alerta
25.56,99.13,110.04,6.13,56.67,113.38,Crítico
96.87,70.38,79.27,2.94,62.42,95.71,Alerta
104.86,43.9,51.63,1.97,79.76,74.18,Normal
35.58,90.52,77.24,11.77,32.55,111.26,Crítico
78.88,52.2,68.3,1.4,81.25,69.41,Normal
56.97,72.47,77.31,4.49,64.13,48.25,Alerta
104.54,64.04,46.6,1.95,92.83,64.91,Normal
85.7,54.21,66.35,2.55,99.3,72.04,Normal
102.58,60.24,48.81,1.52,81.02,60.82,Alerta
93.63,60.55,56.3,2.36,91.64,58.83,Normal
59.47,70.86,71.44,3.24,62.62,88.23,Alerta
109.24,56.97,50.29,1.54,91.25,61.84,Normal
52.08,70.91,91.68,4.36,67.08,87.31,Alerta
74.16,64.89,60.01,1.32,61.33,42.73,Normal
76.65,52.17,54.8,1.15,92.34,65.94,Alerta
59.42,71.11,93.99,5.41,74.57,99.68,Alerta
31.77,105.32,87.3,10.56,27.14,106.42,Crítico
97.68,45.47,53.28,1.96,76.18,40.29,Normal
94.03,61.88,84.94,1.74,89.3,42.48,Normal
95.46,44.73,67.8,2.42,75.42,46.27,Normal
85.8,52.81,59.28,1.94,76.41,42.57,Normal
98.52,52.37,59.16,1.29,82.32,64.26,Normal
47.61,104.3,96.9,7.03,86.78,102.87,Crítico
77.31,52.34,60.78,1.69,87.88,64.48,Normal
78.07,43.15,67.25,2.23,82.77,63.98,Normal
104.74,61.46,54.01,2.13,97.28,62.52,Alerta
54.29,69.72,76.88,5.32,72.23,84.91,Alerta
96.85,51.61,69.02,2.22,85.46,45.36,Normal
59.65,76.68,80.98,5.98,68.23,82.18,Alerta
47.25,91.51,109.79,10.19,51.09,11.56,Crítico
81.55,51.2,78.73,2.53,82.02,67.78,Normal
61.63,76.57,92.93,5.31,85.46,88.14,Alerta
46.18,95.26,117.42,11.8,21.1,135.84,Crítico
36.57,98.72,116.12,7.67,55.75,38.21,Crítico
39.59,104.39,119.14,1.92,35.88,114.88,Crítico
107.92,46.94,68.62,1.35,90.32,73.92,Normal
92.88,50.76,59.74,1.99,94.82,65.62,Alerta
80.04,56.59,50.17,2.06,89.63,78.68,Normal
106.12,77.91,73.2,3.46,72.8,92.58,Alerta
103.57,57.68,56.09,2.1,87.92,56.22,Normal
92.08,52.93,66.48,2.51,87.41,79.65,Normal
103.3,53.38,68.2,2.77,78.4,66.84,Alerta
59.2,85.17,99.76,7.52,37.57,35.75,Crítico
55.59,76.53,76.44,3.0,72.29,81.9,Alerta
77.25,56.73,67.66,2.14,88.61,55.25,Normal
85.7,55.72,64.4,1.46,86.31,66.09,Normal
21.69,88.72,118.34,8.73,55.57,20.87,Alerta
33.59,95.28,104.21,6.45,32.3,37.01,Crítico
106.25,50.28,49.08,1.9,91.9,62.21,Normal
84.12,64.96,46.12,2.17,86.39,44.66,Normal
91.67,56.84,55.51,2.55,75.96,56.94,Normal
66.4,70.49,71.31,4.26,70.08,85.11,Crítico
39.15,85.84,103.06,7.42,39.3,20.68,Crítico
40.78,109.03,118.54,7.51,52.4,99.49,Crítico
65.62,73.34,94.7,3.36,67.68,98.1,Alerta
73.91,64.25,52.29,1.85,79.8,58.03,Normal
53.25,74.49,90.58,3.37,67.32,91.8,Alerta
72.89,55.76,60.33,2.66,95.35,68.65,Normal
60.93,74.4,77.14,3.47,72.28,94.41,Alerta
35.58,104.41,103.62,10.56,59.86,116.35,Crítico
66.89,70.58,85.04,2.95,67.99,82.12,Normal
94.88,50.28,60.56,1.78,95.38,56.23,Normal
50.49,71.84,80.83,3.22,67.99,83.16,Crítico
55.54,58.6,92.73,5.9,73.66,95.48,Alerta
47.46,108.8,99.82,7.57,40.41,105.71,Crítico
80.7,63.44,63.22,4.11,96.85,48.26,Normal
91.64,41.96,47.36,2.48,79.66,63.2,Normal
73.02,52.02,65.52,1.74,80.42,43.77,Normal
53.07,69.57,73.58,4.44,70.89,88.08,Alerta
98.98,40.98,50.62,1.61,81.51,64.69,Normal
88.02,50.46,59.07,1.96,75.44,60.01,Normal
100.07,60.63,46.43,1.55,79.77,64.95,Normal
83.25,57.25,49.39,2.67,91.14,46.87,Normal
76.68,71.2,48.68,2.05,88.28,58.92,Normal
83.21,49.93,46.95,1.36,79.87,53.65,Normal
67.17,75.16,91.53,3.59,60.71,87.26,Alerta
77.6,58.42,92.33,2.32,75.69,71.65,Normal
104.91,40.39,46.53,2.77,92.69,56.19,Normal
34.31,57.53,99.87,7.41,27.11,127.25,Crítico
62.13,72.76,73.77,4.95,67.37,87.0,Alerta
70.4,46.42,57.87,2.63,94.69,63.52,Normal
58.65,69.21,79.74,2.95,71.72,89.53,Alerta
44.99,98.18,108.5,10.64,54.37,120.75,Crítico
51.92,72.25,85.44,4.45,65.6,84.67,Alerta
30.37,108.9,114.37,11.55,28.66,126.17,Alerta
77.41,49.12,46.29,2.71,82.85,59.18,Normal
53.59,68.36,92.93,5.16,70.03,55.59,Alerta
104.83,54.69,47.57,1.18,82.73,49.39,Normal
76.69,43.54,65.82,1.33,83.21,74.92,Normal
79.05,59.9,65.33,1.77,97.51,52.39,Normal
52.3,76.09,72.99,4.48,71.93,81.83,Alerta
49.43,94.44,108.48,8.44,51.84,37.81,Crítico
53.24,79.98,79.32,5.62,60.21,90.15,Alerta
82.47,57.24,65.9,2.43,98.25,65.53,Normal
105.44,42.59,68.61,1.02,79.58,63.12,Alerta
78.65,51.52,56.44,1.87,90.91,69.53,Normal
99.68,56.81,53.36,2.71,96.1,84.89,Normal
54.51,77.85,83.11,5.62,72.5,96.74,Alerta
67.41,66.73,91.69,5.19,66.8,90.28,Alerta
83.76,49.83,65.18,1.08,82.08,66.97,Normal
86.57,63.46,52.32,1.97,77.62,67.65,Alerta
54.06,67.11,75.22,3.98,66.61,88.09,Alerta
96.87,72.49,59.77,2.03,88.92,55.49,Normal
94.27,40.01,45.56,1.33,83.76,57.21,Normal
83.92,51.55,46.94,1.01,89.31,75.29,Normal
58.43,66.35,94.61,5.24,69.95,99.69,Alerta
46.5,82.04,116.6,6.12,32.71,25.97,Crítico
91.21,60.28,52.26,1.14,83.04,42.61,Normal
98.07,51.9,47.54,1.65,80.0,41.05,Normal
62.78,52.85,62.07,1.55,83.92,58.69,Normal
32.18,79.92,111.19,8.71,50.5,102.48,Crítico
21.06,81.79,115.62,10.36,77.76,123.31,Crítico
87.2,42.28,61.07,1.91,77.98,61.23,Normal
61.1,79.23,74.84,3.51,66.72,84.86,Alerta
68.71,69.05,85.01,5.56,66.99,74.48,Alerta
51.55,79.11,91.53,4.24,70.11,81.95,Alerta
108.67,75.78,90.36,4.15,65.7,98.15,Alerta
61.64,69.8,71.11,4.26,71.02,94.0,Alerta
57.75,73.83,92.99,3.28,71.53,91.84,Alerta
82.27,55.92,63.49,2.48,82.2,67.89,Normal
60.41,74.09,79.89,4.51,64.28,81.94,Alerta
35.43,86.15,95.68,8.02,30.15,130.52,Crítico
49.43,102.41,111.06,8.55,42.12,114.42,Crítico
99.46,47.84,51.82,1.59,90.39,49.16,Alerta
79.17,51.31,55.28,1.13,86.83,66.77,Normal
70.04,63.77,62.38,1.16,87.56,49.74,Normal
67.31,66.02,82.49,4.17,69.68,96.95,Alerta
92.19,61.6,55.59,2.05,79.48,66.45,Normal
46.19,100.77,97.75,6.98,37.39,16.79,Alerta
83.84,46.84,68.66,1.65,95.74,47.84,Normal
64.05,68.7,85.56,3.03,73.81,94.5,Alerta
35.31,92.79,116.54,8.6,52.98,15.48,Crítico
60.89,68.12,92.57,5.86,70.11,97.63,Alerta
34.54,95.5,116.82,11.78,47.84,39.47,Crítico
99.5,47.59,91.22,1.08,78.04,66.03,Normal
65.97,66.99,90.5,3.57,61.93,84.06,Alerta
34.13,95.31,102.38,11.43,34.17,58.48,Alerta
32.6,96.42,104.9,7.37,38.71,103.35,Crítico
74.17,48.02,68.1,1.89,98.5,48.57,Alerta
39.8,82.85,105.94,6.57,52.71,111.37,Crítico
97.78,53.25,62.67,2.36,90.06,51.95,Normal
109.83,50.41,63.87,1.44,96.14,65.66,Normal
66.21,70.87,90.86,4.91,70.83,83.58,Alerta
77.06,50.8,51.39,1.23,92.53,45.65,Normal
58.84,75.18,82.03,5.24,69.19,86.11,Crítico
102.0,45.71,57.96,2.57,91.8,63.01,Normal
52.28,70.42,86.47,3.2,73.39,64.36,Alerta
83.41,77.7,55.74,1.91,90.75,65.08,Normal
96.9,52.12,53.77,2.05,96.85,94.56,Alerta
64.89,78.97,92.99,3.97,60.53,87.42,Alerta
56.92,73.95,83.98,5.07,63.7,97.45,Alerta
93.89,51.57,54.82,1.69,88.58,52.21,Alerta
103.05,59.04,68.63,2.42,86.0,41.99,Alerta
75.41,52.18,85.84,2.1,88.24,46.76,Normal
81.02,41.97,63.77,2.47,95.39,48.67,Normal
41.22,88.61,119.99,11.21,59.33,137.63,Crítico
100.11,77.88,82.2,5.21,68.58,98.85,Alerta
47.74,100.83,117.06,7.58,23.34,37.14,Crítico
43.86,106.63,103.11,8.86,32.64,17.31,Crítico
37.59,87.74,109.57,7.45,58.6,10.99,Crítico
70.37,45.17,51.1,2.75,91.37,49.57,Normal
108.76,61.05,53.18,1.1,93.94,64.38,Normal
65.3,69.3,83.01,3.27,72.09,95.1,Normal
32.21,91.45,51.4,7.45,21.53,25.83,Crítico
76.69,43.05,62.94,2.42,97.03,72.43,Normal
51.02,74.82,94.93,4.21,60.37,80.79,Alerta
104.72,54.77,56.88,2.07,85.26,59.47,Normal
56.03,68.6,80.5,4.3,61.82,83.19,Alerta
109.98,56.77,62.04,2.24,82.16,43.14,Normal
103.0,59.16,55.4,1.47,77.23,72.56,Alerta
67.89,74.27,75.33,4.46,69.12,96.4,Alerta
63.22,75.79,75.66,3.95,62.86,89.22,Alerta
62.71,67.47,57.28,3.65,72.15,98.77,Alerta
97.21,41.57,55.39,1.54,92.03,46.67,Alerta
52.9,78.8,89.39,5.17,64.85,91.71,Alerta
55.05,68.76,92.41,3.65,63.62,85.88,Crítico
88.65,76.49,45.04,1.31,82.17,44.5,Normal
80.09,51.08,46.06,2.37,97.18,54.21,Alerta
59.37,66.4,79.21,5.65,66.53,90.54,Alerta
78.3,55.11,62.21,2.5,79.79,43.23,Alerta
91.77,54.91,58.63,1.45,88.34,70.56,Normal
45.0,86.01,100.14,7.71,23.72,110.03,Alerta
101.12,49.7,59.18,2.78,88.5,52.35,Normal
89.34,50.52,54.84,1.82,98.52,63.23,Normal
65.43,76.31,72.11,4.82,67.43,95.46,Alerta
88.43,54.94,50.19,1.38,92.54,70.95,Normal
65.86,69.09,73.19,1.52,62.73,85.05,Alerta
58.74,76.27,82.85,3.67,65.59,81.32,Alerta
83.89,55.1,65.23,1.18,96.3,66.06,Normal
107.08,56.01,50.71,2.68,92.93,43.99,Normal
70.23,40.25,59.42,1.78,92.94,49.78,Normal
68.0,53.24,68.91,1.4,95.99,74.09,Normal
109.21,61.38,56.1,2.26,89.36,64.27,Normal
39.25,89.29,98.21,8.8,29.72,126.07,Crítico
67.59,71.92,84.31,3.1,87.51,95.55,Alerta
83.64,51.89,53.09,1.84,80.58,41.28,Normal
70.2,63.69,47.51,1.48,82.48,87.75,Normal
93.35,54.48,58.22,1.73,85.12,65.89,Normal
106.31,61.31,66.7,2.39,85.96,61.31,Normal
53.78,80.12,98.96,11.64,43.2,11.16,Crítico
105.76,50.94,77.65,1.21,96.07,54.81,Normal
84.5,50.27,67.25,1.89,83.6,57.91,Normal
70.88,58.88,55.27,1.02,92.56,49.96,Normal
76.64,46.95,69.73,1.58,99.06,64.15,Normal
106.98,61.4,67.67,1.2,88.11,41.08,Normal
33.41,103.33,114.58,10.15,93.73,34.14,Crítico
65.5,69.15,78.56,3.49,70.17,92.74,Alerta
90.6,69.88,77.21,3.68,69.97,89.28,Alerta
86.08,52.26,68.43,4.89,88.8,53.91,Normal
36.66,89.8,112.9,10.01,40.31,135.91,Crítico
51.74,71.06,65.44,5.6,73.8,82.51,Alerta
64.17,66.25,83.0,5.49,61.17,98.44,Alerta
49.69,58.77,96.99,7.43,23.58,103.89,Crítico
105.28,48.11,61.76,1.74,87.52,77.43,Normal
91.19,47.06,60.69,1.04,75.17,54.43,Normal
81.08,62.04,55.66,2.31,91.33,70.2,Normal
92.27,63.96,47.75,1.89,80.13,46.4,Normal
108.52,52.37,56.27,2.17,97.75,60.58,Normal
86.87,75.49,82.61,3.74,64.88,90.31,Alerta
109.35,45.77,51.32,1.54,86.24,56.85,Normal
55.27,71.96,87.6,3.07,60.17,98.76,Alerta
54.43,72.94,77.54,3.04,72.97,94.89,Alerta
56.57,73.69,90.22,5.99,66.82,99.09,Alerta
92.98,43.26,62.34,2.66,75.96,62.83,Normal
59.45,73.48,93.68,1.11,62.9,81.34,Alerta
47.07,83.53,97.5,8.05,24.75,18.11,Crítico
64.36,79.37,87.31,3.61,64.84,86.03,Normal
86.34,47.5,54.98,1.69,94.84,42.31,Normal
99.16,56.73,69.33,1.58,82.43,63.22,Normal
65.09,70.57,83.4,5.12,69.61,94.66,Alerta
106.37,54.9,56.17,2.4,73.15,47.37,Normal
55.5,74.36,72.67,4.53,65.69,83.05,Alerta
54.26,68.02,92.05,5.63,88.9,81.94,Alerta
45.24,108.31,103.5,7.3,74.22,14.69,Crítico
53.33,52.3,79.15,4.74,65.24,96.24,Alerta
57.76,43.04,90.89,3.4,69.32,93.97,Alerta
23.22,104.05,77.0,8.73,59.73,36.24,Crítico
86.14,57.63,65.99,1.11,96.05,68.55,Alerta
66.07,72.56,56.13,5.8,69.98,86.5,Alerta
81.15,43.28,74.6,1.2,97.1,41.48,Normal
57.14,73.36,74.13,4.36,71.33,87.49,Alerta
89.14,41.9,61.07,2.37,90.28,61.64,Normal
58.36,67.95,92.49,4.31,69.45,99.0,Alerta
86.17,60.95,55.68,2.39,86.82,52.97,Normal
82.31,42.33,62.54,1.37,94.37,42.25,Normal
42.42,94.14,111.55,10.6,38.33,129.87,Alerta
96.54,43.61,56.78,2.68,96.94,61.39,Normal
26.43,86.14,112.8,10.34,56.43,26.49,Crítico
55.63,75.15,81.99,3.36,72.64,97.41,Alerta
26.9,108.64,100.08,7.74,35.18,102.93,Crítico
66.55,67.77,85.07,3.29,72.06,96.65,Crítico
87.48,58.18,63.84,2.64,96.16,67.63,Normal
50.82,78.91,89.62,3.61,81.4,91.68,Alerta
25.13,103.98,97.04,10.74,54.07,30.22,Crítico
57.48,66.24,80.27,5.79,61.46,96.82,Alerta
57.08,75.52,74.19,4.28,60.46,92.42,Alerta
48.33,100.52,109.38,8.57,22.04,129.39,Alerta
21.87,99.2,118.01,8.46,23.35,26.37,Crítico
76.79,58.75,61.31,2.11,95.79,56.93,Normal
70.13,41.21,50.77,1.29,95.16,47.62,Normal
68.97,73.88,71.69,4.55,65.59,83.38,Alerta
78.82,44.5,52.45,2.12,93.98,59.22,Normal
100.54,54.78,59.85,1.02,75.08,43.53,Normal
81.23,41.95,55.26,2.46,96.06,72.97,Normal
91.1,44.05,47.84,1.44,68.28,50.55,Normal
90.81,46.5,55.88,1.88,89.03,50.08,Normal
103.1,44.28,53.06,1.93,75.68,66.38,Normal
65.73,42.49,90.5,5.36,69.15,97.4,Alerta
100.77,63.31,50.54,1.11,89.88,43.15,Normal
75.53,53.3,50.09,4.71,95.26,75.89,Normal
65.14,69.76,81.88,2.9,71.26,99.17,Alerta
72.73,51.41,88.98,1.59,80.04,76.66,Normal
90.99,48.05,51.0,2.27,99.3,61.14,Normal
88.38,42.82,45.21,4.11,83.92,53.25,Alerta
99.06,43.73,59.01,1.46,96.58,61.36,Alerta
98.48,64.06,48.45,2.79,87.43,45.33,Normal
90.84,52.36,55.87,2.52,80.93,78.42,Normal
60.07,76.26,79.46,4.66,64.57,81.52,Alerta
99.21,60.24,65.33,1.49,77.28,72.06,Normal
30.26,85.38,118.98,10.64,22.34,100.91,Crítico
108.01,99.96,96.17,7.47,21.96,10.92,Crítico
92.22,59.88,46.35,1.17,80.15,44.07,Normal
74.79,42.49,60.6,2.64,95.8,62.44,Alerta
51.28,70.47,73.86,5.25,69.0,98.62,Alerta
26.55,99.16,102.96,7.46,50.96,13.19,Crítico
81.55,52.1,67.29,2.2,98.16,42.3,Normal
20.99,97.38,111.16,10.28,94.06,31.19,Crítico
57.48,68.16,94.32,5.91,71.72,94.29,Alerta
25.62,109.83,98.55,7.62,59.21,30.12,Crítico
67.93,79.64,91.41,5.46,67.54,87.25,Alerta
77.06,58.55,52.86,2.76,75.25,66.44,Normal
51.89,58.81,92.14,3.64,69.93,86.3,Alerta
28.97,101.09,119.47,9.51,57.56,116.55,Crítico
79.47,48.09,51.34,2.37,79.38,56.9,Normal
85.22,48.64,53.42,2.06,86.93,40.29,Normal
56.86,70.63,72.21,3.0,71.62,97.08,Alerta
68.91,68.62,86.78,5.18,68.8,98.95,Alerta
50.61,71.61,83.88,3.16,62.89,81.97,Alerta
48.57,80.12,105.81,5.2,28.24,30.69,Crítico
63.93,68.41,74.37,4.63,65.03,92.67,Crítico
103.9,62.9,53.32,1.16,89.04,43.63,Normal
106.25,60.78,51.06,2.6,86.93,76.44,Normal
62.91,66.32,89.6,5.4,71.41,83.15,Alerta
71.63,45.09,57.45,2.05,86.41,78.27,Normal
79.68,53.05,68.7,1.65,80.78,76.7,Normal
64.88,73.63,86.29,1.01,61.48,97.24,Alerta
38.38,103.95,114.9,9.33,75.8,100.8,Crítico
57.55,70.64,86.3,4.04,64.48,97.98,Alerta
65.27,67.11,85.28,5.37,62.62,44.54,Alerta
84.01,81.06,101.99,7.41,51.05,114.4,Crítico
90.42,49.64,48.0,2.17,75.26,74.86,Normal
36.25,109.6,95.91,10.76,27.27,37.69,Alerta
40.86,87.58,97.39,1.84,50.85,106.42,Crítico
50.08,78.07,79.93,5.74,63.42,95.46,Alerta
57.81,77.84,78.77,4.72,71.06,91.21,Alerta
29.24,109.35,107.21,10.15,45.79,13.0,Crítico
63.31,69.78,93.43,5.78,70.71,87.34,Alerta
39.54,88.15,107.76,6.34,36.7,114.6,Crítico
72.83,63.69,69.4,2.63,80.52,55.23,Normal
64.09,79.11,76.59,5.75,72.58,91.01,Alerta
86.5,50.3,66.06,2.48,86.05,70.42,Alerta
74.97,42.33,45.28,1.65,95.12,52.46,Normal
93.86,62.77,60.09,2.18,80.44,50.24,Normal
52.82,79.0,85.92,5.79,68.62,98.43,Alerta
95.46,58.11,61.61,1.9,61.74,66.81,Normal
87.97,93.42,98.2,6.14,26.32,106.22,Crítico
105.02,63.47,54.53,1.52,75.84,79.81,Normal
108.06,61.68,62.58,1.84,90.71,44.91,Normal
32.19,82.11,105.67,9.05,24.06,71.01,Crítico
87.04,48.32,50.01,1.0,96.11,76.24,Alerta
25.57,104.95,92.3,10.33,27.09,128.46,Crítico
34.74,84.59,107.32,10.28,56.09,30.8,Crítico
71.82,58.17,60.77,2.1,77.59,72.24,Alerta
84.03,50.8,53.56,2.12,84.88,63.14,Alerta
94.2,59.7,55.7,2.52,99.46,77.75,Normal
61.71,72.06,72.39,5.99,62.55,95.59,Alerta
107.37,57.24,67.97,2.29,97.1,40.55,Normal
52.08,68.83,94.74,3.97,64.71,49.02,Alerta
27.25,96.49,113.36,9.8,58.05,138.48,Crítico
78.72,64.27,50.43,1.88,88.84,50.2,Normal
75.57,44.79,66.19,1.21,75.94,64.29,Alerta
53.68,73.75,56.84,4.77,73.1,91.23,Alerta
44.81,98.35,107.11,10.43,51.98,17.91,Alerta
85.31,57.38,66.1,2.4,89.46,49.14,Normal
42.72,96.67,117.11,9.26,32.17,17.75,Crítico
89.1,49.53,89.98,1.42,78.71,62.72,Normal
57.35,68.68,86.84,5.71,61.58,91.7,Alerta
65.76,79.49,94.49,3.63,73.32,85.55,Alerta
68.22,75.21,75.42,5.91,70.26,91.11,Crítico
73.34,43.14,69.84,1.65,98.05,79.73,Normal
93.93,42.75,47.06,2.44,84.12,42.96,Normal
64.6,79.86,74.43,5.51,72.39,87.35,Alerta
109.39,44.16,61.11,1.2,86.27,67.49,Normal
86.11,50.73,47.36,2.49,81.33,42.39,Normal
45.96,80.43,117.06,6.62,38.04,117.71,Crítico
50.91,75.53,76.12,4.67,61.78,93.04,Normal
68.88,66.44,75.34,3.71,64.67,83.17,Alerta
55.0,78.28,87.18,2.91,67.36,90.55,Alerta
20.58,92.74,113.32,10.15,40.11,27.8,Crítico
100.49,56.27,63.15,1.59,81.42,76.9,Normal
76.01,60.65,74.23,2.05,91.73,68.12,Normal
72.61,46.03,56.22,2.68,62.12,76.97,Normal
76.84,62.87,51.18,1.01,86.95,46.27,Alerta
89.96,46.34,64.81,1.85,86.78,51.52,Normal
39.87,65.66,96.26,8.44,50.3,112.82,Crítico
96.35,63.69,66.98,1.56,91.82,50.27,Normal
65.41,79.71,84.43,5.83,60.48,97.51,Alerta
25.48,81.23,97.42,3.41,42.99,37.72,Crítico
58.63,78.91,75.29,5.86,66.39,89.92,Alerta
43.59,85.62,100.57,11.65,31.22,20.42,Crítico
65.87,77.36,93.16,5.53,68.66,99.42,Alerta
82.47,53.77,50.8,1.26,82.84,42.19,Normal
67.7,47.57,45.13,2.16,94.64,61.5,Alerta
39.99,108.18,107.73,11.92,29.26,19.0,Crítico
65.58,70.2,81.68,5.93,66.43,50.56,Alerta
104.83,63.35,50.31,2.31,93.22,51.8,Normal
61.19,58.92,53.88,1.28,96.01,59.0,Normal
71.57,49.64,68.14,2.74,75.49,43.88,Normal
61.89,68.09,86.78,2.93,67.69,89.41,Alerta
101.01,41.39,63.73,1.12,87.97,44.72,Normal
79.11,60.45,62.64,2.4,89.06,73.71,Alerta
85.91,61.84,58.08,2.3,92.85,41.69,Normal
24.36,101.88,113.22,11.5,56.41,26.67,Crítico
74.68,57.9,65.94,1.51,75.19,64.83,Normal
67.92,70.13,87.5,3.49,62.98,92.5,Alerta
105.3,54.3,64.0,1.5,95.31,73.23,Normal
102.14,55.81,49.85,2.18,80.77,56.84,Normal
90.69,59.08,65.66,2.19,75.0,46.22,Normal
93.33,62.49,58.05,1.53,87.22,56.45,Normal
105.65,57.54,48.31,5.0,76.3,52.74,Normal
86.17,63.63,56.59,2.45,84.95,66.46,Normal
62.4,70.61,78.08,3.26,69.28,83.2,Normal
52.25,79.55,88.12,3.45,68.39,93.86,Alerta
84.03,52.32,53.66,2.37,88.77,48.78,Normal
103.44,53.29,62.8,2.23,78.3,65.59,Normal
78.16,54.27,91.7,1.35,90.7,43.26,Normal
53.04,79.06,77.16,3.69,73.02,89.66,Alerta
63.69,66.96,80.58,5.72,72.33,88.12,Crítico
103.56,64.65,63.94,1.1,88.97,75.24,Normal
100.32,41.28,66.31,1.82,86.03,64.87,Alerta
67.23,69.03,84.7,5.26,64.49,98.33,Alerta
98.22,47.16,68.96,2.4,98.47,57.64,Normal
25.35,98.95,102.31,9.82,42.62,123.41,Crítico
52.69,72.35,92.44,3.09,71.91,83.15,Alerta
76.45,61.63,45.89,2.34,95.77,59.0,Normal
37.69,90.72,113.09,1.64,55.46,11.5,Crítico
89.25,64.86,49.12,2.03,99.6,71.18,Normal
54.52,76.24,77.46,3.06,66.53,84.01,Alerta
104.76,50.76,84.58,1.04,77.6,77.36,Normal
70.52,54.5,49.77,2.05,99.62,60.54,Normal
24.79,86.56,117.22,11.96,35.02,15.65,Crítico
56.22,50.8,66.58,1.78,87.76,47.46,Normal
94.78,45.26,47.46,2.32,86.52,50.86,Normal
54.19,73.49,73.4,3.37,69.98,97.92,Alerta
31.76,107.28,102.71,7.93,49.47,111.46,Crítico
92.63,54.64,49.48,1.2,81.91,46.17,Normal
93.27,48.4,50.1,1.81,93.75,99.36,Alerta
97.6,47.4,68.01,2.53,89.8,53.63,Normal
56.15,73.88,92.24,3.58,61.94,82.54,Alerta
60.11,67.52,77.0,4.63,68.41,88.51,Normal
77.31,50.2,48.7,2.14,87.39,78.47,Normal
107.56,53.39,61.37,2.12,88.95,62.9,Normal
91.61,63.32,67.01,1.53,89.46,51.64,Normal
28.52,86.91,103.05,6.94,45.02,104.45,Alerta
74.32,41.0,69.13,1.05,79.82,74.22,Normal
59.96,67.48,73.25,3.77,67.98,99.74,Alerta
97.58,55.39,55.59,2.21,78.34,43.51,Normal
57.57,74.36,90.33,3.32,70.12,82.91,Crítico
75.97,55.75,64.76,2.37,99.51,61.08,Normal
59.19,70.24,90.9,4.41,60.53,96.21,Alerta
107.66,44.01,60.77,2.29,89.59,65.25,Normal
102.15,60.71,47.32,2.34,81.97,53.51,Normal
92.72,51.92,65.21,2.76,90.63,58.71,Normal
82.25,63.57,60.91,2.74,89.61,50.68,Alerta
87.34,102.46,104.01,10.52,28.55,138.6,Crítico
67.13,73.05,91.78,4.32,65.85,86.28,Crítico
58.76,74.77,80.75,3.28,69.89,86.25,Alerta
91.25,44.98,55.4,2.02,97.53,55.81,Normal
108.16,42.67,47.61,5.63,91.02,65.43,Normal
52.97,73.45,76.87,5.61,65.77,97.19,Alerta
41.8,87.9,68.26,11.2,54.47,38.89,Crítico
100.03,40.23,68.53,1.32,99.45,61.53,Normal
75.57,62.75,48.85,2.94,87.65,71.68,Normal
71.03,48.67,48.84,1.32,91.63,74.94,Normal
78.36,41.81,90.71,1.54,76.49,60.55,Normal
105.63,63.48,66.92,1.74,93.19,74.24,Normal
38.05,105.51,96.06,8.78,58.45,118.53,Crítico
79.94,44.29,68.97,2.3,92.77,67.28,Alerta
76.51,48.9,49.7,1.39,84.07,54.13,Normal
106.66,58.12,61.75,1.63,99.08,76.48,Normal
68.81,76.32,77.45,3.72,63.38,82.78,Normal
30.75,92.01,75.2,10.04,34.79,26.95,Crítico
61.82,66.78,76.19,5.9,73.17,93.59,Crítico
27.86,99.33,105.03,9.67,39.68,20.64,Crítico
39.7,108.08,107.87,9.94,37.8,19.21,Crítico
54.25,70.15,83.07,5.83,70.69,87.81,Alerta
20.59,96.95,96.58,10.98,52.07,14.08,Crítico
58.19,71.08,80.3,5.28,62.47,86.24,Alerta
81.14,47.89,50.21,2.74,82.89,64.36,Normal
45.94,104.17,113.73,10.27,38.88,131.48,Crítico
25.05,90.86,105.39,7.8,46.29,21.26,Crítico
65.22,76.27,88.19,3.4,71.13,91.3,Alerta
53.94,75.24,75.35,2.15,72.33,89.12,Alerta
21.0,94.38,112.9,7.29,44.94,37.26,Crítico
63.43,71.71,94.15,5.73,65.93,82.03,Alerta
105.44,57.51,54.21,1.65,96.74,55.44,Alerta
66.12,68.94,87.9,5.97,70.58,88.8,Alerta
86.44,41.32,65.54,1.96,83.05,69.37,Alerta
93.12,54.77,66.78,1.7,95.54,62.52,Normal
80.74,43.92,48.23,1.83,98.18,68.41,Normal
83.64,49.7,61.98,1.21,96.99,73.74,Normal
76.08,62.7,46.92,1.72,99.36,56.18,Normal
91.98,47.37,47.25,1.14,96.52,61.9,Normal
93.72,62.25,49.98,2.71,98.08,42.96,Normal
55.06,76.61,76.29,4.88,72.97,95.53,Alerta
43.54,98.9,111.04,8.63,75.38,128.99,Alerta
102.25,53.76,48.36,2.8,85.93,54.87,Normal
81.57,43.82,46.15,1.19,85.4,75.98,Normal
36.1,84.9,111.06,9.42,91.86,135.83,Crítico
77.67,53.34,54.63,1.73,98.91,77.48,Normal
51.08,74.73,86.1,4.57,67.63,98.38,Alerta
96.78,58.21,64.64,1.6,82.89,60.03,Normal
61.22,77.12,83.78,4.84,64.43,93.08,Alerta
22.43,104.1,96.22,6.82,77.34,124.92,Crítico
91.25,60.79,66.0,4.94,85.77,69.98,Normal
106.37,52.1,50.28,2.63,83.14,60.29,Normal
100.4,49.5,53.55,2.4,90.47,58.84,Normal
65.4,66.43,80.39,5.93,67.33,86.42,Alerta
56.26,79.05,74.65,3.78,67.58,83.97,Alerta
75.23,50.16,49.52,2.5,76.12,52.22,Normal
74.93,43.72,46.92,1.23,77.05,71.06,Normal
21.68,87.7,96.16,1.66,37.16,15.58,Crítico
90.32,78.22,77.54,5.72,69.51,88.22,Alerta
53.47,77.22,75.27,5.12,63.72,90.74,Alerta
46.39,84.07,100.12,11.16,21.77,59.18,Crítico
85.66,55.38,51.12,2.72,93.75,72.38,Normal
35.54,97.75,112.68,2.99,37.76,36.3,Crítico
60.62,78.53,75.26,5.78,72.13,86.39,Alerta
56.78,74.1,74.1,5.48,64.24,91.86,Alerta
54.23,68.38,73.8,1.05,68.01,98.43,Alerta
104.0,52.26,63.74,1.92,64.65,69.94,Alerta
53.28,69.81,84.44,4.59,61.46,99.05,Alerta
23.79,97.62,92.39,7.44,40.77,128.72,Crítico
93.33,40.29,45.87,1.34,80.26,76.63,Normal
73.48,53.29,65.89,2.6,83.46,49.45,Normal
104.58,47.72,51.56,1.67,77.69,55.57,Normal
101.34,59.31,51.34,1.11,87.3,48.18,Alerta
103.38,58.84,63.7,2.44,79.52,57.22,Normal
67.49,50.6,51.52,1.42,75.27,49.61,Normal
104.87,70.21,50.8,2.73,83.97,52.77,Normal
84.2,60.18,65.14,2.73,76.88,69.49,Normal
61.51,70.99,90.74,4.14,64.21,86.48,Alerta
66.59,75.71,78.14,4.99,61.56,95.2,Alerta
93.98,55.82,59.46,1.92,80.92,47.63,Normal
65.55,68.7,77.01,4.87,70.77,86.21,Crítico
70.17,56.77,65.0,1.1,82.48,53.97,Normal
61.54,70.45,80.29,5.36,64.21,88.55,Alerta
29.74,95.45,105.38,5.24,46.42,112.11,Crítico
78.45,45.09,59.83,1.03,85.23,78.48,Alerta
59.14,73.57,78.38,5.89,63.99,81.07,Alerta
106.0,63.88,66.21,2.13,84.53,67.48,Normal
107.68,47.83,62.92,2.11,96.22,62.51,Normal
58.03,66.1,60.65,5.57,64.1,93.61,Alerta
83.76,53.91,64.21,2.35,90.23,51.17,Alerta
30.8,86.52,96.2,7.3,27.76,15.72,Alerta
97.64,49.55,47.81,2.19,95.45,41.22,Normal
22.6,83.51,104.6,8.78,92.87,17.57,Crítico
89.47,63.02,64.98,1.93,81.4,95.92,Normal
96.5,55.06,60.48,2.05,96.45,46.24,Normal
27.31,100.91,118.24,11.69,91.98,124.76,Crítico
106.26,64.64,56.28,1.17,85.08,80.93,Normal
63.52,68.14,80.04,3.69,69.52,99.23,Alerta
65.01,57.39,67.21,1.03,86.71,46.0,Normal
66.6,78.4,89.76,3.26,73.83,85.81,Alerta
91.96,44.89,62.11,2.55,85.55,70.12,Normal
98.08,52.41,57.74,2.65,98.79,59.17,Normal
81.01,64.05,69.39,3.22,95.11,56.72,Normal
50.56,78.07,90.85,3.46,65.81,93.65,Alerta
97.45,76.7,85.01,5.02,66.37,87.29,Alerta
59.26,41.05,83.55,4.06,71.62,98.07,Alerta
55.16,74.08,87.06,3.75,71.17,96.52,Normal
48.36,98.99,95.39,9.45,45.14,31.08,Crítico
58.99,66.25,78.04,3.31,65.14,81.97,Alerta
84.7,45.83,57.23,2.39,86.55,52.36,Alerta
52.11,45.11,72.13,2.94,64.86,92.22,Alerta
54.89,67.99,72.01,4.79,70.1,97.1,Alerta
61.08,66.65,78.1,4.05,94.32,99.3,Alerta
25.37,89.58,117.38,11.79,48.71,38.31,Crítico
23.16,52.58,115.17,7.43,54.87,132.93,Alerta
58.76,105.99,101.4,6.68,47.91,106.87,Crítico
74.07,55.46,59.72,2.25,99.17,79.04,Normal
86.44,63.72,69.25,1.72,80.12,71.73,Normal
75.88,70.37,46.32,1.9,84.07,77.85,Alerta
85.19,57.75,93.56,2.7,86.92,41.45,Normal
29.24,89.59,107.92,6.47,48.73,135.32,Alerta
108.3,51.08,53.9,2.03,75.48,48.34,Normal
109.3,40.84,64.3,2.46,78.78,72.61,Normal
23.96,99.08,107.71,9.7,42.56,23.14,Alerta
74.39,41.37,55.5,2.09,94.28,45.67,Normal
22.5,109.84,111.75,8.2,50.71,34.8,Crítico
103.59,63.84,52.74,2.33,80.98,95.36,Alerta
84.89,62.87,45.31,2.63,85.42,49.22,Normal
56.41,74.69,78.66,4.61,71.53,88.25,Alerta
31.01,104.2,101.62,10.94,79.54,139.35,Crítico
96.96,51.77,65.86,1.53,75.12,59.91,Normal
41.64,89.68,116.31,11.57,51.37,34.04,Alerta
84.24,50.7,61.89,1.65,89.24,40.61,Normal
104.94,46.85,68.31,1.33,90.89,50.86,Normal
48.41,108.81,103.1,7.37,48.29,36.11,Alerta
103.57,57.57,61.83,2.05,80.75,65.79,Alerta
54.04,66.63,92.82,4.85,65.74,56.99,Alerta
104.3,55.85,56.47,1.71,79.56,62.48,Normal
108.0,60.67,64.63,2.0,93.09,56.56,Alerta
97.73,46.12,53.71,1.63,90.79,40.76,Normal
63.06,79.65,91.33,3.3,66.11,81.62,Alerta
74.75,67.26,80.22,5.04,67.68,82.79,Alerta
102.06,58.04,49.82,1.52,98.01,56.34,Normal
106.0,49.19,65.81,1.04,76.27,43.58,Normal
42.37,101.52,93.12,8.73,32.28,36.89,Crítico
85.38,52.79,69.82,2.58,76.16,60.13,Normal
87.41,44.24,49.75,3.17,88.57,64.05,Normal
57.44,58.7,78.43,4.47,60.03,95.47,Alerta
79.52,62.89,54.39,2.1,99.93,71.74,Normal
65.42,74.99,86.87,3.68,65.36,90.7,Alerta
74.83,40.99,55.09,1.48,84.82,69.09,Normal
101.19,41.64,59.08,2.67,90.84,53.69,Normal
70.45,53.92,64.23,1.74,96.88,53.96,Normal
62.67,67.65,75.56,5.32,67.56,97.72,Alerta
42.71,108.76,110.29,9.67,24.2,31.73,Crítico
108.67,61.61,64.68,1.47,80.84,61.63,Normal
35.06,92.24,107.68,10.42,36.82,102.41,Crítico
88.33,63.37,58.3,2.72,89.74,41.95,Normal
106.78,51.39,61.42,1.42,93.39,68.74,Normal
63.65,79.55,91.67,4.92,60.07,84.09,Alerta
101.2,47.07,50.85,1.98,98.83,71.9,Normal
106.05,64.68,66.22,2.47,82.95,77.39,Normal
52.29,78.39,88.93,4.96,63.03,93.37,Crítico
20.13,92.6,49.31,11.69,59.46,15.18,Crítico
89.71,45.44,56.48,1.86,90.57,41.42,Normal
37.82,43.15,115.39,9.81,46.11,113.87,Crítico
27.45,94.67,117.75,6.33,31.28,17.56,Crítico
50.4,79.45,78.18,5.25,67.71,92.03,Alerta
74.86,41.89,66.62,1.67,83.29,77.86,Normal
62.93,79.21,53.79,5.48,63.03,95.86,Alerta
64.92,78.43,81.69,4.07,63.79,83.75,Alerta
49.64,109.11,117.9,9.42,25.76,10.23,Crítico
103.15,69.43,76.88,5.08,64.9,91.74,Alerta
61.46,55.54,77.88,4.4,65.15,88.62,Alerta
83.26,54.88,53.32,1.33,76.89,56.84,Alerta
90.98,40.19,47.7,2.06,85.72,76.04,Normal
81.49,48.92,60.41,2.55,96.55,44.82,Normal
106.0,40.18,68.23,2.22,79.58,55.22,Normal
50.41,71.48,94.76,2.98,64.34,92.4,Alerta
104.73,54.88,57.11,1.17,87.41,78.33,Alerta
94.73,60.67,51.56,1.52,81.91,73.0,Normal
95.51,67.43,50.58,1.91,78.06,73.91,Normal
26.32,92.17,112.61,8.5,25.08,72.54,Crítico
68.56,77.73,73.34,4.57,70.19,91.23,Alerta
55.18,79.12,84.17,3.54,60.75,81.58,Alerta
99.31,51.83,81.01,1.95,94.62,58.21,Normal
90.51,46.87,53.61,3.07,87.22,78.16,Normal
80.88,48.77,58.22,2.61,90.75,60.33,Normal
107.38,46.86,57.05,2.29,70.74,79.71,Normal
26.02,107.01,100.55,9.1,35.58,29.9,Crítico
96.35,64.06,68.72,1.4,88.79,71.26,Normal
67.55,76.25,79.55,3.19,73.9,90.7,Alerta
71.61,49.25,46.22,2.77,77.9,61.3,Alerta
56.09,76.48,80.9,5.79,72.13,98.86,Alerta
71.95,46.65,61.13,1.91,98.46,49.15,Normal
92.39,56.78,51.85,2.11,85.42,73.34,Normal
87.68,41.12,50.24,2.59,86.44,41.18,Normal
86.47,46.17,55.93,2.68,98.01,56.68,Normal
54.16,77.88,84.25,3.65,67.06,96.98,Alerta
95.25,54.95,91.31,2.61,99.76,59.9,Normal
103.43,50.0,73.18,2.38,92.71,59.98,Normal
78.33,62.1,47.17,1.25,96.08,79.47,Normal
67.95,73.02,91.17,5.41,70.76,84.88,Alerta
52.88,73.0,81.89,2.91,73.01,82.85,Normal
54.66,70.13,77.59,3.4,64.4,92.98,Crítico
79.72,104.52,96.69,11.28,28.86,33.4,Crítico
76.43,44.52,60.73,1.16,79.8,65.53,Normal
98.31,62.3,50.33,1.22,75.17,73.12,Normal
25.08,100.13,117.86,7.83,23.41,31.59,Alerta
84.77,63.3,67.11,1.77,83.4,59.87,Normal
54.38,46.83,89.85,3.52,65.97,86.57,Alerta
64.12,78.7,87.57,3.21,73.46,97.39,Alerta
102.56,64.04,48.18,2.42,92.84,64.08,Normal
93.31,45.8,52.98,1.94,89.9,45.2,Normal
98.15,54.27,55.43,1.48,75.84,68.53,Normal
92.03,61.76,64.02,1.61,64.24,46.18,Normal
63.33,69.86,82.55,5.37,69.52,83.05,Alerta
54.14,73.13,92.22,5.98,60.52,88.57,Crítico
24.57,46.23,108.79,9.18,56.65,10.8,Crítico
85.9,43.03,62.57,1.26,86.27,75.79,Normal
60.12,73.03,85.71,4.58,72.11,91.8,Alerta
56.02,74.89,86.8,4.68,71.21,97.97,Alerta
78.42,54.65,56.73,2.4,96.74,54.72,Normal
56.51,74.68,73.71,3.48,73.93,83.73,Alerta
78.08,62.96,63.07,2.14,98.26,58.5,Normal
93.81,62.03,63.35,1.52,99.93,72.75,Alerta
68.23,74.96,85.33,5.77,64.22,83.44,Alerta
81.1,52.58,51.17,2.47,99.36,73.35,Normal
92.72,53.67,68.28,2.43,92.13,76.46,Alerta
26.3,97.29,111.06,3.76,55.41,14.35,Crítico
76.47,61.36,53.09,2.27,82.27,46.77,Normal
65.58,71.81,77.78,4.28,61.11,90.05,Alerta
95.69,57.45,56.65,1.11,87.08,50.59,Normal
90.13,58.33,59.46,1.02,82.07,67.16,Alerta
56.74,66.17,88.36,5.92,61.61,97.34,Alerta
90.0,63.35,57.23,1.97,85.73,58.59,Normal
97.06,63.69,56.27,1.3,94.18,43.41,Normal
53.6,75.38,84.73,4.71,60.47,99.44,Alerta
85.73,44.96,51.97,1.92,82.55,49.68,Normal
84.02,63.27,46.16,1.48,90.26,53.19,Normal
93.78,58.49,67.36,5.1,79.6,50.78,Normal
87.63,50.67,49.82,2.29,92.1,50.42,Normal
105.4,51.9,62.03,2.3,91.03,67.24,Normal
65.98,79.19,76.27,5.97,69.8,95.71,Alerta
78.16,50.57,65.47,2.7,92.82,69.38,Normal
81.89,63.69,58.76,1.95,88.14,72.15,Normal
93.2,57.56,66.92,2.59,78.77,42.3,Normal
96.91,43.17,49.29,2.24,63.48,40.26,Normal
104.59,49.95,50.48,1.6,97.34,42.54,Normal
61.06,76.44,81.92,5.16,70.31,49.86,Alerta
56.14,69.7,75.76,5.64,61.2,93.03,Normal
70.19,51.15,46.38,2.07,76.35,59.78,Normal
53.73,42.29,79.25,3.32,63.23,81.97,Alerta
89.51,56.04,68.25,1.94,90.38,79.56,Normal
57.19,73.87,87.45,4.3,70.81,82.14,Alerta
94.93,42.65,58.92,1.85,81.59,79.05,Alerta
90.63,48.99,46.17,2.39,99.13,51.33,Normal
20.83,106.63,111.77,8.85,92.24,131.78,Crítico
83.32,42.55,47.8,2.03,94.83,43.15,Normal
88.1,51.86,48.04,1.54,88.41,67.05,Normal
78.82,47.99,47.59,1.6,96.73,73.63,Normal
46.93,91.25,101.02,6.63,53.42,39.48,Crítico
97.02,60.33,81.88,2.53,84.68,41.66,Alerta
60.57,66.89,86.23,5.14,74.02,92.77,Alerta
47.28,109.4,108.06,11.48,29.63,89.94,Crítico
98.35,61.47,65.37,1.59,93.03,69.22,Normal
74.11,51.61,67.01,1.34,93.17,59.51,Normal
23.29,106.25,96.82,9.82,52.97,122.36,Alerta
72.7,48.66,60.86,2.33,77.24,59.23,Normal
91.94,43.27,62.04,1.43,90.52,69.48,Normal
64.23,75.14,73.7,4.65,60.77,89.85,Alerta
59.14,68.29,89.9,4.25,68.23,97.77,Alerta
55.05,66.82,74.47,5.52,72.13,83.88,Alerta
83.74,47.83,81.75,2.67,91.11,44.95,Normal
88.34,50.39,56.65,2.76,77.29,61.1,Normal
94.97,57.17,45.38,3.75,86.77,47.25,Normal
57.31,66.78,91.52,3.2,68.35,93.19,Alerta
87.2,55.1,61.36,2.23,96.71,56.18,Normal
90.82,61.16,61.44,1.74,69.64,68.86,Normal
28.39,84.58,109.8,5.35,29.0,133.49,Crítico
20.12,90.63,107.25,7.15,30.95,35.1,Crítico
54.86,66.41,83.37,4.45,73.27,94.2,Alerta
76.53,59.78,81.19,2.39,75.61,43.89,Normal
100.71,73.35,72.08,3.37,71.33,86.98,Crítico
64.1,77.23,89.66,5.09,96.65,98.55,Alerta
93.7,60.05,69.65,1.2,75.51,42.27,Normal
56.19,69.25,93.67,4.49,70.85,97.9,Alerta
71.93,51.06,47.76,2.1,84.02,57.31,Normal
88.85,57.78,53.6,2.62,78.77,72.55,Normal
51.91,66.6,75.68,3.55,70.79,93.34,Alerta
38.31,83.42,97.6,9.76,39.87,108.31,Crítico
45.95,96.8,96.86,11.63,31.0,134.93,Alerta
81.49,41.81,46.55,1.21,96.84,90.83,Normal
93.46,54.05,51.9,1.58,79.36,49.91,Normal
90.48,40.53,57.83,2.35,76.14,41.93,Normal
59.97,73.1,84.88,5.75,73.3,99.31,Alerta
96.27,55.46,59.15,1.46,97.76,44.93,Normal
103.55,66.44,58.83,1.22,92.44,78.71,Alerta
105.9,74.43,48.73,2.61,80.07,44.6,Normal
57.92,74.48,92.65,4.25,67.86,84.79,Alerta
55.69,74.13,91.65,4.2,73.6,82.61,Alerta
81.65,63.45,59.5,1.22,79.99,60.29,Alerta
83.49,42.34,58.03,2.06,85.68,55.68,Normal
93.3,52.79,85.17,2.03,84.07,55.35,Normal
48.75,92.08,109.17,10.82,53.36,40.96,Alerta
50.82,69.65,94.03,5.48,69.22,96.91,Alerta
68.45,106.51,119.1,7.76,56.44,137.15,Crítico
21.38,108.44,95.66,8.88,58.05,108.86,Crítico
96.82,58.85,60.26,1.99,95.16,42.86,Normal
54.23,72.81,82.51,5.37,96.65,95.08,Alerta
30.92,91.81,116.04,10.39,29.6,96.56,Crítico
89.93,59.91,57.67,2.44,80.22,55.86,Normal
53.26,69.46,82.09,5.44,65.31,90.33,Alerta
83.07,61.45,45.34,1.35,82.45,73.91,Alerta
44.18,81.69,102.53,11.57,20.08,121.79,Alerta
59.23,74.95,89.08,3.35,62.78,81.48,Alerta
103.48,43.26,66.74,1.4,95.12,84.99,Normal
87.74,40.92,61.35,2.25,85.67,51.15,Normal
109.14,51.71,72.48,1.65,94.68,41.13,Normal
54.65,79.06,72.57,3.02,70.35,91.78,Alerta
39.89,99.6,113.44,1.94,41.94,33.5,Crítico
72.82,53.33,55.89,1.69,98.25,61.74,Normal
23.13,87.26,87.31,7.56,32.34,21.05,Crítico
96.85,53.26,55.47,2.68,98.93,69.07,Alerta
49.44,81.9,109.08,6.49,36.08,15.12,Crítico
85.91,50.32,51.04,5.39,79.53,62.01,Normal
64.54,72.91,94.82,3.15,60.06,90.95,Alerta
72.96,56.11,63.18,3.05,75.07,55.31,Alerta
107.84,55.03,53.8,1.8,75.46,48.72,Normal
41.44,103.1,99.53,7.49,50.82,37.01,Crítico
73.89,59.02,80.04,1.18,92.16,68.41,Normal
71.73,41.52,65.15,2.1,80.01,74.3,Alerta
70.94,56.78,57.04,1.44,81.64,48.66,Normal
42.76,107.59,53.95,9.72,24.7,16.67,Crítico
92.97,62.98,85.58,2.35,99.17,73.42,Normal
75.89,55.35,48.77,2.15,93.47,65.67,Normal
104.47,60.33,58.13,2.57,96.79,88.67,Alerta
29.23,83.23,105.92,7.65,29.21,133.01,Crítico
41.73,98.73,101.72,8.16,35.37,19.32,Alerta
102.93,41.02,51.25,2.75,87.72,67.33,Normal
58.05,74.83,81.23,3.61,71.92,81.37,Alerta
98.09,48.32,63.14,1.52,91.54,66.23,Normal
84.09,47.35,50.76,2.39,96.74,60.31,Normal
107.31,86.99,109.39,11.65,32.82,131.67,Crítico
68.75,68.39,45.59,5.18,64.93,94.0,Alerta
53.43,79.75,74.24,3.48,72.28,86.02,Normal
24.28,89.52,109.23,10.9,45.35,13.45,Alerta
87.11,40.88,58.28,1.32,75.49,55.18,Normal
104.47,60.79,67.33,2.69,82.11,50.86,Normal
57.42,66.95,80.91,4.14,64.1,86.46,Alerta
35.01,91.38,108.14,11.79,49.98,23.3,Crítico
68.39,69.17,72.49,3.79,71.55,91.89,Alerta
109.55,54.39,45.63,1.57,97.8,42.06,Normal
72.76,63.33,89.68,1.38,89.44,49.06,Normal
64.23,79.63,82.03,1.18,73.48,95.98,Alerta
52.83,74.63,91.29,1.06,63.0,82.72,Alerta
60.77,65.56,73.79,3.8,63.22,95.7,Alerta
102.62,42.14,52.59,3.47,92.27,48.11,Normal
89.35,49.33,49.01,1.19,93.15,65.96,Normal
89.33,46.17,65.63,1.96,93.52,51.72,Normal
51.39,77.26,74.3,3.74,73.37,84.76,Alerta
44.6,40.12,107.58,9.45,41.73,119.34,Crítico
108.76,58.07,66.87,1.08,62.42,74.11,Normal
46.75,91.78,99.99,10.11,38.31,129.13,Crítico
68.8,78.66,88.24,4.26,71.91,95.33,Alerta
50.98,70.88,89.17,5.1,69.65,98.18,Alerta
68.27,69.35,84.63,4.74,72.84,94.76,Alerta
105.7,58.94,47.36,1.1,76.95,60.16,Normal
107.47,63.99,66.37,1.84,87.15,51.74,Normal
21.68,109.45,115.85,11.23,59.18,112.52,Crítico
108.03,41.41,55.3,1.88,82.85,65.84,Normal
94.34,45.24,66.92,1.87,98.56,44.26,Normal
86.11,51.31,54.64,2.31,88.82,55.24,Normal
25.76,104.64,109.71,10.89,22.33,26.41,Crítico
83.71,73.82,67.23,2.11,98.96,52.7,Normal
80.93,43.79,56.03,2.45,96.79,68.1,Alerta
41.27,42.77,116.48,8.9,42.4,105.18,Crítico
67.01,76.38,78.51,2.24,70.43,89.92,Alerta
86.66,60.08,66.19,1.04,99.23,75.8,Normal
107.78,60.66,47.99,1.82,92.84,49.74,Normal
72.5,60.92,53.03,1.25,86.21,55.11,Alerta
77.85,57.44,67.21,1.61,78.73,72.02,Normal
99.93,41.46,66.01,2.3,97.58,40.43,Alerta
92.56,49.08,53.21,1.43,99.27,57.15,Alerta
81.62,56.6,65.93,1.59,92.43,40.45,Normal
21.03,99.5,102.17,10.29,99.55,30.83,Crítico
85.47,42.17,55.69,1.52,75.58,72.32,Normal
53.46,62.37,63.18,1.89,87.43,75.41,Normal
30.53,106.51,104.73,6.53,53.16,116.87,Crítico
72.84,51.43,51.43,1.42,61.36,51.66,Alerta
79.89,45.23,67.94,1.16,88.9,47.2,Normal
75.69,59.31,48.03,1.57,88.62,76.7,Normal
87.68,52.87,55.61,1.11,97.83,66.69,Normal
72.65,54.68,52.27,1.84,76.43,57.73,Normal
94.28,60.15,64.42,2.62,92.52,54.57,Normal
71.48,41.55,55.42,1.24,76.68,59.44,Normal
92.56,42.96,47.1,1.64,85.33,96.11,Normal
22.86,93.03,106.8,7.61,24.48,10.77,Crítico
103.06,46.19,49.89,1.35,92.73,67.83,Normal
46.48,50.81,115.32,9.36,46.5,127.4,Crítico
81.04,59.08,48.02,1.19,81.47,57.79,Normal
89.38,71.14,75.46,5.45,66.47,93.51,Alerta
65.0,74.63,87.5,3.01,69.03,44.86,Alerta
87.76,55.19,50.66,2.7,81.87,60.17,Normal
96.97,57.2,48.43,1.53,75.43,45.42,Normal
99.07,43.69,60.88,2.25,97.0,46.43,Normal
103.78,43.22,56.73,2.34,89.72,58.16,Normal
27.07,106.11,118.67,1.19,21.31,137.82,Crítico
90.29,51.63,51.5,1.46,80.03,41.99,Normal
99.14,45.27,57.08,1.73,93.13,73.87,Alerta
83.52,53.53,57.23,2.74,79.09,66.97,Alerta
28.82,97.7,95.47,8.54,33.25,135.0,Crítico
75.7,61.09,65.42,1.32,80.19,70.14,Alerta
53.1,75.54,76.85,3.15,66.6,86.29,Alerta
78.23,40.01,61.26,2.27,81.35,54.0,Normal
65.53,79.25,83.55,3.89,62.74,43.16,Alerta
104.91,59.28,56.7,1.18,98.82,53.86,Normal
109.36,48.33,47.22,1.23,86.76,66.12,Normal
57.11,74.52,53.47,3.21,72.88,87.57,Alerta
93.52,51.02,48.78,1.92,81.25,91.32,Normal
56.52,70.8,90.22,4.85,65.07,82.86,Alerta
36.07,91.18,117.36,10.77,53.84,125.12,Alerta
71.03,51.86,61.91,4.5,95.67,56.43,Normal
83.79,99.77,114.84,10.08,41.03,24.49,Alerta
47.66,92.56,117.65,4.4,52.73,114.71,Crítico
29.38,99.26,119.97,10.84,62.33,35.24,Crítico
48.62,106.5,111.18,7.59,52.93,96.57,Crítico
67.98,40.74,63.4,2.57,93.51,62.85,Normal
108.78,57.81,49.7,2.65,85.12,68.13,Normal
60.66,71.91,76.89,4.27,69.52,95.71,Alerta
100.47,106.64,101.95,7.91,50.26,27.68,Crítico
51.37,75.08,72.93,5.75,71.5,90.49,Alerta
82.57,54.27,69.54,1.34,82.71,90.52,Normal
71.88,49.22,62.56,1.87,98.62,60.59,Normal
28.67,103.04,99.01,11.29,76.24,25.29,Crítico
74.18,51.79,50.56,2.17,99.37,48.95,Normal
25.42,95.1,96.69,8.84,47.98,115.69,Crítico
51.62,70.57,73.54,3.2,60.26,94.86,Alerta
94.78,46.42,46.84,1.92,88.3,78.98,Normal
87.31,47.99,62.33,1.63,91.6,59.15,Normal
57.19,73.47,76.11,3.83,60.52,88.74,Alerta
53.58,74.83,75.55,4.93,73.36,92.69,Alerta
99.15,63.6,64.11,1.39,90.52,70.96,Normal
83.28,52.83,62.37,2.04,94.23,46.46,Normal
66.74,78.81,78.85,4.17,67.59,97.83,Alerta
30.62,101.91,106.94,11.98,37.48,125.83,Crítico
45.41,92.61,75.14,11.77,25.08,22.55,Crítico
79.39,44.39,56.8,1.04,87.89,54.96,Normal
75.9,45.72,51.81,2.95,88.76,43.08,Normal
66.5,77.46,76.2,5.91,71.69,81.68,Alerta
83.55,65.58,54.57,2.36,96.17,43.5,Normal
67.0,73.02,76.02,5.82,69.68,97.32,Alerta
92.95,54.45,52.45,2.62,86.66,77.41,Normal
61.06,79.09,71.34,3.46,66.74,83.95,Alerta
53.28,69.03,77.33,3.06,62.78,86.25,Crítico
30.69,106.94,101.66,11.01,52.68,33.02,Crítico
73.17,53.72,79.98,2.79,79.05,64.87,Normal
72.26,50.88,67.3,1.95,98.42,44.87,Normal
77.03,44.36,60.69,1.5,94.98,78.98,Normal
95.65,45.88,50.06,2.79,98.43,54.9,Normal
60.21,75.4,45.44,4.87,67.18,95.29,Normal
108.06,53.8,51.89,1.8,78.07,68.43,Alerta
34.15,107.14,118.72,6.98,59.83,16.75,Crítico
101.06,41.8,67.77,1.8,91.29,70.61,Normal
43.13,109.75,117.66,6.76,50.71,19.17,Crítico
52.15,68.47,91.12,2.94,68.99,84.64,Alerta
102.48,40.54,60.97,1.41,96.82,88.59,Normal
85.11,41.06,47.43,2.44,89.45,54.94,Normal
94.41,46.0,67.63,1.99,85.36,74.32,Normal
54.3,71.38,82.25,3.03,63.36,97.37,Alerta
60.87,74.28,82.48,3.4,67.77,83.15,Alerta
55.98,78.45,87.68,5.2,64.46,84.98,Alerta
43.08,88.92,112.89,1.93,32.14,12.04,Crítico
91.75,69.65,93.27,5.49,69.2,98.95,Alerta
108.56,40.96,62.01,1.59,94.04,79.13,Normal
50.56,74.38,80.32,3.15,67.32,81.77,Alerta
51.32,76.15,87.24,3.47,69.38,82.68,Normal
33.59,97.53,109.3,11.03,37.66,103.44,Crítico
87.24,52.45,64.09,1.83,90.76,53.56,Normal
100.41,58.12,61.3,1.12,76.39,74.76,Normal
70.94,77.34,81.18,3.63,65.81,94.1,Normal
79.37,53.7,68.31,2.29,83.01,42.55,Normal
82.75,50.69,68.11,1.06,75.26,50.03,Normal
85.02,40.71,53.74,1.27,81.33,45.8,Alerta
98.94,74.87,91.39,5.45,71.79,91.44,Alerta
97.84,53.74,57.53,1.33,98.71,72.11,Normal
50.2,68.81,79.44,4.22,71.04,97.96,Alerta
44.2,86.48,116.95,8.25,45.94,12.87,Crítico
62.12,69.73,86.78,5.87,61.56,87.32,Alerta
52.1,73.02,75.72,3.12,68.19,86.3,Alerta
85.22,42.14,58.73,2.73,87.79,77.76,Normal
64.29,73.55,74.96,5.16,69.56,93.82,Alerta
102.55,52.3,52.95,2.69,87.15,50.97,Normal
55.46,71.14,76.07,3.73,62.04,99.04,Alerta
22.9,92.41,117.48,7.95,21.08,12.26,Crítico
87.02,41.83,68.79,1.94,91.0,47.22,Normal
45.22,81.68,65.07,9.36,56.97,18.21,Crítico
53.1,76.15,78.39,4.24,66.83,92.96,Alerta
93.96,40.63,50.24,2.48,96.54,56.96,Normal
79.69,55.08,91.99,1.84,82.18,55.51,Normal
73.78,50.8,57.58,2.22,94.75,56.58,Normal
27.16,106.59,99.95,8.75,49.93,37.86,Crítico
78.75,43.91,66.32,2.17,75.55,51.5,Normal
87.99,53.34,55.72,1.79,91.12,76.09,Normal
83.62,53.43,54.04,2.51,80.79,48.79,Normal
42.81,97.49,106.28,7.64,21.28,36.8,Crítico
86.21,72.09,84.86,5.2,68.5,92.83,Alerta
102.22,53.13,47.24,1.37,86.69,43.25,Normal
53.02,70.73,82.42,5.82,86.32,84.21,Crítico
44.01,108.12,106.69,6.51,43.98,25.6,Crítico
75.47,59.13,62.28,2.29,82.84,67.96,Normal
21.93,96.8,97.35,10.8,48.11,14.03,Crítico
72.68,64.24,58.31,2.66,96.58,63.87,Normal
101.19,44.09,60.01,2.04,76.23,68.36,Normal
104.09,49.63,55.05,1.55,87.05,44.44,Normal
79.29,44.09,56.29,3.11,91.1,64.42,Normal
54.4,77.16,87.96,4.98,61.94,89.12,Alerta
88.34,56.13,51.43,2.68,87.36,58.18,Normal
77.01,67.68,50.44,1.99,90.73,44.82,Normal
42.28,98.94,111.34,9.74,36.11,37.02,Crítico
95.95,48.25,52.01,1.9,94.27,53.24,Normal
85.92,62.58,62.46,2.34,92.66,53.87,Normal
63.03,77.56,77.84,4.71,61.79,98.56,Alerta
66.04,78.22,84.01,3.48,62.03,81.87,Normal
60.36,72.25,87.41,3.04,61.78,99.72,Alerta
39.76,80.93,116.08,9.35,45.53,104.61,Alerta
68.24,72.38,77.63,5.18,63.41,82.77,Alerta
65.61,74.32,75.63,4.39,69.7,66.79,Alerta
26.51,86.2,104.42,10.8,38.65,97.71,Crítico
107.88,50.51,60.61,1.77,79.77,66.18,Normal
79.7,54.84,49.83,4.66,99.56,60.14,Alerta
70.57,52.5,55.61,2.63,90.27,54.39,Normal
68.67,70.43,85.77,4.83,66.3,83.7,Alerta
74.26,64.01,66.97,2.61,78.53,47.68,Normal
57.16,75.46,78.8,4.0,60.08,68.72,Alerta
74.63,50.73,69.46,1.71,85.32,65.5,Normal
92.25,47.88,59.72,2.35,76.46,75.03,Normal
78.61,71.76,82.24,4.11,64.95,88.5,Alerta
22.75,88.6,115.45,10.6,29.9,123.71,Crítico
25.02,90.68,107.6,8.56,38.77,110.79,Alerta
70.36,52.37,67.73,1.56,94.79,56.24,Normal
92.84,57.85,49.96,1.98,82.35,98.63,Normal
60.88,75.05,89.19,5.45,64.18,84.76,Alerta
20.9,90.55,97.12,9.91,41.33,12.17,Crítico
98.41,59.37,61.75,2.07,78.98,58.19,Alerta
65.92,67.2,92.81,4.95,69.57,99.15,Alerta
79.5,52.12,60.27,1.57,85.86,52.5,Normal
107.89,44.98,62.9,1.61,91.92,49.32,Normal
77.21,63.4,56.67,1.31,83.43,79.42,Normal
75.32,63.14,52.8,2.59,89.59,46.03,Normal
27.96,108.03,104.14,5.15,38.61,137.75,Crítico
51.45,79.9,92.16,3.37,61.31,86.33,Alerta
89.36,61.67,49.94,1.1,92.08,67.07,Normal
87.3,58.63,69.75,1.1,99.55,45.06,Alerta
78.43,54.63,45.32,2.3,91.49,63.72,Normal
72.98,63.01,57.59,1.25,85.39,74.23,Normal
70.26,41.4,57.15,1.79,99.52,57.46,Alerta
91.87,48.36,63.93,1.64,87.9,53.48,Normal
101.95,49.85,65.06,2.36,86.66,47.28,Normal
84.42,50.64,89.12,1.0,99.06,57.1,Normal
79.24,45.11,54.36,1.06,82.86,69.4,Normal
84.75,43.69,49.5,1.43,62.32,42.88,Normal
63.0,46.09,86.4,5.17,68.87,83.31,Alerta
76.17,43.19,51.11,4.8,96.96,74.82,Normal
71.98,53.3,57.79,1.11,75.57,69.7,Normal
86.28,41.76,62.16,2.56,84.16,79.97,Normal
65.29,75.97,77.27,3.89,73.17,86.11,Alerta
56.44,76.19,87.52,4.17,73.52,92.41,Alerta
91.67,41.88,60.36,2.25,86.33,60.78,Normal
57.33,70.07,72.61,4.54,61.11,86.04,Alerta
101.79,56.62,57.81,1.34,93.45,71.83,Normal
79.88,55.45,60.07,2.59,87.16,46.85,Alerta
89.81,54.79,48.52,1.04,93.8,44.34,Normal
98.89,43.65,63.72,2.16,86.34,56.42,Normal
30.35,109.04,107.33,11.84,22.22,34.79,Crítico
42.39,83.05,105.92,11.18,57.75,11.62,Crítico
94.61,60.18,47.6,1.96,76.14,78.83,Normal
71.57,58.31,66.22,1.84,99.28,53.82,Normal
80.33,64.11,65.59,2.35,92.96,79.93,Normal
33.99,85.51,103.78,6.58,22.39,119.41,Alerta
57.77,78.09,87.57,5.67,67.15,93.43,Alerta
40.89,107.05,103.77,9.44,54.38,31.17,Crítico
51.09,67.04,79.09,5.53,64.63,98.38,Alerta
84.93,47.47,52.34,1.3,94.48,55.29,Normal
47.13,89.64,107.01,7.88,47.65,124.89,Crítico
50.11,75.06,73.59,4.57,67.87,81.98,Alerta
80.85,63.07,45.94,1.27,89.33,57.18,Normal
56.08,77.84,78.32,4.72,60.41,98.31,Alerta
89.36,55.67,54.42,1.79,78.41,69.97,Normal
60.26,68.57,79.32,3.5,67.82,82.02,Alerta
102.1,63.95,48.97,2.52,98.61,42.32,Normal
70.58,42.17,47.23,2.06,94.14,48.92,Normal
91.55,56.2,46.86,2.02,86.93,42.26,Normal
28.07,98.67,96.9,11.68,55.37,129.01,Crítico
73.61,43.7,67.89,1.54,76.51,68.76,Normal
90.23,47.45,45.89,2.32,92.37,74.43,Alerta
81.99,63.85,67.48,1.63,77.0,45.55,Normal
42.55,94.7,114.45,9.7,33.98,41.27,Crítico
51.55,69.6,76.37,5.68,72.21,86.69,Alerta
68.65,77.73,88.0,4.9,63.38,98.46,Alerta
63.5,72.85,92.26,2.98,65.88,85.48,Alerta
108.99,46.08,49.12,2.16,87.53,60.83,Alerta
45.73,81.73,104.43,7.1,28.45,35.1,Crítico
87.89,47.4,52.47,1.04,93.79,61.26,Normal
99.67,48.61,87.96,1.24,91.08,64.46,Normal
83.4,59.52,61.28,1.69,93.57,47.04,Normal
68.02,73.58,72.87,3.36,64.65,88.39,Alerta
82.89,62.4,60.66,1.75,94.37,64.5,Alerta
106.85,56.93,68.98,1.37,78.98,75.27,Alerta
48.84,102.13,96.8,9.12,94.56,15.14,Crítico
21.18,76.74,111.82,8.2,45.94,119.78,Alerta
20.66,88.18,102.09,10.8,21.18,137.27,Crítico
35.51,56.67,116.52,9.65,23.7,32.16,Crítico
31.73,70.83,101.28,9.75,52.36,106.31,Crítico
37.54,93.0,47.82,6.24,26.79,22.58,Crítico
102.47,62.6,58.33,2.3,94.45,71.16,Normal
76.29,45.24,62.32,2.37,63.07,72.41,Normal
65.12,55.82,92.12,5.21,70.66,83.92,Alerta
79.26,45.36,68.78,1.15,97.6,60.95,Normal
57.82,76.5,82.75,4.53,68.96,96.28,Crítico
67.56,79.18,88.02,3.69,63.94,48.65,Alerta
45.93,84.21,108.38,10.18,42.75,109.52,Crítico
53.19,70.68,88.9,5.29,73.64,86.3,Alerta
67.67,71.28,82.04,4.8,68.72,81.39,Alerta
65.79,77.82,87.81,1.62,71.27,85.09,Alerta
42.87,98.14,109.76,9.0,49.17,134.05,Crítico
72.55,56.71,45.83,2.55,89.57,79.98,Normal
86.76,54.89,69.16,2.02,85.14,42.68,Normal
35.56,107.1,103.71,7.23,52.8,33.89,Crítico
33.69,100.66,99.88,8.48,43.6,138.68,Crítico
94.73,56.92,61.04,2.07,86.71,72.21,Normal
73.54,54.39,60.86,2.19,89.62,62.98,Normal
68.43,72.86,71.34,5.34,68.06,90.81,Alerta
41.04,82.21,106.86,9.43,33.63,15.44,Crítico
44.58,104.21,104.8,11.15,49.99,136.3,Crítico
51.93,73.09,75.21,4.84,64.05,85.94,Crítico
94.84,63.44,60.54,2.13,89.04,69.28,Normal
68.56,76.25,90.15,5.01,68.25,96.16,Alerta
53.09,74.02,73.66,3.66,69.67,85.24,Alerta
94.4,50.37,66.56,2.69,84.78,73.67,Normal
99.52,60.67,55.65,2.52,88.5,67.01,Normal
70.72,40.55,62.92,2.69,98.85,47.95,Normal
89.36,53.56,52.65,2.11,78.43,54.14,Normal
87.69,61.56,45.38,2.38,76.61,75.58,Normal
74.04,41.6,56.8,2.3,96.13,57.69,Normal
98.94,41.74,49.31,2.13,89.08,67.26,Alerta
50.15,66.54,50.25,5.35,72.43,86.94,Alerta
25.17,99.27,100.03,8.71,39.32,67.34,Crítico
106.3,47.89,62.58,2.56,90.66,65.32,Normal
96.47,47.47,47.58,2.43,98.22,57.13,Normal
92.15,46.28,68.76,2.02,87.24,84.25,Normal
80.9,40.23,48.15,1.29,97.97,71.6,Normal
80.82,52.71,58.12,4.45,83.54,44.94,Normal
36.59,107.22,105.32,11.12,52.72,10.97,Crítico
30.88,97.37,112.27,10.43,39.93,110.16,Crítico
77.47,75.88,77.15,4.22,70.72,97.34,Alerta
87.75,40.81,64.22,2.25,87.96,68.36,Normal
98.49,49.84,67.66,1.95,95.83,42.89,Normal
57.69,66.89,81.9,4.25,61.51,81.45,Normal
37.02,88.69,101.03,5.38,21.09,128.51,Crítico
57.99,75.95,78.04,5.91,70.35,84.18,Alerta
100.79,60.4,66.37,2.71,98.01,50.43,Normal
107.36,52.63,58.26,1.62,88.57,72.05,Normal
48.23,84.66,95.51,11.29,56.78,132.29,Crítico
31.96,86.82,98.87,7.31,41.84,21.97,Crítico
74.54,60.74,56.76,1.32,91.74,58.61,Alerta
56.17,61.91,51.79,1.14,94.98,48.29,Normal
42.36,56.99,118.02,8.93,57.4,21.45,Crítico
80.37,53.94,57.7,1.25,79.38,76.1,Normal
67.8,73.63,93.91,4.76,66.2,87.93,Alerta
24.72,96.75,112.06,7.56,51.36,30.86,Alerta
55.96,76.51,76.64,5.37,71.05,94.88,Alerta
67.78,53.93,54.84,1.82,80.8,79.15,Alerta
31.77,105.28,116.29,9.69,31.55,14.76,Crítico
54.65,66.62,80.39,3.47,64.83,89.85,Alerta
107.33,51.78,50.66,1.47,97.29,78.56,Normal
100.89,53.82,68.41,2.68,85.5,49.52,Normal
94.73,55.65,67.63,2.34,89.75,46.23,Normal
89.55,42.26,67.54,2.79,80.33,65.36,Normal
76.19,49.24,65.98,1.1,94.02,43.5,Normal
27.29,80.47,115.61,9.18,57.83,103.63,Crítico
42.39,88.38,103.74,7.28,40.07,139.98,Crítico
27.52,94.92,118.12,11.1,32.6,127.89,Crítico
53.82,66.76,72.24,2.84,62.18,96.37,Alerta
35.5,92.88,49.12,7.59,58.17,15.13,Crítico
92.09,61.16,56.24,2.28,85.06,47.26,Normal
86.34,54.46,59.91,2.23,86.26,66.42,Normal
39.36,88.93,106.3,11.41,42.0,24.05,Crítico
96.36,67.49,58.59,1.02,82.6,53.9,Normal
46.59,90.05,114.34,10.65,46.49,15.28,Crítico
99.04,58.46,62.94,2.47,88.34,40.97,Normal
31.77,88.82,106.11,9.81,86.61,108.32,Alerta
71.39,73.3,65.78,2.36,86.4,78.96,Normal
74.75,86.34,113.9,11.55,53.0,129.16,Crítico
106.24,53.56,65.29,2.78,99.61,41.43,Normal
97.64,44.34,50.86,1.24,87.66,56.24,Normal
40.54,103.2,107.39,6.59,41.18,103.65,Crítico
43.23,107.71,114.91,11.19,39.6,28.68,Crítico
26.21,107.76,101.86,10.55,22.12,118.11,Crítico
60.64,71.9,73.27,4.48,64.53,99.48,Alerta
108.14,52.94,54.08,1.92,80.37,52.11,Normal
63.46,78.87,80.05,3.5,61.12,83.33,Alerta
72.26,45.75,58.72,3.9,84.5,76.18,Alerta
103.88,50.65,62.8,1.44,77.37,44.11,Alerta
29.29,89.77,116.26,8.48,45.69,27.97,Crítico
52.71,77.72,80.56,5.51,71.33,85.01,Alerta
102.69,40.28,69.0,2.19,79.86,71.07,Normal
57.32,66.96,92.32,4.93,66.95,99.75,Alerta
55.68,79.82,73.68,3.94,62.94,83.24,Crítico
76.45,40.48,55.66,2.16,83.05,67.06,Normal
70.59,55.37,54.94,2.27,95.57,60.43,Normal
101.46,52.94,59.64,1.62,85.15,69.44,Normal
47.49,104.18,110.99,8.07,48.32,20.05,Crítico
72.74,47.2,46.66,2.61,97.48,42.01,Normal
100.66,42.51,51.8,1.25,82.99,55.83,Normal
95.99,45.71,58.55,1.43,82.33,52.86,Alerta
58.6,77.36,84.52,4.39,60.4,41.72,Alerta
30.56,91.15,60.21,10.39,35.35,135.56,Crítico
106.34,67.96,84.21,3.43,71.01,99.73,Alerta
94.54,64.73,50.44,2.79,96.31,60.93,Normal
105.76,60.98,62.82,1.08,85.89,44.35,Normal
100.44,58.92,49.68,1.98,87.47,44.47,Normal
101.66,44.81,49.69,1.58,85.15,76.08,Normal
56.1,72.13,91.25,3.33,65.7,97.0,Alerta
96.04,62.49,48.1,2.3,85.68,58.51,Normal
28.28,103.67,98.71,9.55,32.74,34.55,Crítico
59.42,59.76,83.12,4.15,72.88,99.19,Alerta
100.49,45.7,65.91,2.08,85.57,53.92,Normal
76.98,53.61,68.35,4.25,84.15,71.74,Normal
65.5,50.19,46.54,1.86,86.43,77.03,Normal
76.78,43.53,68.38,2.15,86.0,50.32,Normal
87.94,49.66,65.64,2.36,80.21,48.39,Normal
48.36,107.38,66.77,10.82,27.23,121.63,Crítico
76.79,40.38,56.06,1.44,81.3,44.32,Normal
57.29,43.18,68.19,1.27,93.6,49.58,Normal
101.54,47.76,62.75,1.03,89.67,47.62,Normal
83.01,55.71,57.04,1.37,84.71,51.22,Alerta
87.27,43.15,54.56,2.44,93.01,66.83,Normal
70.98,50.06,54.74,2.39,89.85,60.53,Normal
71.1,60.63,69.3,1.41,89.46,60.94,Normal
63.53,73.2,93.84,5.36,93.27,88.48,Alerta
66.75,79.01,74.98,4.3,68.19,94.56,Alerta
67.04,79.11,82.47,3.02,67.59,98.28,Alerta
108.74,49.94,59.67,2.2,83.96,53.24,Normal
89.24,45.01,53.81,1.42,94.53,43.71,Normal
85.22,64.57,57.58,1.09,88.47,61.15,Normal
86.78,50.99,57.28,2.76,89.89,42.43,Normal
95.95,59.01,57.5,1.89,92.9,59.8,Normal
67.66,76.03,77.35,5.77,65.33,82.65,Alerta
95.82,45.89,47.19,1.23,91.58,52.64,Normal
88.37,59.46,61.17,1.06,92.15,61.91,Normal
31.25,108.44,100.81,7.26,48.72,18.85,Crítico
24.57,105.97,105.47,11.35,38.55,132.22,Crítico
70.45,89.38,117.56,6.94,36.78,112.28,Crítico
55.87,66.32,80.51,3.52,66.34,91.34,Alerta
99.14,60.72,47.21,2.21,80.33,40.86,Normal
98.1,54.07,85.61,2.42,92.79,55.69,Normal
81.65,44.27,49.02,1.39,88.68,54.24,Normal
108.64,48.17,63.05,1.03,93.65,41.9,Normal
75.61,61.61,63.47,1.19,90.77,53.68,Alerta
50.18,67.94,81.86,2.95,72.35,86.31,Alerta
62.57,71.29,92.08,5.19,60.8,84.35,Crítico
56.98,70.96,82.36,5.72,67.96,97.28,Alerta
96.35,66.1,66.3,2.05,95.55,48.87,Normal
97.11,52.51,61.38,2.78,92.36,45.28,Normal
33.02,45.69,115.76,8.6,20.83,31.71,Alerta
92.39,59.05,69.14,2.45,90.16,58.97,Normal
99.16,50.23,48.52,1.31,78.23,60.89,Alerta
94.92,46.01,63.96,2.54,83.6,70.31,Normal
98.19,78.41,68.26,2.27,95.12,60.86,Alerta
38.36,100.07,113.06,6.53,20.77,132.51,Crítico
91.11,45.17,63.69,1.28,95.68,96.46,Normal
73.54,50.94,56.19,1.25,61.19,77.56,Normal
79.29,48.58,87.43,1.78,93.65,45.78,Normal
30.86,83.36,96.86,8.0,23.06,34.47,Crítico
52.03,66.4,92.52,4.73,61.11,57.24,Crítico
107.72,62.74,69.55,2.14,94.37,51.05,Normal
56.59,74.83,80.29,3.49,73.22,93.1,Alerta
41.94,100.72,101.72,8.24,22.01,11.81,Crítico
62.86,72.28,82.11,3.77,61.52,81.37,Alerta
83.26,41.35,58.06,1.52,92.33,49.05,Normal
70.44,61.55,69.62,2.64,88.8,69.72,Normal
36.49,95.22,102.08,11.31,34.06,26.38,Crítico
73.87,47.14,53.81,2.43,90.21,66.71,Normal
63.64,66.02,92.16,3.33,60.4,70.36,Alerta
44.02,95.01,114.19,9.04,48.13,12.24,Crítico
88.51,62.27,49.14,4.98,96.69,44.82,Normal
45.0,99.33,110.43,8.73,36.85,103.26,Crítico
77.01,60.46,47.89,1.87,90.84,56.15,Normal
103.53,53.22,55.32,1.96,95.47,74.4,Normal
53.94,74.49,90.37,4.66,71.95,87.4,Normal
77.08,52.94,49.93,5.6,81.66,53.34,Normal
109.21,74.76,87.35,3.04,69.24,83.03,Normal
66.0,66.49,76.05,5.31,66.89,96.62,Alerta
63.12,69.26,78.75,4.29,77.67,81.59,Alerta
98.04,58.49,54.08,5.96,90.24,51.18,Normal
77.81,61.97,45.09,1.44,83.02,65.32,Normal
80.83,62.19,67.71,2.53,88.44,58.32,Normal
86.95,48.9,51.59,2.64,99.48,72.34,Normal
98.15,55.08,45.72,1.17,95.41,45.1,Normal
65.71,67.99,80.5,5.52,65.57,92.11,Alerta
34.78,98.88,108.13,11.94,20.75,102.08,Crítico
106.1,64.17,51.97,1.28,65.42,65.79,Alerta
88.67,56.26,57.26,2.27,94.36,62.58,Normal
90.02,55.67,47.02,1.91,90.71,69.06,Normal
85.78,64.44,57.45,1.47,84.45,72.53,Normal
58.71,71.7,79.1,4.16,70.35,94.34,Alerta
72.76,40.35,68.97,2.42,63.39,53.98,Normal
47.68,98.13,118.72,9.48,39.25,27.17,Crítico
55.76,67.55,79.62,4.4,64.7,93.12,Alerta
63.87,70.84,72.66,1.08,68.12,81.04,Alerta
50.13,72.91,76.41,5.92,71.52,91.55,Alerta
81.46,42.42,60.48,2.29,85.51,51.21,Normal
55.7,73.97,73.34,3.64,63.63,48.89,Alerta
42.47,106.41,119.68,8.85,31.21,86.25,Crítico
106.4,57.27,50.04,2.78,77.38,51.5,Normal
37.33,83.58,111.32,6.39,35.01,10.19,Crítico
72.95,48.23,52.37,2.32,89.65,43.57,Normal
86.88,101.43,111.43,11.31,37.9,33.99,Crítico
41.68,90.86,119.65,10.22,53.04,129.88,Crítico
63.98,76.25,78.01,4.97,66.39,89.57,Alerta
79.68,47.63,58.14,1.15,80.42,53.06,Normal
20.61,80.7,105.8,11.0,47.89,123.28,Crítico
102.66,46.65,57.16,2.35,75.92,46.01,Normal
91.77,49.34,55.3,1.91,79.83,79.88,Normal
40.26,92.68,103.07,8.79,46.5,13.88,Crítico
52.88,79.88,87.78,4.44,65.9,98.49,Alerta
54.38,79.6,80.46,3.3,73.96,82.28,Alerta
65.33,73.92,83.72,4.01,64.15,83.07,Alerta
52.96,73.6,86.73,5.88,69.9,89.84,Alerta
51.78,71.35,71.56,4.46,63.07,83.83,Alerta
51.92,67.25,77.43,5.32,73.97,96.88,Alerta
104.35,44.76,77.8,2.44,85.69,61.61,Normal
70.77,44.7,64.86,1.64,92.96,46.63,Normal
51.52,76.46,83.31,4.16,66.28,99.08,Alerta
78.98,64.2,49.32,2.54,87.21,71.23,Normal
96.28,54.49,45.12,1.57,86.45,53.15,Normal
95.48,46.25,81.74,2.76,90.61,56.17,Normal
60.78,69.01,86.33,5.33,66.67,86.34,Alerta
23.04,99.59,47.81,6.97,25.18,102.39,Crítico
56.36,61.55,45.79,2.52,90.22,67.97,Normal
62.93,75.33,80.78,4.66,72.4,95.32,Alerta
98.29,47.49,53.78,1.89,88.13,72.21,Alerta
57.5,106.46,113.54,8.98,32.93,25.48,Crítico
63.78,77.32,93.47,3.78,65.35,87.26,Alerta
88.99,62.21,59.76,2.61,99.32,75.52,Normal
64.91,78.11,86.35,2.94,60.84,90.47,Alerta
109.48,40.3,67.35,2.7,89.86,60.64,Normal
26.18,84.71,116.28,6.79,58.32,70.24,Crítico
72.49,44.91,53.13,1.29,90.85,59.66,Normal
22.24,106.52,100.2,7.42,46.35,67.83,Crítico
97.81,51.77,50.57,1.29,90.76,67.78,Normal
59.72,70.97,73.45,4.04,61.7,81.61,Alerta
39.94,83.22,118.44,7.66,41.15,27.34,Crítico
94.16,47.68,52.51,2.58,81.08,79.09,Normal
94.95,44.24,69.35,1.86,90.76,49.05,Normal
54.8,74.04,53.01,4.15,63.44,95.16,Alerta
86.89,44.32,57.65,1.77,66.87,76.05,Normal
32.84,93.57,97.48,10.57,25.57,113.34,Crítico
82.7,62.6,54.71,1.91,66.53,68.0,Normal
65.79,67.42,64.39,3.02,62.32,92.8,Crítico
91.87,54.22,65.28,1.91,77.27,58.26,Normal
61.0,70.26,84.05,3.28,81.62,83.56,Alerta
60.82,79.99,92.12,4.68,67.98,88.02,Alerta
82.1,49.7,66.48,2.54,99.56,71.15,Normal
73.65,53.15,48.85,1.56,85.43,66.15,Normal
73.26,42.16,69.37,2.09,98.21,60.39,Alerta
54.33,78.1,79.8,3.6,66.8,87.59,Alerta
67.36,78.44,81.16,1.87,64.92,83.0,Alerta
60.26,75.95,93.03,5.22,66.96,93.94,Alerta
92.66,45.77,59.22,2.4,83.69,49.09,Normal
72.63,42.4,65.29,1.3,83.66,51.21,Normal
92.15,57.33,65.43,1.98,90.16,74.38,Alerta
89.93,41.32,45.69,2.69,68.3,49.2,Alerta
109.54,57.99,64.21,1.72,91.37,64.33,Normal
72.63,88.22,103.33,6.22,40.07,101.14,Crítico
87.5,51.34,58.64,2.63,88.08,74.83,Normal
68.6,79.15,86.56,4.07,62.7,89.84,Alerta
107.59,59.96,60.15,2.49,89.0,62.27,Normal
59.54,67.0,76.75,2.93,73.07,89.13,Crítico
81.76,63.06,64.26,2.13,93.47,58.27,Normal
38.61,89.01,119.58,9.55,38.01,117.92,Alerta
55.92,67.95,75.05,2.35,65.41,92.73,Alerta
52.36,75.86,85.24,1.49,60.95,98.17,Alerta
36.69,85.37,105.35,7.02,25.37,108.46,Crítico
20.35,100.4,110.48,10.16,58.91,60.43,Crítico
26.76,88.9,106.65,9.89,29.49,114.99,Crítico
54.91,67.94,75.65,4.63,60.86,88.92,Alerta
78.94,61.12,64.96,2.33,87.07,70.47,Normal
89.34,42.15,55.6,1.37,96.16,58.7,Alerta
67.1,74.37,86.17,5.83,61.86,86.83,Alerta
85.16,52.06,50.26,1.21,81.37,77.12,Normal
64.63,94.78,106.63,11.26,44.81,37.62,Crítico
61.3,74.23,84.78,4.72,72.33,88.54,Crítico
88.97,46.57,59.16,1.91,95.46,75.43,Alerta
62.9,72.32,86.46,5.34,68.54,83.62,Alerta
31.69,59.98,119.34,8.83,48.88,20.34,Crítico
64.63,73.76,73.56,5.51,72.76,93.34,Alerta
98.96,44.21,58.43,1.48,93.49,46.59,Normal
52.11,78.8,88.42,5.59,60.42,92.36,Alerta
94.62,61.53,56.81,1.18,81.9,43.76,Normal
85.89,57.98,90.86,2.62,77.89,65.47,Normal
53.4,71.36,78.54,3.17,66.25,45.32,Alerta
46.88,88.31,95.87,8.86,38.89,49.44,Crítico
71.25,56.57,63.33,2.73,98.04,57.81,Normal
82.88,60.49,67.36,1.77,83.77,50.53,Alerta
106.45,51.35,67.37,2.01,79.85,78.28,Normal
93.11,57.73,51.36,1.15,98.66,80.71,Normal
81.84,43.39,64.57,1.83,85.47,74.68,Normal
21.53,90.32,97.12,9.63,36.72,103.13,Crítico
97.84,44.9,52.31,1.08,79.05,64.2,Normal
100.37,59.53,52.05,1.34,85.65,43.4,Normal
78.45,43.93,54.4,2.6,80.39,69.64,Normal
82.65,47.62,62.6,2.21,94.76,50.91,Normal
63.09,53.36,74.42,2.99,73.11,94.67,Alerta
99.26,51.07,56.65,1.74,92.07,68.69,Normal
30.19,109.16,112.54,8.64,32.36,23.32,Crítico
86.67,67.03,78.31,4.25,71.52,92.41,Normal
100.49,61.86,54.17,1.65,79.25,52.13,Normal
81.29,78.76,83.06,4.66,64.5,93.67,Alerta
61.61,44.11,86.65,3.95,62.67,82.4,Alerta
83.84,56.39,49.11,2.67,93.46,43.83,Normal
57.28,69.64,52.84,3.36,66.96,83.44,Alerta
91.28,44.71,54.21,2.22,90.01,56.95,Normal
107.17,40.94,48.25,2.41,85.94,83.28,Normal
66.54,57.46,75.07,4.94,73.94,94.22,Alerta
95.37,61.49,82.75,2.2,80.69,70.95,Normal
33.12,108.87,106.89,6.38,48.67,10.48,Crítico
24.98,102.43,100.68,9.21,48.45,32.26,Crítico
103.92,61.42,49.89,2.29,98.54,72.3,Normal
92.81,64.5,52.04,2.61,93.78,46.38,Normal
68.66,70.0,88.89,5.68,61.01,87.81,Alerta
49.6,95.1,116.18,9.4,21.21,35.42,Crítico
105.92,49.75,51.97,1.17,99.35,51.59,Normal
20.38,94.78,108.38,10.95,23.21,108.23,Crítico
43.25,59.59,107.75,9.76,20.82,27.8,Crítico
27.83,94.18,114.12,10.01,50.97,119.88,Crítico
81.83,57.75,61.42,2.77,88.49,48.56,Normal
95.27,41.36,68.59,2.82,78.1,47.58,Alerta
47.7,94.82,114.84,8.04,54.03,30.76,Crítico
105.92,53.3,56.04,2.36,82.56,48.36,Alerta
91.88,42.97,62.54,1.57,92.52,55.29,Normal
67.27,54.52,45.87,1.05,83.39,79.05,Normal
99.18,40.78,68.67,2.74,92.56,74.48,Normal
60.42,72.45,89.81,5.55,67.01,91.07,Alerta
65.4,66.52,59.13,5.85,67.2,81.13,Alerta
79.87,49.08,46.5,5.69,86.63,52.17,Alerta
94.42,43.94,66.38,2.42,91.97,79.43,Normal
73.07,43.11,66.74,2.41,98.69,68.41,Normal
89.75,62.53,59.38,2.14,92.26,40.37,Normal
57.05,74.94,92.75,4.46,63.09,96.13,Alerta
78.23,41.19,61.42,1.58,97.52,63.13,Normal
23.95,81.47,108.7,8.43,42.4,23.42,Crítico
68.57,66.03,71.01,2.94,64.78,96.44,Alerta
99.92,52.63,49.53,1.47,75.03,59.71,Normal
55.53,73.4,80.72,3.36,72.38,97.84,Alerta
60.08,68.04,80.91,3.62,71.73,82.88,Alerta
90.75,41.42,59.43,2.22,92.24,55.76,Normal
97.08,49.09,69.97,2.39,82.53,67.43,Normal
61.21,69.91,76.73,5.12,62.38,88.7,Alerta
26.76,80.23,71.37,11.18,41.78,122.38,Crítico
70.5,51.52,51.81,5.94,77.18,63.28,Normal
72.88,47.82,56.92,1.3,98.17,44.37,Normal
88.01,61.57,49.81,2.75,93.28,42.7,Normal
75.33,57.55,59.05,2.65,84.45,51.81,Alerta
79.24,49.48,56.28,1.59,96.54,76.06,Normal
62.0,67.9,94.85,3.57,72.94,98.08,Alerta
39.48,101.34,104.64,8.3,42.64,19.45,Crítico
82.72,41.41,67.27,1.92,99.08,77.39,Normal
75.5,65.82,63.19,1.14,79.62,68.95,Normal
22.61,104.97,91.14,8.78,32.19,126.91,Crítico
48.06,99.49,114.8,1.05,52.44,31.61,Crítico
54.76,66.31,84.43,4.98,64.86,60.83,Crítico
29.8,90.08,115.17,7.35,61.81,109.48,Alerta
83.67,76.49,50.94,1.16,97.89,46.33,Normal
105.23,58.08,49.49,2.38,92.5,42.44,Alerta
44.58,95.55,100.73,5.0,22.03,115.31,Crítico
98.65,63.15,67.53,1.57,79.4,75.13,Normal
25.43,86.26,95.17,9.71,29.17,31.62,Crítico
60.64,76.65,73.28,5.26,69.45,83.27,Normal
82.38,96.6,101.98,7.78,27.01,121.16,Alerta
74.88,45.85,66.29,2.19,96.67,43.83,Normal
37.94,83.58,102.65,9.93,37.0,80.5,Alerta
67.98,70.73,80.37,5.65,60.21,91.25,Alerta
90.45,56.76,56.28,1.7,99.4,43.74,Normal
50.73,67.85,88.37,4.36,60.79,100.0,Alerta
23.73,106.32,96.41,8.38,50.35,127.04,Crítico
64.6,70.73,87.9,5.54,66.53,83.64,Alerta
95.72,59.26,92.2,1.56,76.19,51.38,Normal
59.96,78.68,76.4,2.49,65.91,93.13,Alerta
106.53,41.06,74.47,2.3,97.94,61.68,Alerta
27.24,105.73,97.54,9.47,51.74,108.11,Crítico
109.89,47.02,49.11,2.32,95.0,44.53,Normal
98.77,52.16,47.85,2.78,70.48,48.4,Normal
102.71,54.81,60.09,1.67,96.99,78.84,Normal
80.38,56.31,68.89,2.3,83.12,43.93,Normal
74.75,57.76,59.49,2.55,90.63,50.69,Normal
32.34,107.11,112.74,8.98,55.84,137.09,Crítico
37.51,106.69,109.28,7.39,33.15,110.68,Crítico
100.18,64.27,45.43,2.61,82.01,66.99,Normal
51.8,69.7,74.36,3.42,64.57,91.01,Crítico
54.39,76.21,93.51,5.14,66.94,81.47,Alerta
41.66,70.89,111.21,7.91,35.16,101.52,Crítico
95.98,57.23,67.21,1.26,89.43,55.35,Normal
102.33,80.52,96.71,11.42,39.37,28.93,Crítico
52.88,79.54,87.32,5.84,95.95,92.25,Alerta
96.91,64.9,57.07,2.09,95.61,61.25,Normal
93.93,51.17,46.23,2.16,90.24,62.49,Normal
86.14,57.76,57.75,2.45,94.32,71.89,Normal
96.39,60.27,63.24,2.65,97.72,41.75,Normal
99.74,49.31,64.05,1.7,78.41,58.86,Normal
109.51,56.73,60.99,2.27,78.33,74.61,Normal
50.57,68.35,80.02,2.98,61.41,97.81,Alerta
39.75,91.87,95.4,9.82,43.82,113.13,Crítico
66.26,67.33,85.52,3.09,63.9,90.73,Alerta
58.48,78.85,87.68,5.59,72.87,84.3,Alerta
51.26,74.15,79.1,4.79,73.29,99.93,Alerta
52.21,77.52,89.22,5.17,65.16,82.54,Alerta
45.87,107.49,117.54,6.8,53.97,110.21,Crítico
73.43,63.02,50.38,2.15,61.94,76.74,Normal
62.23,43.1,88.51,4.48,72.39,95.4,Crítico
72.07,59.59,67.78,2.78,96.09,62.44,Normal
47.18,90.77,109.81,8.9,54.98,126.81,Crítico
56.71,72.07,91.34,3.13,66.25,86.66,Alerta
71.3,50.93,79.93,1.21,79.81,65.8,Normal
79.56,41.54,58.31,2.52,84.94,62.76,Normal
72.18,45.28,69.04,2.75,91.7,54.37,Normal
71.44,43.41,56.7,1.73,78.65,62.97,Normal
64.15,70.35,77.49,3.72,61.76,88.59,Alerta
93.38,56.12,54.55,4.95,87.62,57.07,Normal
93.69,56.84,59.74,2.52,96.87,53.51,Normal
82.26,61.12,57.2,2.57,91.52,65.74,Normal
34.34,62.8,112.42,6.68,36.0,100.66,Crítico
62.2,64.42,88.41,2.94,61.1,83.57,Alerta
71.82,45.63,45.25,4.15,83.47,60.66,Normal
56.62,78.78,82.6,5.55,60.45,94.84,Alerta
34.38,110.0,73.27,10.19,30.44,130.26,Crítico
65.84,66.61,92.34,5.91,68.0,87.17,Alerta
25.81,96.86,108.84,7.96,54.51,82.91,Crítico
93.5,72.16,81.0,3.81,65.86,91.07,Alerta
97.9,56.08,54.2,2.02,92.16,48.8,Normal
66.92,67.23,90.82,4.76,60.98,87.15,Alerta
23.93,107.35,111.09,10.72,23.3,127.65,Crítico
65.62,69.87,94.13,4.46,68.78,93.89,Alerta
20.46,107.86,113.55,8.92,54.23,19.75,Crítico
51.14,74.12,94.46,3.8,63.29,86.54,Alerta
38.78,57.37,110.65,8.43,45.45,27.83,Crítico
52.76,75.93,86.57,5.41,69.64,89.48,Alerta
26.65,107.19,97.56,7.69,50.72,129.41,Crítico
46.55,108.64,119.84,10.01,86.89,25.54,Crítico
50.68,68.68,74.5,3.35,67.0,99.17,Alerta
39.27,91.49,99.11,11.96,46.27,100.49,Crítico
76.11,59.54,66.46,2.47,96.22,68.1,Normal
90.28,53.71,61.11,4.71,82.17,48.14,Normal
34.96,98.58,100.48,8.95,59.5,22.07,Crítico
24.81,86.44,116.73,6.28,24.28,73.71,Crítico
100.56,48.17,56.88,2.62,76.29,57.68,Normal
34.7,89.27,117.55,10.94,56.92,129.61,Crítico
97.64,62.13,64.07,1.59,96.77,79.59,Normal
59.37,78.91,86.15,4.8,72.1,81.12,Alerta
35.46,103.65,112.96,11.65,69.12,131.58,Alerta
107.13,56.02,66.39,3.24,76.61,56.76,Alerta
93.34,46.74,50.5,1.45,87.55,46.77,Alerta
52.6,78.25,88.97,3.17,60.41,68.22,Alerta
23.85,86.82,108.89,3.36,42.85,134.53,Alerta
30.37,54.14,96.09,8.14,56.76,132.18,Alerta
77.75,63.42,58.89,2.78,98.36,40.44,Normal
82.0,56.9,48.52,2.07,99.79,50.46,Normal
60.36,70.63,91.12,4.92,60.9,99.28,Alerta
61.5,75.45,89.73,4.78,60.22,90.25,Alerta
98.53,41.32,49.04,2.15,93.62,75.6,Alerta
64.75,71.92,75.26,3.07,68.93,83.5,Alerta
54.21,91.11,112.79,11.27,44.95,131.0,Crítico
30.2,100.43,118.72,8.4,34.01,105.56,Crítico
26.82,94.1,108.99,5.34,57.62,36.73,Alerta
103.27,55.04,53.02,2.44,90.2,48.34,Normal
72.19,64.8,59.91,5.24,95.23,47.68,Normal
102.52,53.64,63.71,1.16,81.15,48.54,Normal
89.45,60.22,66.2,1.99,84.16,73.48,Normal
106.69,52.58,68.17,2.03,95.59,78.08,Normal
66.88,72.08,81.89,5.56,64.1,88.17,Alerta
84.59,50.07,57.94,1.91,91.72,61.5,Normal
61.87,73.46,94.67,4.0,60.11,85.22,Crítico
89.74,47.58,59.99,2.4,78.07,45.29,Normal
74.03,46.76,45.19,2.42,99.93,55.83,Normal
79.03,67.32,76.57,4.16,65.15,94.81,Alerta
108.07,59.17,61.84,3.99,80.28,78.94,Normal
21.67,89.6,99.99,6.53,38.44,21.13,Crítico
57.65,50.24,91.77,3.17,62.6,96.97,Alerta
89.59,41.77,60.71,3.43,81.9,62.89,Normal
46.12,103.01,104.43,6.58,52.18,33.09,Crítico
97.2,45.25,45.1,1.81,77.16,71.41,Normal
65.05,76.44,91.34,3.08,67.03,95.05,Alerta
32.89,83.55,109.27,8.62,76.98,125.6,Crítico
80.6,98.01,107.3,6.39,36.55,36.97,Crítico
102.75,101.17,97.36,7.58,25.03,102.96,Crítico
20.21,80.47,117.71,6.46,21.97,136.41,Crítico
84.13,48.34,49.16,2.46,99.02,61.17,Normal
105.38,42.53,85.37,2.36,89.67,44.68,Normal
98.56,53.3,69.23,1.01,99.5,45.69,Normal
72.46,47.0,46.52,2.35,89.82,51.93,Normal
102.27,45.23,76.36,1.09,80.77,52.57,Alerta
79.58,45.04,51.01,2.53,88.27,61.14,Normal
66.9,78.51,82.63,3.03,63.19,86.1,Alerta
74.59,58.87,67.07,1.51,92.31,51.04,Normal
70.96,46.61,60.52,2.63,89.1,72.6,Normal
53.7,70.69,91.11,3.28,63.31,83.59,Normal
71.66,45.95,62.85,2.5,80.75,55.21,Normal
101.87,57.18,45.43,1.72,79.6,50.48,Normal
77.46,43.26,53.61,1.35,95.18,49.16,Normal
66.37,77.44,72.65,3.25,71.85,86.38,Alerta
75.87,49.74,54.23,1.51,83.6,42.93,Normal
93.2,64.33,64.47,1.11,88.67,41.04,Normal
49.39,98.71,97.95,10.99,48.22,31.09,Crítico
96.53,57.89,58.52,1.61,96.28,56.07,Normal
72.85,62.2,57.21,2.18,96.7,71.45,Normal
86.73,56.06,54.0,2.13,81.8,70.96,Normal
36.33,82.0,113.37,6.17,34.11,11.25,Crítico
44.8,108.09,102.1,9.03,44.78,33.2,Crítico
24.83,101.37,105.41,7.21,40.1,35.24,Crítico
51.37,67.73,74.43,3.1,66.46,88.14,Alerta
51.72,71.96,79.64,3.95,73.72,96.32,Alerta
68.46,71.29,91.58,4.64,69.0,98.9,Alerta
99.74,47.54,63.52,1.93,82.44,52.65,Normal
54.17,74.27,93.38,4.47,69.58,97.08,Alerta
67.47,73.25,73.17,3.99,68.29,89.61,Alerta
62.81,69.27,79.84,4.77,64.02,82.66,Normal
53.18,78.87,73.92,5.07,70.15,81.17,Alerta
103.14,58.7,56.89,2.05,88.26,54.37,Normal
54.49,79.7,94.81,5.26,66.95,63.39,Alerta
84.04,57.03,47.59,2.56,76.74,53.96,Normal
93.51,74.55,77.95,4.01,72.94,82.12,Normal
55.93,79.5,93.26,5.88,71.15,92.93,Alerta
102.8,48.24,47.98,1.23,89.33,41.86,Normal
87.66,64.58,53.09,2.95,87.87,41.6,Normal
79.68,47.56,57.13,2.07,90.78,45.52,Normal
71.26,51.23,69.3,1.84,97.64,46.65,Normal
47.19,103.11,107.96,9.14,23.99,130.69,Alerta
72.75,48.44,68.18,2.31,78.83,41.08,Normal
95.24,49.79,55.5,4.19,97.1,53.82,Normal
53.96,71.2,82.34,4.18,65.38,89.79,Crítico
84.99,47.79,82.21,2.28,99.29,66.68,Normal
86.65,76.48,84.0,3.78,73.23,91.79,Alerta
27.74,84.89,105.46,7.45,48.35,124.5,Crítico
85.51,51.03,66.98,1.08,78.08,66.62,Normal
54.83,43.77,93.27,3.43,60.49,89.18,Alerta
51.13,77.51,91.43,3.79,66.47,97.17,Alerta
65.85,77.04,75.73,3.93,61.81,86.94,Normal
20.12,102.57,103.43,9.1,22.94,116.71,Crítico
89.58,44.32,57.05,1.83,85.05,72.82,Normal
71.93,41.38,45.8,1.12,97.81,48.9,Normal
69.62,70.21,76.66,3.13,72.33,95.56,Alerta
96.71,48.46,56.83,2.39,78.7,52.92,Normal
86.65,51.93,65.35,1.39,82.32,59.96,Normal
27.27,100.92,117.67,8.79,84.43,132.64,Crítico
65.94,77.99,83.81,3.09,73.11,91.79,Alerta
45.39,87.37,100.15,6.27,73.33,38.68,Crítico
90.56,100.36,107.78,7.26,45.47,110.36,Crítico
20.52,106.77,119.01,9.01,54.34,32.84,Crítico
64.69,54.18,85.0,3.81,61.82,93.1,Alerta
32.74,85.03,84.32,10.82,35.87,119.18,Crítico
74.01,47.59,50.97,1.78,75.91,59.2,Normal
58.55,71.04,59.93,3.8,66.51,100.0,Alerta
54.27,68.88,76.16,5.57,62.81,87.04,Alerta
25.71,90.1,115.22,9.08,35.9,73.42,Crítico
90.21,43.06,56.35,1.95,75.38,46.36,Normal
91.0,63.92,50.21,1.99,95.92,50.19,Normal
78.43,87.46,106.63,6.86,56.21,20.9,Crítico
102.04,54.16,51.56,2.6,80.85,54.96,Alerta
65.67,78.43,86.73,5.67,73.9,88.56,Alerta
81.78,68.59,47.66,1.47,92.24,63.72,Normal
40.94,87.45,102.62,9.13,30.26,111.59,Crítico
61.65,66.94,85.67,1.25,61.96,82.78,Alerta
33.81,100.37,99.04,1.11,42.67,19.57,Crítico
106.07,75.03,76.05,3.07,69.01,98.8,Alerta
84.33,47.52,64.73,2.28,95.48,79.16,Normal
83.39,60.15,62.26,2.79,93.56,49.31,Normal
32.93,88.64,100.88,3.29,37.53,31.07,Crítico
52.04,79.06,79.53,5.56,61.33,82.11,Normal
64.39,75.87,86.14,3.87,70.96,81.22,Alerta
82.94,56.26,63.88,2.76,89.61,57.89,Alerta
76.58,49.96,63.97,2.26,96.89,62.28,Normal
71.25,74.44,89.9,4.06,72.36,85.17,Alerta
94.51,40.72,69.63,1.25,86.72,53.75,Normal
93.53,50.08,45.1,1.3,76.22,55.42,Normal
77.97,50.21,59.54,1.45,98.79,62.6,Normal
74.21,48.32,61.96,1.94,88.8,54.99,Alerta
67.05,72.87,88.54,4.47,73.54,84.32,Alerta
67.94,73.04,73.29,3.24,72.09,94.69,Alerta
46.86,106.58,99.44,6.68,92.36,13.79,Crítico
56.26,69.98,75.15,3.58,69.3,85.84,Alerta
79.86,63.34,59.24,1.97,82.41,40.56,Normal
33.25,82.01,98.62,7.97,27.04,116.95,Crítico
76.13,53.96,56.32,2.61,95.66,64.31,Alerta
55.31,74.57,84.08,5.28,70.8,92.87,Crítico
56.87,76.77,86.35,3.9,70.46,96.57,Alerta
97.89,42.1,51.36,1.68,75.43,42.94,Normal
73.57,62.24,53.97,2.16,91.04,56.72,Normal
61.53,66.9,84.9,3.46,68.63,87.95,Alerta
48.6,99.85,99.51,8.56,52.27,25.76,Crítico
28.37,89.79,105.07,1.66,34.62,111.54,Crítico
99.46,42.21,47.21,1.2,79.46,56.68,Normal
75.49,47.15,60.07,1.73,82.57,46.95,Normal
55.49,75.14,78.46,4.39,62.38,82.75,Alerta
68.26,77.31,71.37,4.09,70.02,89.02,Normal
61.42,78.44,92.59,1.47,66.06,91.9,Alerta
57.96,73.69,71.79,4.45,72.8,99.85,Alerta
39.74,88.89,113.55,6.12,40.63,30.06,Crítico
91.94,48.54,64.25,1.16,91.85,54.5,Normal
100.84,53.6,49.28,1.54,75.28,41.52,Normal
52.13,69.09,85.1,5.08,72.12,90.48,Alerta
53.8,67.44,80.49,3.9,69.01,97.99,Crítico
67.21,79.79,80.34,5.65,62.01,92.08,Alerta
96.86,45.49,66.64,1.44,75.86,76.79,Normal
97.42,60.03,68.83,2.29,81.92,54.34,Normal
50.08,69.27,80.39,3.87,60.97,69.79,Alerta
80.83,57.76,65.37,2.0,79.43,48.46,Normal
77.99,46.47,67.81,1.55,78.73,57.81,Alerta
86.08,49.68,64.6,2.09,80.02,54.06,Normal
83.16,68.92,81.16,4.09,60.02,98.3,Crítico
103.88,55.17,50.04,1.51,79.57,61.51,Alerta
96.67,52.88,56.61,1.47,83.98,41.14,Normal
90.12,40.03,63.91,1.19,77.26,47.82,Normal
72.08,52.13,58.71,1.69,95.48,40.93,Normal
52.78,73.57,55.02,5.21,62.84,91.24,Alerta
56.24,67.1,73.37,5.32,63.83,99.17,Alerta
61.52,79.92,81.05,2.98,71.2,90.95,Alerta
51.52,74.5,76.55,3.44,71.54,86.13,Alerta
76.04,57.68,55.04,1.65,72.42,55.7,Alerta
55.45,59.33,88.92,5.26,70.83,82.7,Alerta
86.28,60.74,61.07,1.01,91.41,62.33,Normal
74.68,46.09,55.66,1.82,97.38,75.81,Normal
102.87,61.04,57.52,1.06,95.85,50.24,Normal
85.47,44.79,62.66,2.34,84.5,50.41,Normal
83.37,48.08,58.61,1.35,77.51,41.63,Normal
80.04,52.35,67.1,1.64,79.87,47.07,Normal
80.39,70.09,62.34,2.7,79.27,67.75,Alerta
62.96,79.05,88.45,4.35,72.5,82.26,Alerta
100.92,46.93,48.42,2.57,98.04,66.49,Normal
23.33,86.12,110.09,10.2,57.79,116.93,Crítico
23.23,96.3,107.47,6.47,35.82,106.36,Crítico
65.26,76.1,83.17,5.57,65.67,93.26,Crítico
105.08,43.46,66.33,2.61,84.85,41.64,Normal
56.62,67.54,76.14,3.28,73.32,88.94,Alerta
31.07,84.72,110.16,10.04,30.42,36.33,Crítico
74.81,63.6,49.52,2.32,88.93,47.48,Alerta
94.17,46.38,64.73,1.14,99.48,68.1,Normal
77.93,42.06,55.35,2.16,78.06,41.89,Normal
82.61,61.66,64.38,1.7,81.03,55.56,Normal
89.72,55.58,65.27,1.31,78.35,49.64,Alerta
58.16,74.89,78.27,5.84,66.69,83.94,Alerta
86.3,56.72,66.0,2.68,83.13,86.14,Normal
102.26,43.93,46.31,2.75,79.79,56.44,Normal
81.3,44.95,69.0,1.3,79.22,72.81,Alerta
72.31,54.76,45.62,1.57,95.47,53.21,Normal
102.71,52.58,69.67,2.21,89.93,55.59,Normal
107.39,62.87,47.44,2.79,88.2,75.58,Normal
68.05,72.91,71.14,3.77,67.46,97.12,Crítico
28.1,80.84,117.05,11.32,38.26,22.06,Crítico
100.76,44.08,59.92,1.47,85.59,63.3,Normal
29.33,100.11,100.22,9.84,24.37,129.44,Crítico
54.12,70.77,83.83,4.82,72.38,93.39,Alerta
54.54,67.5,81.46,3.66,71.81,82.84,Alerta
79.61,76.24,53.04,1.52,97.13,76.11,Normal
48.69,84.18,85.74,10.61,29.23,129.39,Crítico
81.05,42.47,61.85,2.71,93.75,55.57,Normal
77.16,50.81,58.66,1.66,93.13,47.3,Normal
71.8,55.3,58.53,2.35,92.93,58.59,Normal
90.25,47.57,53.64,2.04,84.08,75.54,Normal
81.85,62.56,63.9,1.27,93.19,66.4,Normal
64.47,72.76,79.42,5.37,61.45,87.51,Alerta
94.81,58.79,94.4,1.34,77.11,45.14,Normal
67.11,71.36,76.38,4.25,69.77,83.31,Alerta
108.32,45.04,53.8,1.72,78.94,64.89,Normal
57.1,55.14,67.97,1.1,76.07,40.96,Normal
93.67,44.79,45.98,1.53,63.9,63.74,Alerta
51.88,79.74,81.51,3.69,71.34,86.98,Alerta
25.71,101.06,47.63,9.88,39.49,102.03,Crítico
31.5,96.55,118.55,9.4,34.04,22.62,Crítico
77.83,51.27,56.79,1.84,93.1,66.41,Normal
25.79,103.68,100.65,7.74,34.31,100.13,Crítico
75.11,54.43,94.91,1.1,77.83,58.19,Alerta
26.5,83.94,95.34,11.81,56.69,114.84,Crítico
100.36,49.54,51.63,1.71,84.18,41.57,Normal
105.45,49.48,66.85,1.81,93.28,62.04,Normal
91.42,43.73,66.23,1.2,90.45,56.32,Alerta
30.52,87.61,112.94,7.96,59.47,19.96,Crítico
58.47,106.88,112.55,8.66,33.24,138.9,Crítico
65.54,75.21,94.81,5.51,70.47,83.33,Alerta
80.04,52.23,46.01,2.54,61.04,64.66,Normal
24.59,107.97,102.74,7.33,31.2,37.8,Crítico
64.32,69.62,81.66,4.56,61.09,94.1,Alerta
24.87,106.75,96.89,9.85,50.06,27.96,Crítico
97.51,59.67,55.63,2.68,80.59,43.84,Normal
87.16,51.45,61.19,2.44,85.42,56.77,Normal
99.26,54.43,87.95,2.31,79.18,52.38,Normal
98.81,60.82,85.85,1.63,89.66,67.14,Normal
105.84,63.12,51.23,1.06,98.83,73.23,Normal
83.7,42.91,52.71,1.76,71.26,47.87,Normal
32.11,99.57,109.31,11.91,80.27,21.97,Crítico
21.39,101.04,96.12,8.03,59.43,28.29,Crítico
54.27,57.43,45.1,1.94,90.19,71.32,Normal
75.34,61.06,94.26,1.53,82.3,44.03,Normal
95.76,57.91,51.01,2.62,91.22,51.45,Normal
59.67,69.53,87.63,5.75,70.49,90.1,Alerta
49.2,91.06,103.48,7.04,44.23,128.74,Crítico
96.84,51.09,75.81,1.89,80.68,42.47,Alerta
104.23,58.74,69.7,1.34,76.34,76.15,Normal
105.3,48.23,50.88,1.86,81.02,59.68,Normal
48.99,88.02,106.06,11.12,26.15,20.08,Crítico
30.39,85.44,117.04,1.89,29.29,16.72,Crítico
97.46,52.96,51.48,2.63,94.26,77.83,Normal
88.01,56.16,53.86,1.35,89.9,53.02,Normal
90.39,50.84,64.32,1.34,85.05,75.31,Normal
26.06,101.43,105.42,1.65,33.63,137.82,Crítico
100.84,40.42,59.8,2.57,95.14,55.46,Normal
24.83,83.19,119.12,7.71,21.1,108.65,Crítico
102.23,47.86,81.6,1.36,93.33,68.9,Normal
107.79,42.61,55.7,2.62,91.6,67.32,Normal
77.09,42.5,62.98,2.75,83.74,41.13,Normal
86.21,46.05,59.18,2.31,87.36,70.35,Normal
47.25,96.69,101.3,7.96,65.33,33.8,Crítico
49.55,107.03,107.06,9.57,48.95,18.05,Alerta
75.59,59.37,65.44,1.54,83.14,75.08,Normal
55.31,69.53,89.22,5.97,72.88,98.37,Alerta
95.91,57.64,47.53,2.32,87.94,40.76,Normal
32.12,109.13,112.55,8.89,24.46,130.01,Crítico
97.55,57.4,66.56,4.16,96.83,73.78,Alerta
43.03,93.77,119.03,8.06,78.45,127.64,Crítico
107.35,63.0,56.59,2.71,73.73,60.81,Normal
76.59,44.49,45.52,1.53,95.67,43.06,Normal
71.22,49.23,69.65,1.13,92.05,69.18,Normal
95.47,63.47,66.75,1.65,89.77,52.61,Normal
40.75,105.72,80.54,7.71,44.15,136.49,Crítico
60.1,77.33,74.5,5.76,73.01,83.39,Alerta
75.38,52.65,66.06,1.38,77.69,75.54,Normal
79.63,57.88,53.51,2.59,85.05,52.74,Normal
78.23,52.06,66.2,1.37,75.07,51.22,Alerta
62.54,72.65,84.09,5.19,68.26,96.05,Alerta
85.73,44.22,65.02,2.54,87.43,51.42,Normal
101.01,60.13,56.51,2.4,94.15,63.84,Alerta
106.6,60.53,59.5,1.23,92.09,61.14,Normal
54.69,76.95,91.87,2.22,66.6,95.51,Alerta
64.27,68.33,77.32,5.95,66.64,89.79,Alerta
108.53,48.99,58.1,2.51,78.39,71.45,Normal
85.51,58.77,63.45,2.57,76.53,51.06,Normal
62.15,71.41,88.91,4.29,72.92,83.22,Alerta
52.91,68.86,83.61,4.93,70.63,91.13,Alerta
70.66,61.6,67.94,2.77,93.98,62.86,Normal
60.91,78.81,79.41,4.52,62.03,89.39,Alerta
86.59,57.18,56.84,3.33,85.75,49.55,Normal
103.68,62.74,64.81,2.49,87.86,53.05,Normal
20.01,93.05,100.12,9.93,23.87,130.42,Crítico
92.39,49.24,69.24,1.14,77.24,46.09,Normal
58.55,75.64,84.31,3.36,71.52,86.6,Alerta
59.69,67.16,86.91,5.84,61.43,88.74,Alerta
99.52,61.75,92.06,1.64,86.41,52.95,Normal
36.63,85.2,114.28,2.63,26.95,22.84,Crítico
72.41,45.5,60.74,1.9,93.29,70.16,Normal
22.7,92.89,113.22,9.95,52.81,19.67,Crítico
54.69,71.62,83.97,4.81,77.56,86.28,Alerta
50.03,53.62,84.6,5.3,60.42,99.57,Alerta
91.98,54.48,66.01,2.02,88.4,45.5,Normal
91.19,63.45,49.26,1.39,92.71,54.27,Normal
58.44,67.77,87.81,3.08,73.68,86.65,Alerta
77.39,57.17,66.08,1.16,88.35,69.61,Normal
105.68,43.79,49.84,2.49,88.39,70.73,Normal
61.86,76.01,86.77,5.06,71.3,98.73,Alerta
58.26,68.63,71.45,5.64,66.66,96.8,Alerta
79.02,44.1,59.57,1.04,77.47,62.78,Normal
101.63,43.18,62.39,2.61,89.46,45.41,Normal
93.01,58.52,60.81,2.16,76.97,54.24,Alerta
30.43,102.56,119.34,11.48,49.43,122.52,Crítico
86.94,68.88,73.34,2.93,73.33,90.35,Alerta
60.83,75.24,81.57,2.95,64.08,97.86,Alerta
108.8,47.82,61.16,2.4,77.9,61.02,Normal
98.5,57.8,50.34,2.93,97.47,67.54,Normal
78.1,41.31,63.91,2.74,91.32,63.42,Normal
49.5,102.64,104.82,10.54,33.45,61.87,Crítico
76.1,42.5,65.93,1.5,97.26,59.9,Normal
97.82,49.59,55.02,1.92,76.32,56.21,Normal
31.02,102.61,64.86,11.1,25.77,32.51,Crítico
85.72,62.11,64.76,1.63,76.75,70.99,Normal
56.52,73.6,80.31,3.78,68.36,87.36,Alerta
84.91,43.78,56.2,2.64,80.3,66.16,Normal
52.24,71.12,64.71,4.27,60.82,92.51,Alerta
42.31,109.53,103.7,9.94,32.65,114.14,Crítico
81.69,49.58,53.8,2.33,89.45,63.63,Normal
53.87,73.71,82.33,4.94,61.78,86.37,Alerta
41.92,104.46,101.53,10.5,49.83,137.44,Crítico
58.76,78.13,85.79,3.33,62.61,97.35,Alerta
23.85,92.57,101.7,11.03,36.35,126.49,Crítico
87.1,63.58,75.48,1.3,85.72,69.14,Normal
103.22,42.61,55.61,2.05,75.77,57.61,Normal
55.92,75.79,85.57,4.28,70.54,84.32,Alerta
28.1,91.87,107.84,11.86,50.02,72.86,Crítico
57.31,76.17,87.41,4.17,73.8,85.41,Alerta
42.58,98.96,118.51,7.04,29.37,114.42,Crítico
88.85,63.34,56.84,2.53,99.29,61.53,Normal
60.34,71.88,71.13,3.44,61.7,90.82,Alerta
27.81,98.33,100.08,7.76,34.27,34.19,Crítico
96.92,43.02,67.79,1.48,96.42,41.33,Normal
94.14,57.86,58.54,1.1,92.47,63.07,Normal
96.6,56.64,62.89,1.88,93.35,65.21,Normal
95.82,44.06,65.26,1.98,96.76,50.51,Normal
74.32,49.97,47.39,2.08,80.1,74.17,Normal
62.02,75.66,93.39,5.76,70.25,45.68,Alerta
96.89,44.6,50.73,1.45,86.47,69.01,Normal
46.46,89.01,101.01,9.24,35.48,23.48,Crítico
50.65,70.05,86.62,3.61,60.08,96.97,Alerta
79.66,56.17,57.54,1.48,89.49,53.08,Normal
77.45,41.12,50.13,1.75,99.84,62.23,Normal
84.42,51.3,48.52,2.77,97.78,67.73,Normal
66.98,66.6,88.2,5.81,62.3,93.85,Alerta
98.02,60.36,60.68,2.22,84.88,45.78,Normal
25.43,104.08,103.8,7.84,55.11,133.6,Crítico
44.31,81.41,109.05,8.14,26.86,102.8,Crítico
61.64,66.4,92.98,5.83,65.88,87.76,Alerta
52.31,67.41,86.01,3.27,62.85,81.08,Alerta
68.19,79.82,83.98,4.53,71.74,85.82,Normal
30.61,60.87,112.17,8.0,40.08,127.16,Crítico
44.5,82.81,107.5,9.82,48.74,128.18,Crítico
81.92,52.85,50.27,2.09,92.72,75.95,Normal
56.0,75.68,76.44,1.94,60.59,96.29,Alerta
89.69,41.96,69.8,1.93,92.76,72.78,Normal
63.1,68.92,82.96,3.81,64.86,88.79,Alerta
97.7,42.49,54.25,1.01,87.23,45.74,Normal
83.65,41.78,54.78,2.44,86.5,77.51,Normal
38.44,109.46,105.53,8.86,53.52,92.32,Crítico
76.25,62.54,49.56,2.45,81.23,56.23,Normal
60.7,77.73,82.42,4.59,64.46,93.28,Alerta
67.05,76.02,77.66,4.63,72.43,91.42,Alerta
51.79,69.28,85.76,3.55,70.56,81.79,Alerta
67.84,74.94,72.02,3.36,69.64,97.83,Alerta
52.11,72.13,77.5,3.67,64.05,85.74,Alerta
68.75,63.23,58.1,1.69,96.61,69.84,Normal
83.95,63.64,57.16,1.74,83.77,68.68,Normal
82.83,52.47,48.36,1.19,75.44,56.05,Normal
109.87,58.4,67.23,2.39,60.11,40.93,Normal
88.96,64.2,59.14,2.0,94.66,65.67,Normal
74.71,45.97,45.65,1.45,76.88,61.57,Normal
76.4,59.79,48.3,2.21,82.98,53.86,Normal
25.48,93.23,98.89,9.73,33.44,130.41,Crítico
104.85,85.6,113.37,6.43,21.22,25.82,Crítico
36.56,52.94,108.68,11.4,23.83,25.86,Crítico
59.15,77.54,88.75,4.65,64.66,99.89,Alerta
59.53,70.94,85.08,3.03,63.66,91.13,Alerta
40.35,82.45,109.2,9.24,29.11,111.56,Crítico
55.03,55.77,49.57,2.2,89.42,75.33,Normal
83.65,48.63,51.1,2.73,89.68,77.16,Normal
71.93,44.12,53.63,2.72,78.22,44.68,Normal
91.95,59.23,62.82,2.0,98.65,68.05,Normal
35.76,48.15,101.51,7.18,38.07,22.99,Crítico
89.64,49.08,46.28,1.79,98.42,45.91,Normal
52.77,77.05,79.87,5.92,66.32,94.54,Alerta
58.49,79.31,85.86,3.85,64.91,98.34,Alerta
103.09,40.11,67.06,1.16,86.07,45.18,Normal
65.34,60.46,94.3,3.64,65.67,90.84,Alerta
52.5,71.83,90.14,2.97,67.43,98.78,Normal
79.28,59.02,66.97,2.28,87.25,88.38,Normal
20.51,85.59,109.71,7.01,21.4,112.91,Crítico
80.86,53.01,64.82,2.21,84.46,68.53,Normal
100.89,43.39,48.98,2.46,97.96,62.11,Alerta
102.17,44.72,69.28,2.48,85.1,50.38,Normal
99.82,42.58,52.44,1.12,77.36,74.49,Normal
36.45,96.1,106.27,2.87,24.69,28.79,Crítico
40.54,93.08,117.19,9.17,45.35,35.13,Crítico
72.64,57.6,66.53,1.98,84.76,43.4,Normal
109.27,76.19,74.16,5.91,67.05,82.23,Crítico
86.39,44.87,62.32,1.53,90.67,42.47,Normal
58.26,68.49,88.28,3.59,71.09,83.71,Alerta
82.41,59.28,60.75,2.68,99.81,68.02,Normal
41.66,93.66,105.35,7.92,58.03,133.69,Crítico
93.28,63.25,51.87,2.29,99.48,56.02,Normal
37.07,80.7,107.45,8.72,90.59,21.25,Crítico
90.05,50.3,51.24,2.7,75.74,44.04,Normal
58.59,72.21,81.5,5.59,61.64,85.21,Normal
107.77,42.27,56.51,2.46,96.16,46.27,Normal
78.64,68.38,64.4,1.16,91.99,42.02,Normal
95.11,42.68,58.94,1.56,82.3,77.44,Normal
73.37,61.59,47.34,1.74,83.7,68.38,Alerta
70.41,60.15,55.32,2.48,86.1,72.65,Normal
98.78,100.54,104.01,7.37,53.28,122.15,Crítico
78.82,78.49,48.29,1.15,96.42,67.88,Normal
67.96,75.42,82.93,4.05,65.26,92.78,Alerta
104.26,64.89,62.23,1.88,83.76,75.58,Normal
98.72,59.57,59.96,1.79,95.75,63.75,Normal
90.13,56.53,65.09,2.22,87.69,56.47,Normal
50.66,82.12,111.35,6.87,35.42,115.33,Crítico
96.54,70.02,69.82,1.01,76.58,65.09,Alerta
64.32,71.06,71.8,4.91,67.08,88.93,Alerta
72.07,48.86,91.22,1.21,83.23,41.73,Normal
79.38,72.34,49.21,1.93,99.34,55.1,Normal
79.94,64.57,58.4,2.34,90.99,53.87,Normal
58.66,68.65,86.57,3.38,68.26,93.09,Alerta
78.52,64.94,68.96,1.39,76.14,42.97,Alerta
86.87,51.07,45.21,2.62,91.31,52.48,Normal
76.1,51.02,53.24,1.5,86.36,63.03,Normal
71.59,58.24,49.37,1.29,89.31,45.47,Normal
95.21,53.36,78.59,2.32,94.53,52.32,Normal
97.13,69.25,84.93,5.87,67.24,86.16,Alerta
93.83,42.46,62.62,2.51,95.06,44.9,Alerta
82.1,58.06,64.44,2.43,83.45,54.41,Normal
97.3,49.25,48.65,1.77,90.76,64.54,Normal
72.82,47.4,66.55,2.53,78.86,68.07,Normal
51.98,69.15,94.5,3.53,67.34,94.78,Alerta
57.13,72.83,48.3,3.68,67.02,96.37,Alerta
70.98,52.65,54.66,1.27,93.83,86.03,Normal
71.7,51.88,52.13,2.58,85.2,50.21,Normal
76.96,48.34,45.75,2.3,78.69,42.4,Normal
107.08,41.31,54.89,2.77,61.6,64.67,Normal
95.27,41.23,68.45,2.25,90.6,64.13,Normal
65.55,46.19,54.96,1.0,79.78,56.35,Normal
31.74,90.31,110.23,7.65,91.85,116.96,Crítico
58.76,73.67,93.1,5.83,68.44,90.68,Crítico
60.66,73.55,86.17,3.33,73.35,85.19,Alerta
104.46,56.62,62.35,1.91,77.33,64.52,Alerta
85.07,58.43,62.72,2.08,98.76,69.97,Normal
59.38,68.07,93.29,4.2,64.34,97.47,Alerta
101.3,59.16,66.44,1.43,85.68,56.22,Normal
76.08,42.46,66.41,2.33,94.46,64.66,Normal
60.41,66.28,72.05,3.12,64.7,98.7,Alerta
23.32,94.75,96.38,9.65,60.15,14.31,Crítico
85.38,64.1,46.94,2.54,88.63,67.3,Alerta
89.87,42.17,62.88,2.47,89.06,43.99,Normal
80.79,61.41,46.82,2.27,97.8,79.98,Normal
90.01,53.19,60.07,1.69,81.22,98.0,Normal
59.07,72.81,61.28,3.86,71.57,94.34,Alerta
62.23,77.21,93.11,5.61,64.03,81.28,Alerta
82.13,60.69,57.34,2.12,79.38,46.71,Normal
86.75,55.1,55.99,2.42,82.41,41.09,Normal
70.72,46.68,69.79,2.12,90.89,58.57,Normal
91.34,62.88,49.01,1.63,92.29,48.58,Normal
87.35,43.93,68.52,2.71,81.01,42.94,Normal
57.12,78.82,75.2,4.91,97.52,97.59,Alerta
23.45,81.97,98.53,6.29,37.94,89.6,Alerta
96.65,52.74,59.48,2.64,82.87,58.1,Normal
77.12,42.34,66.72,1.58,75.15,77.74,Normal
101.9,52.81,56.73,2.41,84.84,50.14,Normal
79.99,40.92,56.35,2.73,83.74,72.08,Normal
76.51,50.45,67.33,1.75,76.74,50.68,Normal
43.61,107.75,117.8,10.17,24.46,138.69,Crítico
45.7,103.27,110.69,7.6,54.88,33.31,Crítico
79.95,40.6,45.56,1.47,99.99,50.07,Normal
93.33,47.92,67.79,1.53,76.59,56.91,Normal
109.03,40.04,54.98,4.7,84.2,66.88,Normal
86.69,42.2,61.98,2.3,89.33,59.39,Normal
65.67,73.73,84.78,4.22,73.92,89.2,Alerta
48.39,99.47,118.69,9.22,52.94,116.75,Crítico
90.74,47.35,55.75,1.9,76.79,60.39,Normal
80.0,59.52,69.86,2.23,94.59,56.93,Normal
23.34,95.13,96.79,11.73,89.06,29.66,Alerta
102.58,60.25,65.35,5.7,82.71,67.77,Normal
98.94,44.96,54.68,1.2,95.71,57.46,Normal
28.78,43.43,114.16,9.23,51.56,13.47,Crítico
96.01,58.62,59.15,2.75,91.47,72.66,Normal
107.74,49.17,67.88,1.93,91.96,68.83,Normal
98.59,50.98,64.01,2.77,95.79,49.4,Normal
95.86,45.58,46.81,1.62,81.13,74.11,Normal
66.75,79.1,92.56,4.28,70.08,86.58,Alerta
50.18,55.08,60.4,1.12,91.22,60.69,Normal
104.68,40.18,54.82,1.14,79.84,63.74,Normal
86.7,49.43,54.54,1.44,82.64,41.12,Alerta
55.95,67.61,92.23,3.02,83.87,97.27,Alerta
100.57,41.3,68.52,2.24,80.68,48.17,Normal
91.02,51.7,54.28,1.06,90.96,76.5,Normal
59.04,52.96,45.11,2.36,92.04,62.57,Normal
90.59,78.4,91.6,4.38,61.9,88.42,Alerta
37.51,87.68,100.98,7.51,22.61,36.46,Crítico
104.78,52.29,53.42,2.27,91.51,41.41,Normal
53.86,75.9,81.21,2.89,64.86,86.69,Crítico
93.6,40.62,62.63,1.42,89.37,78.25,Normal
80.05,58.89,65.95,1.86,76.53,52.12,Normal
60.96,78.14,86.44,5.59,71.08,97.18,Alerta
74.46,78.36,52.16,2.53,99.7,52.1,Normal
73.2,53.28,69.73,2.72,76.72,41.76,Normal
53.95,71.67,91.01,1.99,72.38,98.16,Alerta
76.54,47.66,61.53,1.9,92.65,52.93,Normal
98.33,43.64,61.0,2.16,98.34,59.22,Normal
104.74,48.07,72.52,2.62,87.55,42.15,Normal
70.52,63.81,48.2,1.07,60.22,41.56,Normal
105.04,42.23,63.5,1.77,86.15,64.82,Normal
31.77,74.44,106.65,10.5,36.41,38.82,Crítico
106.37,44.27,47.23,1.98,87.95,54.23,Alerta
41.64,107.32,117.35,9.95,32.93,38.8,Crítico
107.67,63.62,55.52,2.57,93.22,58.3,Alerta
108.8,61.94,55.58,1.96,85.78,41.27,Normal
32.86,108.46,61.44,8.68,41.66,36.82,Crítico
32.62,102.84,103.94,8.87,30.0,31.36,Crítico
29.0,109.32,108.04,8.33,42.89,106.64,Crítico
64.6,66.92,78.14,3.36,65.56,94.6,Alerta
83.01,64.66,50.77,1.45,93.63,59.16,Normal
99.52,64.92,46.61,1.23,80.19,53.83,Alerta
77.25,45.69,67.36,2.66,82.31,56.78,Normal
94.15,63.55,67.06,1.31,85.33,81.9,Normal
67.42,73.06,75.19,5.82,60.65,93.95,Alerta
105.7,56.75,64.08,2.35,79.03,69.93,Normal
46.57,63.26,119.86,10.04,54.64,124.91,Crítico
64.45,67.04,83.26,3.98,60.99,95.44,Alerta
101.01,64.76,45.79,2.27,75.99,61.38,Normal
67.49,77.41,94.25,5.08,64.5,84.58,Alerta
93.17,62.68,66.98,2.43,76.62,73.23,Normal
51.87,69.79,92.59,5.37,66.68,86.13,Alerta
71.48,55.58,51.82,1.83,82.73,64.48,Normal
53.2,68.39,74.39,5.84,72.36,97.64,Alerta
52.65,79.93,72.47,4.41,66.24,95.95,Alerta
26.95,96.44,116.53,5.75,53.41,17.54,Crítico
35.85,85.25,112.52,11.61,45.32,14.75,Crítico
59.46,78.54,83.51,5.23,79.84,81.63,Alerta
58.16,77.54,75.17,4.09,70.39,93.67,Alerta
51.73,70.88,77.18,5.5,71.57,86.41,Alerta
102.06,51.24,57.7,2.14,75.42,55.09,Normal
61.23,67.87,72.74,5.99,61.62,87.39,Alerta
73.4,55.95,47.31,1.82,99.46,76.04,Alerta
90.11,50.48,53.27,4.33,83.18,50.44,Alerta
48.08,94.16,96.24,9.92,22.23,36.36,Crítico
81.59,64.25,51.57,4.59,98.32,65.24,Normal
59.87,78.01,83.94,3.72,65.99,91.07,Alerta
57.34,72.85,82.87,1.79,71.9,81.14,Alerta
95.06,55.24,56.63,2.21,86.99,41.95,Normal
63.38,71.27,85.04,4.49,70.25,86.43,Normal
85.67,41.99,59.22,1.73,84.19,64.67,Normal
83.8,59.25,60.34,1.97,86.75,46.74,Normal
103.94,61.51,60.33,2.46,98.44,66.77,Normal
47.34,95.92,99.83,4.44,40.88,110.98,Crítico
92.11,46.85,77.32,1.03,75.09,48.34,Normal
108.22,56.37,49.7,2.1,85.87,66.55,Normal
75.65,49.19,46.47,1.13,75.68,42.29,Normal
92.63,53.46,50.43,2.44,90.48,72.56,Normal
61.21,76.75,73.82,5.71,66.69,87.1,Alerta
70.3,45.82,60.69,1.98,87.06,69.43,Normal
83.02,51.11,60.56,2.55,93.87,65.88,Normal
43.7,99.85,97.64,11.68,27.35,136.03,Crítico
36.6,87.46,118.2,11.42,32.9,110.74,Crítico
41.25,50.27,103.36,7.25,22.84,28.14,Crítico
87.74,40.01,47.49,1.7,96.6,64.06,Normal
62.23,78.27,73.64,5.19,63.54,84.51,Alerta
57.51,76.61,71.79,4.73,73.04,90.05,Alerta
44.79,84.58,105.96,9.78,27.48,11.13,Alerta
66.02,67.3,90.14,5.71,67.39,98.14,Alerta
85.89,44.81,54.02,2.06,97.95,69.73,Normal
79.5,55.09,68.51,1.06,91.74,60.97,Normal
94.99,63.06,54.22,2.29,87.9,67.97,Normal
81.44,45.67,52.2,2.61,66.89,59.23,Normal
64.69,79.34,76.45,5.93,72.05,93.15,Alerta
65.69,75.37,71.12,5.4,60.09,93.97,Alerta
108.19,41.37,49.99,1.41,81.1,62.62,Normal
78.83,60.08,51.22,2.16,84.61,53.12,Normal
71.5,62.12,45.27,1.69,90.83,75.33,Normal
85.31,48.43,53.46,1.23,98.48,74.3,Normal
94.61,43.89,50.04,2.08,94.8,44.88,Normal
38.68,96.56,114.83,4.22,27.57,14.41,Crítico
50.43,66.01,84.23,5.66,71.41,85.39,Normal
56.25,71.13,90.22,3.46,65.65,86.04,Alerta
46.34,70.28,114.39,8.91,32.49,16.78,Crítico
63.9,72.45,73.43,3.08,66.01,96.86,Alerta
95.96,96.23,108.48,11.17,32.66,103.38,Crítico
107.77,47.12,66.28,1.79,93.46,71.83,Normal
26.11,101.16,48.05,10.52,59.64,38.56,Crítico
86.91,42.84,46.4,1.48,85.69,59.56,Normal
106.6,59.51,73.91,2.66,77.95,56.04,Normal
63.31,66.85,83.86,5.87,67.72,85.37,Alerta
89.35,85.42,119.25,11.52,38.67,120.14,Crítico
89.29,48.23,92.86,2.49,91.73,76.96,Alerta
105.24,43.42,58.38,2.32,99.82,75.65,Normal
70.2,61.74,45.71,1.24,89.95,66.99,Normal
83.49,50.32,50.29,2.5,76.84,48.59,Normal
93.74,40.02,68.81,1.05,97.63,72.91,Normal
107.28,66.49,90.28,4.54,69.02,83.42,Alerta
37.05,78.2,104.02,9.14,45.06,105.7,Crítico
97.87,64.11,81.42,1.24,92.15,48.03,Normal
35.97,107.52,113.92,7.89,77.08,118.16,Crítico
84.35,56.93,54.11,1.91,83.37,50.3,Normal
81.41,47.11,47.26,1.91,94.63,45.23,Normal
107.47,53.46,60.67,1.94,82.89,58.75,Normal
68.04,68.68,87.03,5.62,68.08,87.73,Crítico
68.11,71.84,90.96,5.26,66.28,86.41,Alerta
95.36,52.8,68.51,2.8,99.73,56.26,Normal
56.21,73.48,82.97,3.82,60.54,90.12,Alerta
55.12,75.07,94.53,5.01,69.14,98.66,Alerta
94.08,42.23,65.03,1.05,82.71,79.64,Normal
62.6,69.37,85.58,5.61,62.71,91.95,Alerta
66.01,103.28,101.5,8.18,38.73,124.86,Crítico
68.58,74.55,89.96,4.76,72.6,98.74,Alerta
23.91,100.1,110.65,11.62,31.61,29.22,Crítico
102.02,88.36,110.51,10.37,21.03,26.62,Crítico
74.56,49.68,50.04,1.36,94.93,72.27,Normal
60.8,77.7,52.54,3.37,67.95,82.18,Alerta
57.6,77.33,76.48,3.41,65.49,87.47,Alerta
30.16,104.72,106.49,7.77,28.56,128.66,Crítico
77.46,61.31,65.66,1.7,76.44,77.72,Normal
90.81,46.44,52.41,1.04,97.66,72.46,Normal
57.93,72.4,94.78,4.04,68.4,89.89,Alerta
37.06,107.82,100.42,9.8,77.04,13.64,Crítico
58.42,40.07,58.59,1.71,93.26,60.39,Normal
57.66,74.8,85.03,4.28,65.11,95.83,Alerta
97.79,42.83,56.91,2.51,90.3,58.18,Alerta
65.2,78.02,76.28,5.09,70.01,96.45,Alerta
81.78,45.61,46.34,1.84,98.53,78.18,Normal
70.65,63.76,66.18,2.79,98.69,47.28,Normal
109.71,41.66,62.11,1.92,99.63,40.94,Normal
63.78,68.21,83.62,4.32,73.75,94.53,Alerta
62.35,71.87,73.71,3.58,73.35,93.0,Normal
67.08,78.85,80.17,1.72,63.97,95.05,Alerta
100.87,52.9,47.53,1.22,91.34,69.22,Normal
93.87,40.55,64.46,2.09,83.15,58.41,Normal
90.1,45.5,57.14,1.01,90.45,55.93,Normal
104.05,55.12,60.17,1.36,77.45,89.3,Normal
59.63,51.87,62.03,1.05,82.34,55.54,Normal
56.68,76.39,94.32,4.95,64.25,89.23,Normal
72.44,61.93,68.23,1.98,82.34,82.92,Alerta
80.62,46.63,63.85,1.53,82.04,48.45,Normal
78.17,42.14,63.67,1.74,99.45,53.07,Normal
73.8,63.29,61.47,2.03,87.77,62.53,Normal
101.01,46.6,64.08,2.23,88.62,45.03,Normal
106.57,45.3,49.95,1.31,78.87,64.84,Normal
66.67,67.91,71.61,3.96,61.53,92.95,Alerta
82.86,43.7,47.74,2.05,88.56,48.92,Normal
60.13,75.4,76.4,5.39,69.11,95.54,Alerta
66.24,72.22,88.34,4.81,63.89,89.94,Crítico
84.82,60.51,69.07,2.45,90.1,58.99,Normal
109.02,45.83,50.92,2.13,87.6,62.72,Normal
95.39,41.76,51.73,1.27,80.81,62.62,Normal
86.03,60.49,45.22,1.6,94.52,55.69,Normal
76.8,60.08,57.75,1.65,93.5,60.05,Normal
52.06,76.58,72.08,3.54,72.81,97.42,Alerta
94.31,48.47,46.0,2.24,80.0,61.02,Normal
33.65,88.94,114.05,11.01,47.98,130.46,Crítico
68.08,78.1,77.04,3.85,65.35,93.99,Alerta
26.37,91.56,110.33,8.9,29.68,113.61,Crítico
65.06,72.29,72.04,3.47,71.2,98.3,Alerta
88.05,48.39,64.29,2.71,81.24,57.86,Normal
39.97,103.06,103.46,7.23,24.27,62.44,Crítico
74.43,43.39,64.81,2.3,77.05,42.34,Normal
103.03,43.87,51.3,1.98,76.63,61.77,Normal
67.87,73.85,82.82,3.47,91.41,98.34,Alerta
92.71,50.07,68.01,1.66,76.9,53.2,Normal
108.99,51.18,69.27,2.61,86.88,58.56,Normal
21.05,88.76,119.36,11.21,39.16,119.6,Alerta
53.26,68.44,85.24,4.9,63.87,96.05,Alerta
84.26,42.55,49.24,1.48,89.82,61.09,Normal
108.77,59.16,57.18,2.72,80.01,52.45,Normal
87.54,40.94,51.85,1.02,98.44,55.62,Normal
101.34,48.78,50.97,2.07,85.31,48.96,Normal
51.26,76.79,72.8,4.94,62.41,83.36,Crítico
90.02,45.0,91.42,2.3,80.54,42.09,Normal
48.0,104.15,118.92,6.68,34.9,24.08,Crítico
104.78,100.91,112.62,11.61,26.75,26.9,Crítico
65.75,70.99,77.28,4.72,65.14,87.04,Alerta
41.2,90.12,98.69,11.78,50.63,112.69,Alerta
98.56,41.85,62.92,2.15,99.48,74.57,Normal
74.82,45.84,67.53,1.75,75.37,43.59,Normal
75.57,47.14,53.64,1.82,86.31,70.15,Alerta
67.02,78.82,60.76,4.57,71.66,95.46,Alerta
69.95,64.94,58.81,2.51,93.15,78.43,Alerta
54.32,73.56,86.61,3.18,66.82,97.17,Alerta
108.25,45.13,57.85,2.01,87.99,65.68,Normal
49.18,100.93,95.78,6.77,25.73,11.44,Crítico
42.03,98.49,103.63,1.55,23.86,127.31,Crítico
62.29,68.92,84.39,3.71,64.98,84.21,Alerta
79.36,57.45,66.89,2.21,85.99,76.85,Normal
68.39,67.14,82.43,3.09,71.58,82.77,Alerta
72.82,57.29,64.68,1.03,80.6,78.88,Normal
47.28,69.72,99.81,10.93,49.23,114.42,Crítico
97.52,43.09,65.79,1.05,77.49,77.34,Normal
85.02,42.44,55.62,2.64,86.53,73.48,Alerta
108.6,43.92,54.13,2.23,94.46,58.09,Normal
23.03,81.53,95.93,11.82,56.98,122.01,Crítico
82.12,50.27,57.66,2.59,93.09,45.33,Normal
89.09,48.56,48.03,1.19,95.14,58.03,Normal
78.54,42.07,54.95,2.62,92.33,85.09,Normal
62.86,70.41,89.26,5.51,61.39,88.33,Alerta
95.18,60.29,51.29,2.09,96.13,49.37,Normal
58.53,67.75,84.36,3.92,60.5,81.88,Alerta
29.7,44.53,113.57,11.77,22.07,110.65,Crítico
102.44,47.92,68.84,4.29,93.17,43.7,Alerta
54.33,67.37,80.91,4.76,68.37,98.84,Alerta
63.97,72.82,75.64,4.63,89.72,84.59,Alerta
80.94,42.04,46.78,2.28,99.64,75.73,Normal
70.04,63.76,52.0,1.53,99.73,43.41,Normal
72.66,59.89,57.73,2.38,98.94,48.43,Normal
56.63,78.87,64.97,3.87,70.38,87.27,Alerta
78.17,57.85,53.86,1.89,86.94,62.56,Normal
96.3,47.5,61.97,2.56,81.0,77.83,Normal
28.71,100.91,110.11,9.15,52.36,135.26,Crítico
102.2,51.88,80.36,1.82,80.25,68.2,Normal
85.94,64.02,67.63,1.75,96.83,50.38,Normal
20.77,89.86,119.34,7.36,56.84,16.11,Crítico
38.83,102.04,106.23,8.56,41.68,130.39,Alerta
92.81,60.11,55.3,2.79,84.04,67.15,Normal
37.4,102.08,117.71,9.1,27.33,110.06,Crítico
31.61,101.69,106.63,10.19,91.2,21.41,Crítico
34.95,68.54,119.05,8.26,39.08,114.35,Crítico
67.76,78.87,77.0,5.62,60.53,85.47,Alerta
37.81,106.96,66.66,8.89,46.81,136.91,Crítico
66.62,68.55,84.59,3.17,73.55,95.51,Alerta
65.25,77.29,84.81,4.73,78.67,90.3,Alerta
56.62,79.13,89.61,3.23,67.91,99.97,Alerta
76.67,40.62,81.66,2.56,87.62,74.91,Alerta
60.63,69.07,71.64,3.75,60.64,95.48,Alerta
73.45,48.44,52.42,1.14,91.76,75.27,Normal
64.12,73.81,90.26,3.27,63.02,90.69,Normal
89.32,60.87,47.68,2.53,90.1,51.15,Normal
34.02,105.38,101.97,8.44,31.98,40.42,Crítico
79.12,59.03,60.17,2.7,86.01,67.12,Normal
109.25,46.88,65.89,1.71,97.85,54.68,Alerta
82.37,93.88,101.82,11.94,31.82,136.7,Crítico
20.11,102.51,119.22,10.43,26.18,103.18,Alerta
58.73,77.19,72.87,3.76,66.38,96.19,Normal
64.23,73.79,89.66,3.85,65.35,90.87,Alerta
82.52,52.53,64.21,2.61,79.02,76.35,Normal
104.2,51.43,65.09,2.45,92.17,59.5,Normal
86.12,46.33,60.42,1.61,86.66,41.77,Normal
105.35,56.83,67.24,5.2,77.67,51.86,Normal
92.87,47.45,58.7,2.49,95.17,53.17,Normal
71.06,53.57,59.72,1.42,78.69,53.82,Normal
51.42,77.99,84.44,5.96,69.16,87.91,Alerta
80.04,51.23,67.87,3.24,97.02,63.56,Alerta
78.76,43.96,57.28,3.48,93.77,68.23,Normal
56.38,70.09,89.71,5.72,72.34,92.96,Alerta
51.27,70.19,91.76,5.27,70.35,94.42,Alerta
100.8,51.69,66.85,2.62,92.72,72.67,Normal
23.53,52.03,113.42,10.57,49.49,11.37,Crítico
77.84,46.92,64.38,2.21,78.59,52.45,Alerta
51.0,77.29,76.61,5.83,71.5,85.93,Alerta
92.31,61.91,46.15,2.59,94.49,59.82,Normal
91.86,50.97,53.6,2.33,77.62,47.06,Alerta
90.57,41.32,67.32,3.71,75.55,76.42,Normal
75.7,53.37,60.32,1.53,99.41,79.88,Normal
28.21,94.55,102.29,4.4,53.0,105.07,Crítico
84.71,58.73,52.36,2.23,83.88,46.7,Normal
37.29,40.61,112.46,10.1,20.74,35.19,Crítico
62.46,68.79,80.84,5.46,65.14,91.37,Alerta
51.88,66.48,74.88,4.76,72.86,97.12,Alerta
55.73,75.19,82.13,3.03,72.68,81.8,Alerta
66.05,62.83,59.52,1.22,97.72,61.42,Normal
53.35,70.53,93.88,5.88,77.02,96.24,Alerta
105.45,60.26,51.34,2.51,79.06,71.44,Normal
57.22,73.61,81.4,4.08,67.49,95.25,Crítico
90.89,43.36,69.46,2.41,78.92,50.3,Alerta
70.88,43.17,59.83,2.32,82.9,72.11,Alerta
74.92,56.79,65.05,1.9,61.69,75.4,Alerta
85.81,62.93,64.56,1.04,84.28,75.05,Normal
28.78,84.53,57.6,10.63,48.94,122.02,Crítico
93.15,44.18,58.24,2.4,95.08,61.27,Normal
58.36,72.62,75.17,3.1,66.34,88.39,Alerta
101.57,55.64,69.81,1.35,75.25,74.12,Normal
108.86,56.6,68.32,2.06,88.22,43.18,Alerta
47.98,88.88,115.35,7.62,81.17,102.68,Crítico
61.96,70.41,74.14,5.91,68.16,96.86,Alerta
55.11,77.07,72.47,5.95,72.7,81.79,Alerta
38.13,82.05,114.73,10.09,37.58,125.29,Crítico
60.55,77.65,76.07,3.46,66.04,98.2,Alerta
72.28,54.58,45.6,2.71,88.62,42.39,Normal
80.32,52.36,68.86,1.02,85.02,50.38,Normal
73.36,54.9,67.7,1.8,90.23,70.27,Normal
66.5,84.18,110.01,11.77,25.77,131.62,Crítico
91.78,52.35,54.84,1.84,91.52,83.37,Normal
49.03,98.32,110.49,10.71,59.76,95.93,Crítico
81.7,59.58,48.51,2.4,79.43,64.16,Normal
87.95,57.87,57.06,1.54,77.75,68.06,Normal
90.19,51.33,45.15,2.53,76.46,73.03,Normal
74.99,60.52,47.95,2.09,75.07,53.45,Normal
95.45,48.04,49.24,2.34,98.06,64.76,Alerta
33.57,85.02,107.75,8.67,46.21,118.82,Crítico
106.38,51.82,64.33,2.29,93.12,76.45,Alerta
46.99,101.99,97.18,6.17,48.4,112.48,Crítico
72.34,60.3,50.38,2.31,77.7,46.67,Alerta
95.93,55.44,69.28,1.11,90.99,50.15,Normal
79.3,53.53,56.52,2.28,77.73,42.31,Normal
87.19,51.52,53.69,2.33,92.08,58.67,Normal
93.81,47.1,50.3,1.91,85.2,70.28,Normal
55.86,76.68,89.77,3.17,63.04,98.63,Alerta
91.32,46.2,54.18,1.42,77.19,61.24,Alerta
83.67,45.25,67.64,2.64,96.0,64.0,Normal
104.83,40.99,56.25,1.36,90.98,56.99,Normal
44.51,83.74,106.57,11.18,28.81,123.68,Crítico
96.47,59.54,46.95,1.1,88.81,74.84,Normal
54.97,67.79,91.46,5.93,73.65,92.72,Alerta
55.47,73.64,79.54,3.99,64.78,90.95,Alerta
84.27,48.2,50.75,1.43,94.33,50.77,Normal
88.5,50.95,65.95,2.1,98.27,71.68,Normal
108.27,53.73,58.46,1.97,95.12,76.32,Normal
102.7,43.26,45.53,1.63,72.98,45.13,Normal
77.37,50.2,51.69,1.77,86.06,79.81,Normal
67.74,69.91,85.22,3.73,66.34,98.1,Alerta
36.21,101.42,117.85,8.28,28.4,100.18,Crítico
73.25,49.1,67.2,2.67,78.63,58.75,Normal
60.5,79.85,94.55,3.18,60.45,96.39,Alerta
63.56,68.32,77.82,4.1,69.21,89.81,Alerta
82.44,44.87,45.8,1.44,77.11,62.54,Normal
27.67,92.17,54.78,10.92,41.54,135.49,Crítico
74.26,63.72,60.68,1.31,94.16,79.03,Normal
71.83,48.52,55.45,2.43,87.06,60.54,Normal
86.38,49.85,52.77,1.95,76.97,51.43,Normal
66.09,79.65,93.95,4.46,70.12,93.57,Alerta
65.59,43.61,55.99,2.37,81.87,53.12,Normal
105.18,49.0,50.37,1.73,75.08,45.95,Normal
96.9,52.28,55.46,1.87,97.28,62.66,Normal
66.52,72.14,87.18,3.26,73.95,95.07,Alerta
90.24,47.6,65.68,1.83,97.53,41.56,Normal
81.73,61.02,53.21,1.18,81.21,41.21,Normal
72.66,63.64,64.34,1.41,78.29,40.48,Normal
25.08,91.51,110.93,8.14,53.12,17.02,Crítico
98.63,48.92,55.49,2.18,88.7,73.99,Normal
61.17,68.89,71.62,4.07,64.61,90.52,Alerta
99.13,52.85,65.12,1.64,88.62,57.04,Normal
84.41,40.55,61.93,2.24,97.79,64.24,Alerta
98.1,40.6,63.66,2.48,77.96,74.48,Normal
29.5,102.82,100.56,9.8,58.7,102.84,Crítico
93.21,59.29,67.08,2.07,97.12,61.21,Normal
20.39,81.0,112.36,6.77,37.95,75.94,Crítico
70.4,66.45,79.99,5.39,67.44,96.33,Alerta
107.09,55.85,52.99,1.71,81.77,77.68,Normal
95.05,50.12,56.71,1.7,98.45,60.51,Normal
39.03,99.49,117.69,11.85,56.11,112.72,Crítico
53.0,79.92,74.28,5.9,70.11,85.33,Normal
57.78,90.5,103.92,10.43,30.65,110.8,Crítico
102.1,43.23,68.61,1.78,82.03,44.34,Normal
94.62,59.36,50.99,2.35,90.77,52.49,Normal
108.09,48.98,49.25,2.74,77.75,70.26,Normal
80.99,54.42,55.8,1.92,77.87,74.91,Normal
64.22,76.1,88.64,4.37,93.3,87.86,Alerta
23.89,102.94,99.99,8.33,33.8,14.48,Crítico
65.06,78.86,72.83,3.85,69.22,89.3,Alerta
103.68,40.97,51.88,3.57,78.38,75.14,Normal
100.44,51.64,45.0,2.06,90.68,40.71,Normal
109.34,64.8,56.84,1.76,89.87,69.81,Normal
98.25,65.21,56.4,2.26,79.15,52.15,Normal
108.1,44.97,49.61,2.06,87.45,78.67,Normal
92.88,53.61,65.66,2.67,78.68,77.53,Normal
87.59,51.03,47.85,2.06,94.39,90.43,Normal
109.58,46.71,58.17,2.3,86.33,59.38,Normal
26.59,106.94,110.64,7.39,52.06,25.84,Crítico
22.35,97.52,95.68,8.06,57.64,77.83,Crítico
102.78,51.51,54.07,2.67,81.82,55.29,Normal
54.09,77.37,84.55,5.24,71.69,89.38,Normal
72.07,59.6,59.75,1.82,81.31,62.65,Normal
50.36,76.41,82.71,3.46,62.65,81.45,Alerta
72.53,62.88,47.41,1.38,93.92,55.67,Normal
80.18,59.61,57.2,1.68,89.0,71.09,Normal
34.67,108.2,113.77,6.95,55.13,10.54,Crítico
55.23,50.18,52.22,2.6,76.06,77.08,Normal
64.53,69.1,77.5,4.79,61.77,98.4,Alerta
55.02,59.54,56.62,1.88,85.97,63.62,Normal
60.42,71.61,85.21,5.04,70.71,86.83,Alerta
23.38,91.61,106.23,9.8,82.92,121.29,Crítico
94.99,56.88,51.59,1.48,91.73,67.69,Normal
78.73,53.45,67.16,2.34,80.82,51.8,Normal
44.11,87.1,83.41,8.07,38.84,139.12,Crítico
55.92,75.54,71.31,5.93,61.79,85.13,Alerta
20.03,96.01,105.46,7.82,38.51,102.54,Crítico
29.16,70.24,116.16,6.53,50.82,23.86,Crítico
48.83,88.69,119.34,6.94,45.65,101.27,Alerta
96.37,58.23,61.66,1.89,93.24,62.54,Normal
82.39,41.72,47.79,1.07,71.3,76.12,Alerta
88.55,51.86,56.08,1.7,93.07,42.96,Normal
54.9,77.72,88.71,3.82,61.34,82.24,Alerta
104.67,41.38,53.36,2.7,86.26,46.62,Normal
68.27,70.37,72.9,3.09,61.01,96.28,Alerta
81.58,47.91,48.82,1.59,83.91,66.16,Normal
55.61,69.38,94.65,4.6,61.92,95.08,Alerta
81.3,52.26,66.85,2.57,82.37,51.97,Normal
108.45,55.28,65.46,2.55,98.4,79.41,Normal
93.82,52.65,46.34,1.8,80.61,51.93,Normal
55.79,77.84,87.33,5.39,66.65,88.45,Alerta
33.26,106.37,97.4,10.28,55.84,113.3,Crítico
107.58,52.38,61.24,2.3,90.73,50.45,Alerta
72.09,60.31,56.38,2.5,92.7,68.36,Normal
71.2,64.31,46.4,1.73,94.4,76.71,Alerta
74.28,60.12,48.04,1.81,87.22,69.34,Alerta
85.55,60.51,56.82,2.41,77.17,54.68,Normal
42.85,104.21,98.38,11.66,82.04,11.67,Crítico
96.41,50.12,68.89,1.09,71.94,57.6,Normal
106.64,47.11,53.47,1.8,89.79,42.67,Normal
106.83,47.04,65.83,2.29,84.14,50.88,Normal
27.83,97.55,119.9,8.92,55.91,26.53,Crítico
49.03,90.65,95.16,11.37,59.88,122.91,Crítico
108.0,48.91,65.48,1.13,85.92,77.39,Normal
82.05,61.48,53.39,2.02,96.58,52.99,Normal
23.58,43.75,100.02,6.28,33.69,108.72,Crítico
47.54,109.33,96.88,11.61,60.4,127.45,Crítico
102.29,40.78,51.14,2.75,84.56,59.42,Normal
64.77,68.06,73.41,5.26,70.97,95.48,Normal
61.63,72.95,81.65,4.84,72.4,46.62,Alerta
76.43,46.37,53.23,1.76,90.56,53.16,Normal
90.31,44.59,53.14,1.54,77.79,42.81,Normal
70.43,47.45,64.03,1.74,96.27,76.38,Normal
89.89,61.03,49.36,2.52,85.03,57.36,Normal
84.94,73.23,52.65,1.11,91.1,50.73,Normal
67.19,77.89,93.17,5.17,72.86,88.89,Alerta
37.56,98.82,101.51,8.78,25.1,112.82,Crítico
65.54,75.53,45.37,4.19,65.69,87.32,Alerta
53.21,66.49,73.15,3.61,70.76,94.83,Alerta
34.61,105.39,95.9,7.03,33.59,111.2,Crítico
51.17,76.3,80.83,4.59,65.27,84.5,Alerta
20.78,84.73,107.54,11.2,45.01,112.72,Crítico
51.51,72.67,83.3,4.85,72.71,81.47,Alerta
102.74,61.48,57.3,2.21,75.88,62.62,Normal
24.02,105.76,82.59,8.35,52.35,116.46,Crítico
104.86,42.61,46.08,1.2,81.06,44.4,Normal
22.7,103.48,107.59,6.82,27.05,122.71,Crítico
79.2,62.78,60.24,1.07,77.36,62.64,Normal
77.83,52.71,63.5,2.57,90.01,46.45,Normal
98.09,49.06,52.85,1.91,87.85,45.37,Normal
94.71,64.92,60.55,5.46,93.22,47.79,Normal
56.53,78.1,88.23,4.12,71.13,98.08,Alerta
68.25,71.7,83.71,3.89,61.04,93.15,Alerta
31.33,98.88,110.14,9.6,51.22,28.68,Crítico
65.49,76.33,74.69,5.74,65.67,93.49,Alerta
93.22,55.11,61.27,2.69,94.01,68.28,Normal
30.7,104.6,105.57,10.06,35.78,116.03,Crítico
32.83,94.52,106.48,10.73,30.35,42.58,Crítico
67.08,70.61,80.85,4.66,64.27,99.12,Alerta
47.67,104.5,108.51,9.54,29.7,18.87,Crítico
96.69,62.5,56.4,2.36,84.76,56.53,Normal
34.8,83.54,103.69,9.29,22.64,139.9,Alerta
70.62,58.24,69.22,1.43,85.3,75.81,Normal
24.85,101.07,96.29,9.72,35.59,33.43,Crítico
72.33,61.43,50.15,2.72,66.48,48.54,Normal
73.91,40.15,66.47,1.14,75.91,77.41,Normal
109.1,81.32,119.42,6.48,54.38,112.45,Crítico
62.49,65.29,73.67,5.6,73.71,98.96,Alerta
38.82,103.19,106.91,10.46,36.9,121.09,Crítico
39.38,74.19,103.05,6.88,30.72,17.75,Crítico
42.51,80.8,109.46,6.56,58.46,23.9,Crítico
75.12,63.21,65.07,1.2,96.51,43.63,Normal
95.45,59.09,60.53,1.3,89.17,63.96,Normal
95.79,59.24,46.8,3.3,99.25,67.31,Normal
77.86,74.83,50.93,1.34,83.43,52.3,Normal
108.63,44.16,61.48,2.1,76.83,71.82,Normal
93.7,58.15,61.35,2.94,80.47,44.14,Normal
41.82,97.9,99.51,8.42,51.24,23.4,Crítico
21.46,106.51,103.5,11.09,73.02,33.55,Crítico
97.45,52.08,54.13,1.77,82.69,58.51,Normal
27.15,105.11,78.24,11.17,48.49,19.46,Crítico
61.1,68.83,77.29,4.92,72.67,97.61,Alerta
79.73,51.28,73.61,2.68,85.02,56.74,Normal
55.07,72.74,94.82,2.99,73.65,85.3,Alerta
100.66,45.15,59.29,2.4,78.64,55.2,Normal
24.81,99.74,115.33,9.2,57.94,108.76,Crítico
104.1,47.98,46.16,2.48,79.33,93.92,Normal
73.94,63.11,68.78,2.66,98.42,66.38,Normal
30.9,73.77,100.43,9.66,29.21,34.2,Crítico
53.4,79.56,80.83,5.98,65.55,88.76,Alerta
90.06,51.35,59.18,2.67,94.57,48.52,Normal
23.76,106.64,111.06,8.4,38.21,68.04,Crítico
68.77,68.73,81.32,4.54,66.25,88.8,Alerta
73.51,45.98,67.24,2.57,97.64,67.11,Normal
68.46,75.66,71.04,3.9,65.79,83.02,Alerta
84.71,48.87,51.51,2.73,95.43,72.4,Normal
23.26,81.71,108.46,6.62,40.57,21.55,Crítico
61.97,67.85,79.33,5.99,98.93,81.54,Alerta
97.7,51.35,56.82,1.68,90.09,75.72,Normal
54.41,64.07,73.02,5.01,62.2,92.77,Alerta
97.68,46.3,47.37,1.26,81.3,60.44,Normal
53.65,66.22,93.3,5.98,63.55,90.89,Alerta
56.94,59.15,66.49,2.58,82.47,44.39,Normal
78.51,50.24,67.26,2.16,86.96,63.14,Normal
56.94,74.73,79.33,3.26,62.03,81.38,Alerta
77.82,55.16,70.59,1.65,76.8,63.2,Normal
61.94,67.68,79.65,4.18,86.87,97.05,Alerta
83.21,40.5,68.15,2.1,79.06,58.51,Normal
109.88,41.28,54.59,1.61,75.7,67.82,Normal
101.58,47.74,56.21,2.24,95.21,77.77,Normal
37.31,104.51,90.35,10.77,26.39,28.63,Crítico
109.29,63.25,68.74,2.66,97.53,52.42,Alerta
104.87,43.4,61.57,1.45,99.92,79.9,Normal
73.48,60.82,57.63,1.3,96.03,76.12,Normal
106.53,59.5,47.22,2.35,99.93,65.93,Normal
70.66,54.14,48.5,4.94,76.8,50.4,Normal
107.06,56.12,46.99,1.77,96.94,75.6,Normal
56.35,67.74,90.17,3.42,61.67,97.86,Alerta
100.84,53.0,68.87,1.3,76.66,60.55,Normal
94.59,101.42,99.23,7.79,35.31,19.63,Crítico
79.88,64.66,61.8,2.1,75.12,77.99,Normal
41.49,83.45,58.41,8.12,44.8,16.44,Crítico
102.9,43.87,65.21,2.63,78.47,58.24,Normal
88.46,52.58,62.87,1.13,99.91,68.76,Normal
108.44,40.42,52.29,1.66,99.93,43.15,Normal
34.05,99.08,108.78,7.67,40.41,116.2,Crítico
90.78,40.84,64.34,2.39,90.72,44.51,Normal
86.86,42.48,60.22,1.35,96.51,41.3,Alerta
62.58,71.14,93.31,3.56,64.89,65.32,Alerta
30.42,51.21,113.2,6.33,52.53,125.34,Crítico
24.09,83.8,98.34,11.45,52.2,113.27,Crítico
92.01,52.57,68.63,1.1,95.45,70.77,Alerta
71.09,48.39,59.52,1.82,97.31,78.7,Normal
33.84,84.09,98.57,8.21,43.85,107.58,Crítico
107.22,57.41,54.48,2.17,83.91,72.62,Normal
68.07,74.02,76.21,3.78,65.98,85.01,Alerta
61.12,71.38,84.82,4.13,66.39,65.64,Alerta
36.86,90.05,100.7,9.86,33.61,139.88,Crítico
62.39,75.51,85.33,3.15,60.22,85.32,Alerta
44.46,101.22,107.67,7.21,59.86,31.37,Alerta
84.03,42.1,49.39,2.72,84.46,55.3,Normal
108.27,52.86,49.14,1.14,99.34,55.49,Normal
104.66,61.49,54.31,2.02,88.88,67.13,Normal
62.35,73.97,91.42,3.13,64.43,84.13,Alerta
24.67,86.7,82.94,11.56,23.39,12.03,Crítico
25.19,65.64,114.81,10.34,22.99,16.0,Crítico
38.3,93.41,100.75,6.95,76.62,132.31,Crítico
57.62,72.99,88.3,4.34,70.51,83.48,Alerta
79.59,60.57,52.36,1.6,84.8,75.72,Alerta
50.36,77.79,83.56,3.22,63.68,99.68,Alerta
82.48,61.13,50.29,2.28,99.21,44.88,Normal
71.61,45.71,65.56,1.12,81.15,41.2,Normal
60.58,75.97,85.86,1.37,73.42,93.89,Alerta
106.58,49.72,50.02,1.25,82.07,55.48,Normal
100.21,46.88,52.74,2.66,77.54,69.56,Normal
83.57,57.49,54.77,1.1,91.24,60.83,Normal
61.44,71.09,82.01,2.92,67.24,90.62,Alerta
82.32,53.82,57.4,2.25,88.61,72.6,Normal
102.9,48.07,57.82,1.68,79.63,41.91,Normal
99.04,63.95,60.74,2.2,79.56,72.84,Normal
101.76,49.57,61.16,2.51,79.05,42.39,Normal
63.67,73.35,74.28,4.01,65.38,90.67,Alerta
107.38,60.48,61.34,1.27,81.63,47.1,Alerta
30.8,105.95,104.03,4.74,47.38,34.89,Crítico
107.3,41.3,69.07,1.07,82.74,51.66,Normal
73.34,57.31,64.72,1.98,99.06,76.17,Normal
59.17,77.44,89.55,3.59,71.53,97.49,Alerta
53.47,69.05,73.95,4.82,71.45,83.74,Alerta
91.44,41.28,45.66,2.24,91.04,56.83,Normal
51.37,75.94,82.77,4.65,62.74,98.0,Alerta
35.04,87.64,107.06,5.46,41.8,121.92,Crítico
91.01,55.17,62.7,2.46,61.18,52.79,Normal
62.0,68.77,85.74,3.59,63.26,83.44,Alerta
88.06,43.08,62.76,1.18,89.57,57.88,Normal
20.48,100.63,118.55,2.92,30.74,128.77,Crítico
73.21,56.01,50.11,1.36,89.85,67.45,Normal
77.51,45.67,69.25,2.06,94.17,77.31,Alerta
37.71,95.36,83.28,8.29,59.65,33.66,Alerta
109.98,60.29,61.8,1.4,81.52,50.33,Normal
83.84,59.57,50.17,2.68,86.83,75.81,Normal
65.49,71.59,73.56,3.14,69.71,97.77,Alerta
90.23,75.91,53.3,1.03,86.71,63.51,Normal
108.06,61.18,50.88,1.28,88.28,73.54,Normal
58.14,67.56,88.69,5.45,71.54,91.05,Alerta
76.5,44.54,55.79,2.52,92.81,52.36,Normal
42.29,84.91,101.21,8.68,53.58,24.33,Crítico
106.44,52.6,89.25,2.38,91.14,69.79,Normal
26.18,102.18,95.35,7.16,31.83,135.0,Crítico
58.11,76.78,78.08,1.52,69.74,92.87,Alerta
108.22,43.29,65.7,1.03,81.48,44.19,Normal
63.04,79.0,71.18,5.05,66.15,99.86,Alerta
108.21,44.12,50.53,2.31,86.22,66.08,Normal
67.6,67.9,82.78,3.54,78.4,89.33,Alerta
108.63,61.12,56.31,1.58,77.34,47.03,Normal
92.61,64.44,75.66,2.58,84.19,52.39,Normal
20.23,105.33,113.12,9.86,32.44,25.18,Crítico
52.48,74.89,83.21,5.98,71.7,81.19,Alerta
71.17,42.38,47.77,2.18,93.49,47.06,Alerta
49.43,80.49,83.39,10.03,30.36,107.79,Crítico
34.83,101.53,109.8,6.84,47.87,53.53,Crítico
71.01,63.17,68.84,1.29,81.97,68.23,Normal
85.36,56.86,66.93,2.15,82.79,43.86,Normal
104.49,61.79,66.26,1.91,82.4,44.69,Normal
76.13,46.63,64.67,2.44,76.32,74.63,Normal
75.23,56.69,50.32,5.48,80.71,56.57,Normal
36.81,85.25,111.96,10.79,40.45,68.45,Crítico
86.2,49.18,69.18,2.67,80.89,60.94,Normal
55.86,75.77,45.04,4.82,67.76,96.42,Normal
50.74,78.85,94.57,3.87,60.83,79.92,Alerta
103.66,57.48,50.78,2.65,88.05,50.68,Normal
58.72,69.37,74.38,5.84,71.14,89.25,Alerta
24.43,83.19,119.37,7.82,49.21,10.84,Crítico
74.73,45.61,64.71,2.6,89.15,41.24,Normal
33.49,71.9,103.3,6.14,45.88,33.57,Crítico
92.7,63.79,58.85,2.46,83.25,67.26,Alerta
109.85,45.01,50.08,2.7,73.21,62.79,Normal
71.63,57.88,56.85,1.36,99.27,57.47,Normal
97.1,64.51,55.89,1.9,91.71,65.61,Normal
75.38,44.96,62.63,2.29,97.81,66.42,Normal
80.52,48.02,71.34,1.71,91.17,48.06,Normal
59.22,73.11,82.55,5.14,67.33,95.88,Alerta
52.18,49.59,57.48,2.49,96.44,65.19,Normal
101.54,54.16,68.12,1.34,92.26,49.15,Normal
109.85,66.09,49.42,2.09,81.85,43.48,Normal
62.98,78.83,78.24,5.85,65.52,97.71,Alerta
45.5,93.48,114.71,11.74,47.36,118.6,Alerta
82.76,59.85,57.34,2.18,99.13,79.43,Normal
77.38,61.06,81.78,1.96,86.36,77.34,Normal
86.79,61.29,55.05,2.47,79.65,52.22,Normal
51.76,75.61,71.08,2.93,68.98,98.26,Alerta
63.48,75.21,70.51,5.05,67.13,94.08,Alerta
81.43,51.59,56.71,1.0,78.14,54.44,Normal
25.98,61.46,118.38,9.05,54.37,126.77,Crítico
59.36,66.36,79.45,5.8,68.71,86.94,Alerta
99.54,52.13,50.39,2.02,76.65,65.68,Normal
80.84,60.28,58.5,2.35,83.96,50.54,Normal
58.0,67.96,91.39,5.14,97.88,97.38,Alerta
106.73,47.39,58.19,1.83,66.5,70.95,Normal
45.91,106.6,109.38,10.85,43.56,24.58,Crítico
34.95,103.44,110.57,11.96,53.86,129.47,Crítico
57.53,67.13,92.95,3.63,86.83,83.57,Alerta
100.61,59.37,57.86,2.62,91.28,57.54,Normal
51.26,76.97,72.13,3.46,68.76,90.0,Alerta
89.07,70.93,48.65,1.56,77.35,49.55,Normal
97.84,49.31,68.28,1.66,77.63,70.97,Normal
56.0,73.8,82.95,4.18,63.7,99.81,Alerta
67.18,76.64,84.33,5.76,72.78,83.51,Alerta
73.34,46.3,46.94,1.7,80.18,63.51,Normal
70.85,63.4,49.17,2.38,75.58,60.86,Normal
53.45,72.76,77.03,5.54,62.03,99.8,Alerta
64.69,69.31,80.96,4.62,69.35,89.1,Alerta
57.99,74.84,93.44,5.25,68.96,81.08,Alerta
83.98,68.56,58.59,2.5,92.81,59.56,Normal
93.11,45.29,48.37,1.05,98.94,61.28,Normal
67.31,71.47,73.09,4.19,61.44,96.3,Alerta
38.95,57.49,101.88,7.37,23.68,105.58,Crítico
80.92,41.52,70.09,2.25,99.25,63.66,Normal
57.01,65.82,84.92,3.45,70.22,98.1,Alerta
85.84,62.24,61.48,1.06,68.4,58.57,Normal
104.53,59.51,69.98,2.6,97.62,77.67,Normal
47.52,63.42,98.97,9.95,32.55,120.59,Crítico
93.47,45.15,66.11,2.39,84.36,43.73,Normal
97.1,50.64,57.97,1.3,99.72,85.39,Normal
72.4,43.46,56.37,2.14,77.76,51.28,Normal
106.59,52.55,84.95,1.85,98.44,46.72,Normal
68.7,78.25,89.27,5.84,69.39,93.11,Alerta
51.93,71.83,89.75,4.56,62.97,82.35,Alerta
96.08,46.55,54.33,2.3,93.78,53.24,Normal
66.98,74.24,73.19,4.12,62.56,93.64,Alerta
62.75,68.17,84.76,5.58,61.21,82.96,Normal
79.55,54.35,49.73,1.26,85.36,64.99,Alerta
76.99,57.9,58.2,1.62,90.19,62.78,Normal
42.83,104.18,110.05,9.04,68.04,113.74,Crítico
66.28,66.39,72.33,4.94,62.41,84.07,Alerta
35.32,96.82,108.7,9.87,51.45,128.11,Crítico
85.47,58.24,46.89,1.21,78.29,44.06,Normal
55.66,70.35,86.24,4.88,62.33,94.24,Alerta
42.37,98.33,118.33,11.84,86.14,34.44,Crítico
67.56,75.02,78.25,4.34,61.16,85.81,Alerta
44.49,84.18,104.8,9.62,24.29,129.82,Crítico
48.56,101.97,106.35,10.24,59.57,89.37,Crítico
38.27,90.94,96.84,8.65,43.45,15.59,Crítico
76.46,42.81,47.01,1.61,97.89,49.86,Normal
66.91,84.8,100.12,6.65,52.58,24.07,Crítico
100.74,58.07,53.15,1.18,93.72,69.42,Normal
70.8,54.32,59.3,1.83,83.35,73.8,Normal
97.8,48.75,48.75,1.69,87.46,58.67,Normal
87.82,62.43,86.98,1.64,94.03,63.05,Alerta
37.17,96.84,106.77,10.77,87.38,103.5,Alerta
94.47,71.29,52.43,2.04,93.12,43.43,Normal
76.15,40.08,62.37,1.71,75.77,42.6,Alerta
86.54,41.89,54.82,1.74,77.77,59.96,Normal
99.52,54.46,51.06,2.0,82.14,68.22,Alerta
74.84,54.41,64.83,1.36,97.86,59.41,Normal
103.29,58.87,47.83,2.56,76.82,58.7,Normal
52.04,67.49,81.28,5.02,61.27,93.97,Alerta
101.18,54.39,50.59,1.87,78.84,71.94,Normal
77.41,64.9,67.46,1.73,97.8,55.83,Normal
52.92,79.95,90.49,5.85,71.23,81.17,Alerta
94.28,92.84,111.73,6.12,51.01,135.85,Crítico
72.15,57.2,55.84,4.94,90.25,76.02,Normal
86.03,57.95,47.15,2.01,79.38,87.9,Alerta
68.05,71.4,78.95,4.73,73.97,98.83,Alerta
61.86,73.29,82.99,3.26,66.59,85.65,Alerta
55.46,68.32,79.42,4.68,64.76,91.11,Alerta
70.73,48.67,67.61,2.12,85.4,71.58,Normal
51.45,73.13,86.94,3.86,71.5,90.41,Alerta
68.86,68.78,77.14,4.89,73.08,87.88,Alerta
64.71,76.38,76.85,3.43,68.78,88.53,Alerta
66.2,66.94,77.03,5.82,65.22,89.6,Alerta
76.21,95.0,112.92,6.38,28.9,120.35,Crítico
67.97,68.1,83.67,4.65,60.52,83.67,Alerta
93.09,52.0,60.22,2.43,91.86,78.3,Normal
97.76,53.95,68.16,2.03,82.98,52.41,Normal
80.72,63.16,61.28,2.36,99.82,46.25,Normal
45.2,96.57,112.02,9.14,36.18,107.0,Crítico
43.67,95.81,116.73,10.9,36.45,101.67,Crítico
68.89,74.57,94.72,5.78,60.1,97.21,Normal
40.34,93.15,95.98,6.38,50.2,111.91,Crítico
60.68,67.4,85.48,3.04,71.03,97.01,Alerta
39.39,107.64,103.84,7.86,64.02,137.34,Crítico
75.93,79.44,58.25,2.29,90.19,64.65,Normal
45.95,83.26,98.85,6.88,37.7,106.43,Crítico
90.92,47.2,53.89,1.33,83.6,40.06,Normal
94.23,60.32,67.05,1.88,80.4,72.61,Alerta
86.74,64.47,67.87,1.27,93.09,73.54,Normal
23.26,91.64,95.33,7.08,26.33,12.86,Alerta
24.95,84.94,113.42,8.41,26.45,21.49,Crítico
98.74,59.8,56.6,2.28,85.03,58.28,Normal
75.18,56.8,55.98,1.42,90.64,51.48,Alerta
71.76,55.45,49.46,2.5,87.49,46.45,Normal
34.87,108.07,106.0,8.38,31.07,113.05,Crítico
54.16,69.2,78.61,3.19,63.68,96.97,Alerta
62.72,67.38,75.16,5.09,66.48,94.68,Crítico
50.21,66.42,84.55,5.34,72.88,89.97,Alerta
73.88,61.11,46.0,1.8,96.66,56.98,Normal
61.22,71.69,85.29,4.52,60.34,97.95,Alerta
102.23,56.22,66.07,2.48,83.71,42.72,Normal
68.14,44.74,82.58,3.84,64.35,82.66,Alerta
83.82,51.04,69.46,2.13,82.39,53.6,Normal
82.63,48.56,47.58,2.03,83.67,48.05,Normal
91.99,58.01,53.3,2.28,99.71,63.72,Normal
68.13,75.2,93.52,3.91,68.94,82.29,Alerta
101.83,48.58,55.76,2.73,75.68,60.35,Normal
60.78,77.09,86.45,3.91,70.5,96.0,Alerta
60.93,67.09,72.22,1.44,67.0,82.29,Alerta
52.08,73.97,77.46,4.82,65.18,49.08,Alerta
66.94,54.05,51.53,2.41,79.99,46.83,Normal
40.4,98.69,105.3,11.4,35.16,39.11,Crítico
86.08,69.46,66.62,2.04,94.63,42.82,Normal
86.62,54.95,63.35,1.51,87.7,51.46,Normal
68.26,68.22,74.71,4.32,66.0,95.28,Alerta
54.35,76.57,79.54,4.74,72.04,95.24,Alerta
56.97,68.93,79.3,3.32,64.27,67.89,Alerta
47.98,96.33,80.03,9.85,47.72,18.79,Alerta
58.82,75.74,81.37,3.15,71.91,96.55,Alerta
75.74,61.89,65.34,1.9,88.78,56.58,Normal
61.12,49.92,58.89,1.13,94.74,73.98,Normal
77.16,42.88,64.95,2.26,75.04,42.97,Normal
106.43,59.87,50.81,2.5,88.07,69.15,Normal
60.21,70.28,87.48,5.34,69.31,87.63,Alerta
64.67,74.98,73.47,4.86,62.12,91.84,Alerta
80.32,58.79,61.0,5.6,87.43,55.46,Normal
74.95,59.62,69.14,2.7,87.7,69.7,Normal
85.69,50.17,64.67,1.08,83.83,53.24,Normal
95.44,48.23,61.4,2.41,77.67,51.21,Normal
92.44,52.14,59.58,1.11,89.05,75.71,Normal
64.58,48.24,62.2,2.75,75.36,60.52,Alerta
96.27,51.49,52.06,2.57,88.8,48.22,Alerta
25.86,95.69,110.09,9.33,56.35,106.85,Crítico
34.41,84.1,104.16,6.71,53.62,76.82,Crítico
78.63,55.15,53.98,1.39,88.48,48.36,Alerta
84.83,63.83,69.32,2.07,91.76,53.65,Normal
58.92,68.74,76.78,5.51,71.15,90.59,Crítico
88.05,55.94,58.7,1.67,86.16,41.16,Normal
55.42,77.46,91.57,5.58,69.36,83.5,Alerta
82.0,50.58,51.78,1.16,77.94,79.89,Normal
68.46,41.68,56.38,2.74,90.66,54.16,Normal
75.71,48.77,63.03,2.53,92.51,54.02,Normal
31.04,90.84,95.21,6.48,34.61,27.36,Crítico
100.06,97.54,97.34,6.2,57.41,134.52,Crítico
62.84,77.77,87.64,5.51,66.59,81.83,Alerta
80.78,59.75,66.15,1.58,75.36,59.11,Normal
71.01,40.14,46.0,2.75,80.5,71.37,Normal
84.31,62.92,54.7,1.12,86.84,61.3,Normal
89.84,58.91,52.2,2.67,75.34,55.48,Normal
105.53,49.11,45.42,1.65,86.89,55.08,Normal
91.97,47.06,58.82,2.41,90.2,42.79,Alerta
77.24,48.46,51.05,2.36,96.0,53.03,Normal
64.91,64.4,60.67,1.32,99.95,57.06,Normal
24.26,92.02,104.76,10.76,59.03,117.29,Crítico
55.71,66.01,90.93,5.76,66.05,84.6,Alerta
83.67,59.45,55.36,1.26,91.32,71.14,Normal
29.44,99.92,113.24,10.45,55.31,126.03,Crítico
60.35,46.86,69.94,2.75,97.15,64.0,Alerta
50.48,66.0,93.63,4.4,65.39,88.95,Alerta
30.35,95.61,108.48,4.73,30.23,11.88,Crítico
59.08,68.71,76.32,3.96,66.68,93.25,Normal
78.24,60.75,50.13,1.44,89.08,67.21,Normal
61.74,79.63,79.59,3.79,65.96,86.91,Normal
45.1,82.03,102.37,6.65,31.85,35.46,Crítico
80.75,59.42,65.86,1.28,85.13,54.93,Normal
53.39,74.73,92.53,3.06,62.05,97.03,Alerta
77.34,45.29,45.35,2.53,97.49,63.46,Normal
82.04,59.16,54.94,1.75,92.2,74.39,Alerta
89.44,61.24,46.26,1.34,93.89,46.38,Normal
90.43,61.3,62.05,1.62,91.71,43.93,Normal
75.15,47.53,53.12,2.08,76.95,54.3,Normal
65.67,71.55,72.47,4.89,71.92,99.92,Alerta
67.28,72.03,94.14,5.91,65.95,87.44,Alerta
98.38,58.62,58.46,2.13,85.9,50.55,Normal
68.02,70.81,76.6,5.86,69.32,84.61,Alerta
50.76,67.47,84.16,5.19,62.04,58.38,Alerta
93.61,44.82,58.54,1.16,92.05,65.73,Alerta
98.46,54.98,50.66,2.53,94.91,61.15,Alerta
68.65,70.76,94.76,3.14,62.81,93.33,Alerta
38.71,107.34,105.02,11.97,97.18,132.21,Crítico
95.3,42.91,64.89,1.81,68.85,69.58,Normal
64.75,70.8,91.83,5.67,69.27,88.64,Alerta
50.8,66.17,81.23,5.13,61.84,89.53,Alerta
94.68,70.97,66.08,1.09,98.61,43.45,Normal
71.33,59.5,58.75,1.83,83.51,62.53,Normal
93.81,50.93,51.18,2.28,90.99,50.98,Alerta
26.41,100.47,107.99,10.76,41.53,19.31,Crítico
99.14,55.85,63.95,1.51,77.8,66.57,Normal
95.02,61.23,88.35,2.32,77.59,53.07,Normal
41.61,81.84,105.89,10.24,58.68,115.74,Crítico
42.12,81.24,115.6,9.47,26.47,40.98,Crítico
52.69,72.61,81.1,5.24,60.97,83.43,Alerta
82.55,57.32,63.3,2.39,80.87,79.41,Normal
28.01,69.83,110.56,6.61,39.29,112.51,Crítico
63.48,70.13,80.41,4.8,66.93,97.52,Alerta
79.9,43.05,46.08,2.75,83.99,73.8,Normal
77.1,64.17,69.39,1.45,89.37,59.35,Normal
61.87,51.23,81.42,3.72,71.26,89.76,Alerta
79.2,59.72,45.38,2.56,80.43,61.08,Normal
56.38,79.05,86.13,3.28,73.5,84.72,Alerta
65.03,72.1,71.71,2.98,63.45,88.94,Alerta
103.4,48.27,54.29,1.59,89.6,55.03,Normal
79.2,56.47,48.73,1.22,81.92,45.65,Normal
87.02,43.92,46.71,2.23,98.68,59.93,Normal
57.88,79.91,77.35,5.58,69.35,86.75,Alerta
52.26,77.31,78.58,4.97,72.43,92.21,Alerta
88.09,53.37,58.11,1.13,99.84,94.97,Normal
77.87,44.25,54.27,1.23,95.42,46.14,Normal
72.61,59.13,60.64,2.16,90.42,75.08,Normal
36.86,101.29,117.99,9.91,59.2,94.35,Crítico
80.35,55.58,64.1,2.29,76.55,42.88,Normal
86.73,52.97,66.54,1.81,81.88,46.47,Normal
58.37,70.81,88.22,2.98,71.75,83.7,Alerta
44.77,83.59,118.55,10.1,58.48,14.21,Crítico
90.65,58.13,47.0,2.79,91.5,60.31,Normal
98.05,40.77,50.93,2.43,77.66,47.33,Normal
85.91,41.67,58.01,1.87,80.37,78.25,Alerta
72.71,47.43,61.68,2.64,75.29,49.69,Normal
93.13,51.51,47.72,1.97,80.48,40.24,Normal
22.03,91.29,101.21,6.12,44.65,29.87,Crítico
92.63,50.04,45.39,1.42,83.42,58.37,Alerta
85.96,54.65,90.13,1.23,86.61,74.37,Normal
96.52,42.67,57.46,2.25,79.81,70.75,Normal
97.67,63.59,64.48,1.16,81.04,45.65,Normal
89.25,50.72,59.56,1.05,85.28,79.62,Normal
64.73,78.71,90.33,4.37,61.87,86.34,Alerta
55.46,74.59,79.33,4.7,71.8,91.3,Alerta
107.56,52.93,52.96,1.58,95.22,40.24,Normal
36.09,103.63,118.41,8.26,52.1,12.29,Crítico
90.23,47.92,66.25,2.01,80.62,51.83,Alerta
32.49,82.89,110.83,10.08,30.47,25.34,Crítico
89.04,60.64,49.87,2.29,87.61,42.3,Normal
79.87,49.65,63.1,1.9,93.97,54.06,Normal
70.9,57.94,50.37,2.58,97.19,43.83,Normal
109.51,93.03,102.27,9.38,27.0,139.42,Crítico
67.93,67.05,87.68,5.71,70.23,81.49,Alerta
32.06,85.07,112.99,9.74,37.42,34.05,Crítico
79.62,57.45,55.27,2.79,75.75,59.09,Normal
77.44,69.3,88.6,4.24,69.62,89.02,Normal
64.11,44.55,93.73,4.68,68.97,92.17,Alerta
32.58,109.47,110.61,11.27,64.68,105.96,Crítico
51.23,69.0,83.9,5.36,69.85,88.91,Alerta
109.66,57.25,69.83,2.76,96.89,71.71,Normal
65.62,77.22,82.9,5.07,70.67,97.59,Crítico
103.04,56.28,49.66,2.22,91.88,64.03,Normal
54.05,66.01,91.82,4.41,65.15,99.72,Alerta
70.03,46.93,57.43,1.2,92.57,65.45,Normal
90.74,53.76,61.04,2.72,85.47,52.35,Alerta
38.43,98.33,110.56,3.16,37.26,21.14,Crítico
91.82,48.06,59.11,1.14,89.67,56.26,Normal
77.74,41.31,64.31,1.14,89.55,57.97,Normal
100.44,40.94,67.73,1.81,96.51,49.86,Normal
51.12,60.68,93.36,5.48,69.84,99.67,Alerta
60.39,77.22,92.32,5.33,76.3,88.06,Alerta
99.16,52.95,51.85,1.94,87.33,54.76,Normal
96.74,46.69,65.3,2.19,75.57,68.86,Normal
58.98,70.45,89.8,3.58,71.36,83.44,Crítico
75.72,55.18,48.82,2.11,97.83,56.09,Alerta
85.74,44.52,69.56,2.5,82.56,53.16,Alerta
47.36,109.61,87.18,10.87,59.25,22.06,Crítico
47.92,84.29,103.29,10.8,57.79,18.91,Crítico
32.46,82.98,101.71,9.9,57.64,20.22,Crítico
64.11,66.57,74.55,4.87,73.07,95.45,Alerta
105.37,67.99,61.98,2.73,81.44,42.4,Normal
107.62,64.48,71.43,2.79,82.13,68.28,Normal
83.83,42.69,62.67,1.71,93.86,77.91,Normal
70.6,52.03,60.25,1.36,88.66,43.95,Normal
72.06,43.75,63.42,2.5,87.79,77.45,Alerta
94.06,56.03,61.84,1.67,89.64,64.04,Alerta
65.0,70.46,79.85,4.81,62.35,95.93,Alerta
74.81,43.46,69.23,1.9,88.28,79.78,Normal
88.61,42.83,58.79,2.05,77.39,73.33,Normal
88.37,58.85,45.71,2.32,82.27,78.29,Normal
99.5,42.76,54.09,2.26,85.74,90.88,Normal
101.71,54.81,49.66,2.68,89.92,60.66,Normal
60.39,78.83,82.68,5.69,63.86,95.7,Alerta
66.75,71.99,86.84,3.7,66.23,89.69,Alerta
86.87,51.46,68.05,2.05,85.16,41.34,Normal
32.81,82.68,111.14,6.29,45.82,31.84,Crítico
53.59,73.91,72.26,4.87,63.82,87.0,Normal
60.4,90.95,99.45,10.29,25.29,26.96,Crítico
58.31,77.81,92.22,4.0,65.91,88.68,Alerta
101.62,84.62,116.77,9.7,26.98,131.9,Alerta
49.48,90.94,96.55,10.99,58.5,19.59,Crítico
51.21,69.77,82.48,4.73,73.28,92.79,Alerta
91.6,47.71,54.64,1.94,84.94,46.4,Normal
109.08,42.08,62.39,1.06,85.84,50.97,Normal
20.78,92.7,113.77,6.76,40.87,103.35,Crítico
108.56,53.59,47.53,2.66,78.7,41.16,Alerta
105.99,41.96,65.92,1.17,85.95,78.44,Normal
53.88,78.25,85.29,2.93,60.5,99.39,Alerta
97.05,64.04,63.23,2.07,90.86,77.54,Normal
20.16,89.16,104.95,6.6,58.14,117.97,Crítico
90.0,45.4,53.4,1.18,79.47,47.59,Normal
79.12,62.82,46.82,1.34,82.35,60.9,Normal
53.55,72.09,93.09,3.23,69.78,90.85,Alerta
99.07,77.74,76.32,3.41,62.48,91.39,Alerta
58.37,76.69,93.64,4.7,66.25,97.06,Alerta
48.07,90.35,107.01,10.21,57.03,101.63,Crítico
93.15,71.89,46.11,1.84,89.35,64.41,Normal
77.69,56.56,47.28,2.34,99.14,51.19,Normal
86.71,61.99,69.35,2.44,94.45,70.69,Normal
30.58,107.96,96.78,6.48,51.25,110.84,Crítico
64.31,70.96,75.9,5.16,66.42,93.77,Alerta
59.71,71.56,82.62,5.84,62.58,77.09,Alerta
32.76,82.68,104.57,9.81,32.65,120.34,Alerta
104.58,59.15,60.63,1.96,84.68,45.17,Normal
89.88,53.68,54.61,1.01,82.78,51.73,Alerta
52.96,77.95,90.81,4.26,69.16,92.2,Alerta
97.69,45.83,53.9,1.65,90.11,78.17,Normal
68.42,73.63,77.75,3.83,73.45,86.09,Alerta
103.67,56.09,54.87,1.09,96.81,45.56,Normal
89.56,47.59,46.79,2.44,81.71,40.35,Normal
89.85,53.44,56.45,1.32,82.15,71.45,Normal
88.03,55.74,64.41,2.59,86.95,63.71,Normal
23.7,90.58,109.04,11.23,52.36,45.56,Crítico
96.7,63.12,49.57,1.32,87.67,49.12,Normal
59.24,70.17,82.67,4.41,67.11,84.69,Alerta
79.06,82.01,118.44,7.21,23.83,118.89,Crítico
68.2,75.0,76.47,3.49,60.84,83.35,Alerta
71.15,64.83,68.34,2.17,85.86,68.01,Alerta
59.99,70.32,75.43,5.89,63.17,90.64,Alerta
76.47,49.79,65.22,1.78,94.23,56.72,Normal
84.74,61.08,57.76,2.0,80.06,74.24,Normal
95.54,55.71,55.59,2.7,84.54,43.86,Normal
37.42,103.32,110.1,11.78,31.97,11.71,Alerta
71.28,99.57,118.31,8.39,22.7,128.1,Crítico
99.09,81.87,113.87,10.4,35.84,21.24,Crítico
50.88,68.4,72.06,3.66,65.1,83.69,Alerta
60.3,67.2,76.43,3.92,73.03,83.58,Alerta
70.08,47.83,46.49,1.09,87.18,60.77,Normal
91.71,41.25,47.47,2.6,82.8,70.84,Normal
62.88,68.99,75.12,5.79,68.52,85.34,Alerta
99.08,46.87,55.65,5.53,95.36,63.4,Normal
72.25,49.41,52.97,2.23,94.77,73.36,Normal
60.89,77.44,88.89,3.46,72.47,81.18,Alerta
27.41,97.02,103.93,1.35,27.21,11.61,Alerta
82.22,48.01,69.97,1.01,75.25,69.66,Normal
107.63,50.9,66.52,2.17,97.17,68.26,Normal
71.02,62.38,48.91,2.15,75.23,77.72,Alerta
86.97,45.34,65.87,2.78,91.26,56.21,Normal
25.06,99.5,108.62,8.5,57.61,25.91,Crítico
84.88,45.77,48.29,2.16,91.69,73.69,Normal
75.02,60.2,66.24,2.3,99.83,55.83,Normal
73.65,64.37,60.03,1.39,89.88,75.82,Normal
40.69,58.33,108.43,9.41,50.85,105.42,Crítico
84.52,61.47,58.47,2.77,64.95,60.72,Normal
109.89,46.48,50.34,1.34,81.99,73.23,Normal
63.25,69.21,90.8,3.33,70.1,96.27,Normal
84.28,55.36,51.96,1.45,81.49,67.63,Normal
28.72,104.06,118.98,9.39,33.39,38.07,Crítico
51.05,72.25,88.23,3.93,68.81,96.63,Alerta
91.68,53.64,48.45,1.0,87.03,48.13,Normal
87.72,56.96,63.1,1.98,76.37,51.76,Normal
71.24,42.15,64.52,1.96,82.47,54.82,Normal
51.25,74.32,89.21,2.94,64.6,86.38,Alerta
53.1,68.23,82.15,3.23,72.29,93.17,Alerta
92.49,56.43,56.41,2.13,95.28,55.67,Normal
94.13,63.68,58.09,2.42,78.75,75.34,Alerta
58.42,62.04,47.72,2.26,98.25,69.46,Normal
57.73,46.17,91.48,5.58,69.1,95.94,Alerta
81.2,46.32,67.46,1.93,84.78,76.8,Normal
58.92,66.38,78.55,4.58,83.98,85.91,Alerta
46.55,104.48,105.5,9.15,26.63,136.43,Alerta
92.26,43.06,62.62,1.34,84.99,57.72,Normal
57.56,50.75,63.76,1.48,97.78,66.97,Normal
75.6,45.2,52.3,1.58,95.59,41.57,Normal
57.74,69.69,87.73,3.79,71.82,91.12,Alerta
104.64,46.74,64.3,1.75,92.69,76.53,Normal
27.6,82.73,93.47,10.17,55.35,12.32,Alerta
107.02,64.53,54.31,2.48,91.19,45.91,Alerta
58.38,79.08,89.64,3.02,89.44,89.92,Alerta
61.52,73.57,86.13,4.19,64.99,99.14,Alerta
95.7,64.57,61.96,1.29,97.84,60.07,Normal
82.09,57.7,45.15,1.19,80.88,50.46,Normal
55.25,75.72,74.16,5.91,65.9,90.35,Alerta
47.08,84.61,103.24,9.74,59.3,19.05,Crítico
60.36,67.4,84.32,3.05,61.53,87.28,Alerta
86.39,54.31,55.28,1.12,88.45,62.65,Alerta
70.71,51.52,46.14,2.58,76.82,57.57,Normal
51.0,71.18,72.69,4.67,65.83,88.3,Alerta
97.03,48.37,65.16,2.23,86.39,60.03,Normal
47.62,97.57,97.72,10.95,42.29,22.49,Crítico
108.58,63.08,51.11,2.23,94.73,71.27,Normal
106.52,42.36,54.02,1.52,75.99,62.18,Normal
66.89,69.23,84.04,4.8,60.32,81.27,Alerta
66.31,66.04,91.66,4.1,64.87,59.25,Alerta
53.94,72.44,76.2,4.25,62.47,82.82,Normal
56.63,67.88,79.4,3.35,70.55,99.83,Alerta
62.58,76.5,85.36,4.93,63.35,92.87,Normal
59.16,72.24,65.14,4.21,72.82,82.44,Alerta
99.29,53.13,52.87,1.05,76.84,54.73,Normal
56.39,93.22,107.47,11.22,38.83,100.45,Alerta
51.65,76.72,86.34,3.81,65.34,81.53,Crítico
68.64,79.81,86.81,5.22,73.33,94.54,Alerta
98.7,44.05,58.56,1.87,79.45,65.59,Normal
61.76,74.7,93.19,5.93,70.35,92.2,Alerta
84.66,52.28,55.07,2.17,98.42,51.02,Normal
57.09,69.71,87.82,4.13,68.42,92.84,Crítico
74.48,72.32,55.42,2.17,83.13,41.07,Normal
44.11,105.14,105.39,11.49,32.1,104.51,Crítico
97.26,62.67,47.9,1.64,97.51,53.42,Normal
36.44,92.42,110.54,11.08,39.57,120.5,Crítico
45.19,80.92,110.33,11.87,54.48,28.6,Crítico
64.47,78.21,84.49,3.76,63.49,92.24,Alerta
107.87,55.24,65.42,2.09,87.63,42.78,Normal
32.35,83.44,99.38,7.49,52.45,30.29,Crítico
87.06,69.59,63.38,1.29,90.53,73.08,Normal
53.89,70.27,72.69,4.7,70.64,98.5,Alerta
101.11,40.13,67.59,1.34,88.59,56.15,Normal
20.48,100.08,102.25,1.69,53.4,131.45,Crítico
94.0,47.58,68.32,2.23,99.32,46.16,Normal
94.94,62.85,69.75,2.11,95.33,52.11,Normal
63.85,73.65,76.82,4.2,71.0,86.81,Alerta
84.38,61.45,52.75,1.42,86.61,45.61,Normal
89.33,68.56,48.84,1.58,77.4,41.62,Normal
63.06,74.23,84.86,4.62,60.97,94.06,Alerta
63.94,66.51,72.2,5.16,63.66,48.7,Alerta
54.44,73.9,83.38,4.16,63.34,86.82,Alerta
51.77,70.76,91.88,3.88,64.34,85.19,Alerta
79.15,49.53,58.78,1.42,92.24,64.64,Normal
50.23,71.93,86.37,3.2,67.23,84.0,Alerta
72.09,56.03,48.49,1.06,87.88,56.3,Normal
56.36,72.48,89.66,4.74,69.45,83.53,Crítico
66.4,70.78,92.27,3.33,63.83,95.7,Alerta
58.1,66.57,90.26,3.37,61.81,89.03,Alerta
63.61,71.32,82.8,5.68,65.41,94.94,Alerta
45.29,102.43,114.0,8.05,24.73,13.48,Crítico
62.24,72.98,85.69,5.95,67.61,98.46,Alerta
53.75,42.95,71.5,5.55,72.83,98.86,Alerta
80.26,49.59,56.2,2.19,94.93,79.98,Normal
59.93,78.22,74.03,4.36,73.25,87.64,Alerta
87.57,44.16,60.35,2.06,78.12,41.94,Normal
50.59,75.81,74.21,4.4,68.96,82.6,Alerta
78.52,53.85,58.65,2.3,93.51,73.92,Normal
57.65,68.86,78.91,4.41,68.6,89.61,Alerta
50.69,70.68,76.39,3.21,61.18,97.14,Alerta
68.73,79.1,76.64,4.26,69.87,84.14,Alerta
55.48,69.46,72.96,4.51,60.66,96.59,Alerta
109.36,44.84,67.16,2.08,75.49,45.47,Normal
51.28,72.51,89.21,4.22,67.9,90.96,Alerta
55.22,78.56,78.76,5.87,70.7,86.41,Alerta
45.9,107.59,95.29,11.86,35.54,136.02,Crítico
29.07,107.02,109.82,7.64,40.81,109.97,Alerta
81.73,62.87,46.65,2.22,95.35,55.46,Alerta
96.04,59.1,50.97,1.95,97.88,41.57,Normal
53.48,75.6,83.74,5.22,64.58,92.04,Alerta
56.02,70.67,90.06,5.35,67.93,61.35,Alerta
64.48,70.86,80.53,5.08,66.05,90.31,Alerta
87.25,50.37,54.9,2.77,89.49,62.57,Normal
28.41,87.15,98.64,8.7,41.14,29.67,Crítico
36.59,106.97,114.2,7.24,22.51,115.11,Crítico
72.93,45.38,45.3,1.84,99.98,64.93,Normal
85.72,52.99,59.43,1.25,80.99,68.16,Normal
65.28,79.91,92.92,2.91,69.49,91.64,Alerta
63.24,57.97,66.39,1.07,95.82,79.47,Normal
93.89,45.43,51.28,1.31,98.8,50.3,Normal
51.68,77.5,85.6,4.95,63.55,87.68,Normal
52.1,71.58,91.87,4.17,64.63,91.68,Alerta
67.45,79.06,93.94,4.98,65.88,83.27,Crítico
54.09,71.5,92.94,4.75,60.63,95.89,Alerta
35.84,85.05,108.01,7.62,31.65,138.74,Crítico
77.6,46.59,55.87,2.39,82.13,68.03,Normal
95.34,51.48,58.24,5.93,86.3,65.73,Normal
95.14,55.29,68.97,1.16,88.81,66.85,Normal
94.91,44.28,46.75,1.9,76.14,64.56,Normal
80.76,43.01,51.83,1.79,78.11,70.73,Normal
66.02,69.42,92.06,3.12,67.22,85.13,Alerta
87.56,48.4,69.41,2.79,83.09,72.82,Normal
71.76,67.84,74.7,2.91,61.3,81.9,Alerta
63.56,78.03,93.66,4.09,73.24,98.07,Alerta
54.97,75.71,87.99,3.36,63.7,94.36,Alerta
60.39,68.95,81.55,3.23,66.17,44.11,Alerta
96.84,57.66,61.22,1.31,84.19,76.82,Normal
87.31,63.59,57.53,1.59,91.69,55.06,Normal
103.06,56.47,52.03,2.34,93.05,60.06,Normal
79.99,55.67,61.9,1.94,76.08,40.0,Normal
44.01,95.53,112.9,7.24,51.0,36.8,Crítico
107.53,63.06,62.85,1.38,84.27,61.6,Normal
82.59,61.21,60.05,1.88,76.8,56.94,Normal
52.58,75.7,90.7,4.24,62.11,87.96,Alerta
93.9,55.12,68.03,2.04,77.81,71.62,Normal
38.26,104.83,95.54,8.64,48.89,107.63,Alerta
58.4,66.58,73.09,4.92,73.36,94.82,Normal
61.62,71.84,79.61,3.41,68.45,86.27,Crítico
70.4,46.07,85.56,1.38,80.02,79.67,Alerta
58.88,68.5,81.04,4.74,60.75,87.1,Alerta
74.78,40.91,50.53,1.41,92.67,62.5,Normal
62.88,77.91,94.76,4.01,64.63,87.52,Alerta
50.93,73.8,83.27,4.7,73.08,84.38,Alerta
29.61,87.98,96.52,10.28,49.39,92.12,Alerta
31.61,86.78,114.64,8.7,58.66,25.56,Crítico
94.61,41.65,65.05,1.52,82.94,76.37,Normal
66.72,54.63,46.42,1.84,94.94,42.92,Normal
66.99,76.06,90.8,5.44,68.32,76.2,Alerta
73.01,43.89,53.92,2.16,94.23,78.56,Normal
59.42,79.35,76.55,4.97,70.56,98.16,Crítico
100.4,105.2,119.05,8.19,23.77,113.41,Crítico
106.08,46.52,53.96,2.41,85.86,48.64,Normal
68.27,76.71,86.39,5.31,62.64,92.42,Alerta
79.18,49.49,45.81,2.24,87.49,41.51,Normal
66.92,71.71,78.82,3.12,73.24,93.75,Normal
59.06,71.87,90.05,3.09,63.92,95.3,Alerta
57.42,68.21,72.04,5.47,71.72,87.43,Alerta
65.83,78.69,84.67,5.74,60.89,91.18,Crítico
99.9,48.56,58.13,2.58,98.73,58.6,Normal
48.86,91.27,101.76,7.71,23.47,44.15,Crítico
65.51,74.01,93.46,2.97,71.23,89.66,Alerta
109.69,45.36,53.83,1.67,96.76,66.6,Normal
20.27,91.66,97.42,11.82,23.84,32.57,Crítico
29.33,108.49,105.46,8.92,24.04,139.32,Crítico
81.67,55.96,51.61,1.61,95.4,72.43,Normal
70.28,48.58,60.02,2.54,89.3,51.34,Normal
61.25,77.41,77.26,3.59,67.76,87.62,Alerta
72.45,45.8,47.94,1.59,84.84,89.54,Normal
59.6,69.0,83.77,1.12,62.59,93.33,Alerta
82.63,49.18,69.4,1.87,99.04,46.35,Normal
62.0,70.64,84.55,4.93,68.52,85.35,Alerta
95.83,57.15,52.89,1.29,99.41,53.18,Normal
67.3,75.55,84.3,3.89,62.58,92.7,Alerta
62.92,68.09,82.92,3.28,72.18,94.33,Crítico
31.92,100.88,116.36,6.5,51.52,46.11,Crítico
97.52,59.7,47.27,1.56,64.01,62.87,Normal
54.47,66.5,78.44,5.77,70.72,82.51,Alerta
21.55,95.5,103.75,8.59,50.67,117.66,Crítico
56.33,77.57,81.55,3.41,69.35,94.01,Alerta
75.81,60.7,67.93,2.63,81.15,78.59,Normal
29.71,94.57,96.11,8.78,36.49,137.81,Crítico
92.74,51.26,63.83,1.11,94.04,52.64,Normal
61.1,76.74,84.64,5.19,63.91,97.64,Alerta
87.45,42.11,46.92,1.73,90.37,79.36,Normal
104.84,51.08,46.28,2.06,94.99,41.41,Alerta
55.62,68.77,84.42,3.72,70.58,97.6,Alerta
80.57,43.47,57.96,2.68,98.25,69.14,Normal
22.89,89.96,79.11,10.97,49.53,124.83,Crítico
71.58,53.74,47.84,2.13,89.76,44.72,Normal
24.59,103.28,116.76,9.33,37.3,37.09,Crítico
72.92,63.42,65.59,1.81,86.3,74.02,Normal
94.69,51.02,53.07,1.08,96.2,65.51,Normal
102.87,41.29,66.82,1.28,95.67,79.95,Normal
105.09,63.38,54.4,1.92,99.31,59.31,Normal
59.16,69.23,92.77,5.53,64.44,96.45,Alerta
55.19,73.98,73.93,4.71,63.89,86.84,Normal
41.03,107.81,100.24,9.18,32.51,24.53,Crítico
38.69,109.55,119.36,9.46,52.38,111.11,Crítico
55.46,67.76,75.15,3.14,72.2,86.22,Alerta
65.61,74.12,73.53,4.42,63.29,91.64,Alerta
78.83,62.27,67.23,2.3,99.5,54.57,Normal
32.23,97.92,102.19,8.82,32.99,38.16,Crítico
102.89,57.91,63.4,1.11,80.23,54.82,Alerta
37.4,101.65,103.76,10.54,28.1,59.07,Crítico
67.47,73.82,88.61,2.73,65.8,86.32,Alerta
86.4,49.99,66.18,2.38,85.71,62.63,Normal
52.47,70.04,86.17,5.62,62.09,97.43,Alerta
35.31,82.18,98.42,6.44,49.53,19.18,Alerta
21.55,83.38,111.68,8.74,25.29,111.89,Crítico
89.26,44.35,62.95,1.74,75.15,66.94,Normal
96.57,45.9,63.94,1.5,92.04,73.67,Normal
53.84,71.71,88.7,2.97,66.3,96.77,Alerta
63.66,74.77,89.6,3.82,64.35,82.11,Alerta
42.94,94.69,111.98,9.18,37.29,103.11,Crítico
59.95,77.26,72.9,3.49,73.37,87.22,Alerta
78.14,52.76,50.86,1.24,85.46,52.9,Normal
58.91,67.92,84.63,5.83,62.23,95.57,Alerta
46.04,87.29,92.82,11.44,41.32,10.86,Crítico
62.82,68.21,72.48,3.26,71.05,99.24,Alerta
68.99,66.24,79.35,4.8,81.31,88.0,Crítico
56.17,74.42,71.3,5.32,73.37,81.55,Alerta
91.16,78.86,48.33,1.95,80.45,57.27,Normal
69.11,43.3,50.27,1.21,87.57,73.72,Normal
62.0,70.25,79.81,5.3,65.23,91.71,Alerta
60.25,52.15,83.67,3.71,72.7,81.84,Alerta
104.68,47.45,69.48,1.65,89.84,54.4,Alerta
90.94,56.15,66.11,1.39,92.85,61.45,Normal
79.94,63.69,55.13,2.5,85.34,67.5,Normal
31.72,98.54,109.68,10.95,99.31,35.77,Crítico
66.53,66.09,76.47,4.26,62.52,56.57,Alerta
40.89,92.55,112.34,10.93,30.36,110.75,Crítico
94.54,58.99,67.62,2.03,86.77,42.18,Normal
26.67,86.81,116.36,9.67,29.67,25.78,Alerta
60.96,74.12,94.39,3.27,62.55,85.64,Crítico
61.94,77.45,73.47,5.22,67.94,97.85,Alerta
52.68,71.25,84.52,4.17,63.61,82.54,Alerta
96.89,54.53,60.71,1.71,78.81,44.53,Normal
60.78,71.71,76.92,5.63,70.13,95.37,Alerta
52.58,73.02,94.42,4.49,61.12,89.35,Alerta
91.35,71.71,80.78,5.77,67.67,85.32,Alerta
52.72,69.11,75.9,5.8,70.21,81.2,Alerta
57.47,74.36,86.36,3.53,61.73,95.65,Alerta
83.18,73.89,81.32,3.69,70.87,99.98,Alerta
95.95,53.87,46.4,2.0,75.85,45.88,Normal
28.87,81.78,110.3,9.03,30.44,16.72,Crítico
53.71,73.31,82.64,4.34,69.16,83.58,Alerta
60.33,73.24,77.35,4.74,70.47,86.8,Alerta
79.01,56.34,55.72,2.09,86.13,64.34,Normal
35.1,92.74,103.35,8.09,51.13,39.5,Crítico
109.61,43.94,58.95,1.45,88.01,70.04,Normal
100.41,64.82,51.1,2.43,92.23,51.72,Normal
96.61,56.4,63.91,2.66,86.8,53.25,Normal
107.91,64.42,61.56,2.32,87.54,40.78,Normal
67.8,67.52,83.06,4.43,70.6,87.01,Alerta
64.09,73.07,88.27,5.59,73.94,84.88,Alerta
78.63,59.45,61.72,2.75,93.55,55.0,Alerta
98.11,103.18,109.33,6.93,38.58,117.17,Crítico
67.01,75.51,91.27,4.09,71.06,89.0,Normal
85.47,56.58,55.91,1.94,96.43,77.9,Normal
82.85,45.37,65.88,2.57,99.22,49.34,Normal
99.71,50.44,54.08,1.62,80.82,50.36,Alerta
76.99,59.75,51.99,2.29,98.24,63.13,Normal
61.86,74.85,87.9,3.38,68.69,96.56,Alerta
54.81,67.64,89.59,4.26,61.99,96.05,Alerta
84.78,50.46,68.3,1.86,86.9,67.8,Normal
85.21,68.91,58.59,1.43,95.8,73.46,Normal
96.45,58.49,63.15,5.64,75.07,46.92,Alerta
37.93,93.92,101.46,10.61,36.83,24.35,Crítico
65.53,67.78,75.29,5.56,69.34,88.87,Alerta
72.69,42.71,51.32,2.4,85.74,67.81,Normal
59.38,83.44,103.38,10.68,25.17,103.24,Crítico
61.36,77.06,92.98,4.75,67.98,90.64,Crítico
66.98,75.46,87.22,2.97,72.46,98.07,Alerta
59.52,79.92,75.34,3.09,73.79,93.33,Alerta
64.85,70.51,71.95,3.82,66.41,95.81,Alerta
105.48,54.98,88.02,1.59,76.47,51.9,Normal
73.66,41.9,47.59,2.8,82.64,75.21,Normal
103.07,51.5,46.23,2.79,87.91,66.0,Normal
90.44,54.01,66.04,2.75,89.6,44.48,Alerta
30.01,102.46,95.99,9.35,20.48,13.66,Crítico
67.66,73.22,91.73,5.98,70.74,64.55,Alerta
89.89,54.54,68.12,2.28,87.32,64.02,Normal
26.47,89.87,78.13,9.04,59.88,32.8,Crítico
42.69,107.03,119.69,8.25,45.94,133.92,Crítico
55.38,70.87,90.09,5.4,72.79,98.24,Alerta
71.61,49.5,46.52,2.11,91.13,72.34,Normal
105.1,64.73,58.22,1.61,95.06,57.94,Normal
108.38,60.92,65.26,1.77,95.99,65.25,Normal
73.11,62.23,59.75,1.05,75.63,51.02,Normal
30.21,88.3,111.84,8.85,34.77,25.76,Crítico
84.93,45.27,46.65,1.59,91.49,49.26,Normal
85.31,53.27,69.93,1.91,75.04,47.67,Normal
94.97,57.76,50.06,2.42,93.42,47.6,Alerta
77.25,43.84,50.78,1.13,83.55,47.86,Normal
109.09,42.67,65.62,1.83,91.92,52.58,Normal
45.48,95.97,112.45,11.98,51.37,109.77,Crítico
96.11,54.15,46.39,2.24,80.74,51.84,Normal
48.33,96.4,98.52,11.98,39.69,79.33,Alerta
66.45,69.83,89.38,3.64,60.02,88.33,Alerta
36.06,92.08,99.07,10.58,44.87,31.34,Crítico
72.41,45.64,75.15,1.32,75.79,41.09,Normal
27.67,105.74,109.8,8.87,45.96,33.0,Crítico
93.13,44.28,47.28,2.78,97.18,45.81,Normal
53.19,66.1,71.6,5.67,67.83,82.24,Alerta
60.31,66.79,87.86,3.06,67.44,97.13,Alerta
103.44,52.72,62.73,1.31,83.98,63.05,Alerta
70.48,53.17,54.88,2.62,95.41,46.61,Normal
72.07,43.86,50.82,1.3,93.98,43.22,Normal
62.78,68.69,88.97,3.81,71.69,90.54,Crítico
74.32,63.32,65.33,1.77,86.81,45.04,Normal
103.54,63.05,50.06,2.3,97.36,60.4,Normal
60.02,79.21,79.79,2.91,65.5,85.38,Alerta
41.02,91.85,117.88,8.93,42.16,138.88,Crítico
93.53,54.28,64.06,1.97,91.89,52.49,Normal
54.31,75.44,78.54,5.9,65.51,92.89,Alerta
72.6,77.58,80.36,4.33,60.91,90.04,Alerta
90.72,50.33,60.56,2.69,99.69,67.99,Normal
104.22,48.37,51.25,1.06,93.95,71.22,Normal
75.37,56.49,64.04,1.31,98.64,70.82,Normal
62.77,78.13,92.71,5.19,62.1,58.22,Crítico
90.06,45.69,57.01,1.87,81.84,78.54,Normal
108.68,63.19,67.7,1.86,94.91,61.76,Normal
54.31,75.77,75.56,4.32,67.81,91.72,Alerta
57.68,79.55,87.0,3.63,63.93,93.03,Alerta
91.44,56.25,62.15,1.47,76.99,65.92,Normal
51.84,74.28,55.01,4.4,61.9,97.43,Alerta
85.44,59.3,47.27,2.23,85.07,64.09,Normal
98.73,40.52,59.92,1.48,94.91,40.79,Alerta
42.5,50.33,103.58,7.31,47.86,105.84,Crítico
102.33,53.04,59.39,2.68,87.99,45.06,Normal
61.17,71.13,82.68,5.21,61.4,67.29,Alerta
82.51,59.39,73.62,1.39,96.35,51.89,Normal
82.92,49.73,50.89,2.68,80.39,74.82,Alerta
92.92,53.84,66.4,1.92,89.38,68.69,Normal
84.98,51.25,58.02,1.41,98.67,49.17,Normal
83.85,55.93,45.64,1.54,99.17,48.81,Normal
38.78,94.17,111.32,7.35,21.26,51.44,Crítico
92.14,55.35,45.34,2.16,81.42,61.89,Normal
68.11,74.26,91.11,4.9,69.91,98.95,Alerta
100.91,44.4,66.09,4.03,89.95,56.62,Normal
59.66,78.45,82.99,2.43,61.79,91.74,Alerta
34.46,108.29,117.13,8.14,60.21,37.22,Crítico
107.83,52.09,63.92,1.06,97.9,42.97,Normal
77.95,58.52,65.18,1.41,66.57,47.73,Normal
55.86,75.73,87.29,5.32,67.61,85.44,Alerta
37.9,82.71,109.52,7.18,43.4,39.21,Crítico
57.72,66.66,86.75,4.57,71.63,86.0,Alerta
61.5,88.3,115.71,6.58,27.65,15.73,Crítico
78.34,48.3,59.36,2.13,98.55,75.64,Normal
77.3,66.64,77.25,3.56,73.61,86.44,Alerta
23.85,95.13,115.02,10.6,37.01,110.57,Alerta
50.35,77.66,81.03,4.48,61.9,93.13,Alerta
77.09,53.48,65.79,2.69,82.51,79.23,Normal
63.45,76.48,91.88,1.19,67.32,84.14,Alerta
68.88,76.02,80.76,4.0,65.84,87.02,Alerta
72.73,58.52,73.29,2.19,99.28,44.08,Normal
100.84,60.04,49.18,2.69,91.34,42.38,Normal
78.67,41.95,64.54,4.65,99.5,79.25,Normal
104.35,49.43,46.53,2.47,82.23,71.58,Normal
97.37,50.18,45.73,1.49,98.64,60.6,Normal
100.25,50.3,68.22,1.26,96.12,51.65,Normal
40.28,98.24,114.69,1.7,23.85,13.41,Crítico
104.93,45.15,50.42,2.46,89.19,49.4,Normal
33.39,86.2,114.35,11.15,32.82,94.37,Alerta
59.94,69.82,78.76,5.44,66.82,98.88,Alerta
90.09,48.0,68.45,1.27,88.32,95.52,Normal
107.56,87.07,106.19,9.61,57.89,123.86,Crítico
61.54,68.2,76.74,3.51,72.23,93.74,Alerta
97.47,68.69,83.76,4.15,66.66,84.11,Alerta
78.19,49.68,61.66,1.47,92.38,70.36,Normal
69.71,56.92,66.23,1.76,79.84,67.03,Alerta
105.94,48.47,62.43,2.48,88.94,72.03,Normal
109.2,63.29,56.35,2.06,83.04,75.87,Normal
90.74,93.37,115.64,6.64,39.11,19.93,Crítico
28.56,83.24,96.65,5.15,20.13,138.83,Crítico
54.03,67.47,77.76,4.21,78.46,99.41,Alerta
96.07,49.47,49.67,2.29,93.14,78.28,Normal
64.39,79.99,78.8,4.57,73.69,59.92,Alerta
85.81,52.07,63.66,1.88,79.42,58.46,Alerta
109.44,48.7,54.86,1.84,77.28,72.72,Normal
75.95,61.84,48.22,1.08,98.85,60.57,Normal
30.29,102.8,102.86,9.38,47.76,20.66,Crítico
109.67,70.86,71.43,4.02,68.38,86.48,Alerta
92.15,55.98,65.82,1.96,90.08,68.37,Normal
87.36,41.19,64.36,1.08,78.83,69.38,Normal
45.16,94.83,103.25,8.22,56.54,37.22,Crítico
60.12,73.43,85.53,3.35,73.13,95.44,Alerta
51.68,72.0,82.34,5.8,68.4,65.9,Normal
102.02,61.7,46.06,1.47,95.17,62.5,Normal
56.32,75.07,76.94,5.6,60.41,98.65,Alerta
87.98,92.84,97.39,11.36,39.66,135.98,Crítico
55.23,74.56,78.08,6.0,65.58,88.82,Alerta
78.47,56.35,90.18,2.76,99.37,66.81,Normal
29.01,99.12,98.78,11.53,36.37,71.14,Alerta
54.24,75.02,93.15,4.04,70.67,99.38,Alerta
67.64,78.66,71.12,4.73,90.34,88.81,Alerta
79.17,55.67,52.52,2.65,78.28,73.15,Normal
36.83,89.16,96.69,10.06,46.38,104.81,Alerta
103.04,62.26,61.83,2.1,79.13,63.19,Normal
108.08,46.95,63.47,1.61,99.61,61.1,Normal
63.55,70.79,86.95,3.96,68.49,96.42,Alerta
20.05,83.9,103.79,6.68,39.7,106.17,Crítico
62.34,71.49,74.89,3.69,66.42,93.46,Alerta
42.21,94.63,115.32,8.38,26.3,22.78,Crítico
47.06,109.02,111.77,9.54,24.8,35.96,Crítico
80.0,64.9,49.68,1.38,79.45,45.11,Normal
55.59,75.64,87.28,2.46,68.05,82.91,Alerta
85.71,41.65,49.65,1.81,77.03,74.09,Normal
40.29,100.12,109.41,3.2,21.38,118.35,Crítico
73.14,51.31,62.68,1.03,81.42,71.9,Alerta
82.14,53.69,46.06,1.88,94.31,55.5,Alerta
61.45,67.29,80.79,3.75,72.34,95.02,Alerta
43.13,101.0,97.79,10.36,91.83,17.65,Crítico
64.82,69.98,87.2,5.34,81.74,84.4,Alerta
22.87,84.12,104.48,8.42,56.62,101.43,Crítico
108.61,43.62,59.07,1.64,95.2,43.78,Normal
97.19,73.63,62.26,2.67,85.75,50.97,Normal
22.45,85.17,97.67,7.18,25.37,34.17,Alerta
82.26,54.8,69.1,1.04,80.62,64.78,Normal
92.6,46.64,66.41,1.46,78.72,65.26,Normal
35.39,85.14,100.72,10.41,45.36,10.75,Alerta
26.23,101.17,111.43,11.45,36.94,120.11,Crítico
55.33,73.3,91.65,3.67,69.96,98.6,Alerta
100.5,59.07,49.24,2.2,98.27,58.65,Normal
68.76,74.7,76.62,4.26,71.06,82.73,Alerta
84.2,57.38,61.74,1.34,82.48,70.95,Normal
29.29,89.49,109.72,11.28,55.14,69.0,Crítico
78.72,58.65,55.37,3.46,99.14,79.19,Alerta
83.59,57.84,60.21,2.57,87.71,47.76,Normal
91.3,54.69,56.1,2.02,99.28,72.52,Normal
55.16,68.26,84.94,4.99,73.04,92.12,Alerta
93.74,59.42,62.62,1.55,77.86,43.04,Normal
82.78,72.83,77.27,4.01,67.04,87.57,Alerta
105.16,46.46,60.45,2.78,98.12,75.68,Normal
88.13,52.95,53.49,2.77,86.17,40.01,Alerta
93.32,49.4,61.41,1.4,92.78,40.45,Normal
105.89,57.52,52.53,1.13,90.2,79.05,Normal
73.08,64.16,49.19,1.26,86.46,40.39,Normal
72.38,46.41,54.29,1.44,75.74,64.07,Normal
101.4,56.83,50.99,1.66,87.45,45.38,Normal
106.54,75.84,85.55,3.91,67.33,82.54,Alerta
75.29,59.14,48.31,2.55,79.9,54.31,Normal
39.29,104.91,110.82,5.48,34.95,23.85,Crítico
104.02,59.6,60.59,1.92,93.13,51.55,Normal
66.49,67.89,92.56,3.05,78.96,98.93,Alerta
58.63,66.23,83.78,5.56,71.1,99.19,Alerta
68.39,67.78,81.34,3.3,65.03,97.01,Alerta
98.82,60.43,69.61,1.85,78.01,65.61,Normal
67.14,69.73,72.35,4.02,65.46,81.49,Alerta
87.31,40.64,55.48,2.29,97.57,55.38,Normal
95.99,50.28,60.91,1.34,85.0,79.2,Normal
82.37,57.57,69.43,1.05,90.91,53.55,Normal
79.94,63.52,62.63,1.99,86.74,54.42,Normal
80.82,58.61,48.38,2.02,78.82,90.33,Normal
75.62,51.17,67.0,1.63,77.03,41.7,Normal
79.23,45.12,56.76,5.29,97.79,59.24,Normal
57.08,76.52,89.36,4.4,73.96,91.84,Alerta
65.97,67.34,50.13,5.95,66.55,98.39,Alerta
29.35,109.43,98.31,7.02,39.66,114.22,Crítico
94.67,41.59,69.88,2.35,88.74,47.29,Normal
55.7,74.31,94.89,4.84,65.88,96.89,Alerta
58.83,78.79,92.89,4.39,67.68,96.68,Alerta
108.79,61.03,48.18,2.47,93.14,65.91,Normal
102.0,52.0,56.04,2.35,97.05,58.29,Normal
100.7,58.81,52.27,5.32,93.31,42.32,Normal
63.5,66.98,89.56,4.82,64.7,93.75,Alerta
68.55,79.95,78.76,5.59,71.73,91.75,Alerta
23.42,90.61,102.39,11.58,28.15,40.32,Crítico
59.18,70.65,81.22,2.96,61.54,87.32,Alerta
64.64,66.24,83.31,3.72,91.77,84.17,Alerta
64.91,74.21,77.89,3.05,62.77,88.24,Alerta
63.41,79.2,78.2,5.08,69.2,84.65,Alerta
45.73,96.1,106.3,10.87,43.04,131.23,Crítico
86.9,52.96,48.26,1.75,78.15,68.2,Normal
58.62,74.3,78.24,3.65,60.35,92.39,Alerta
65.54,70.52,90.05,3.66,71.85,90.08,Normal
82.41,43.92,60.31,2.66,98.3,53.63,Normal
24.87,84.73,96.64,6.11,57.41,21.16,Crítico
80.49,63.81,56.2,2.54,84.29,79.92,Normal
62.42,73.82,76.44,1.62,65.82,84.68,Alerta
80.28,42.3,57.07,2.07,88.75,47.02,Normal
92.17,45.86,61.54,1.49,93.82,57.41,Normal
86.75,58.4,51.28,1.79,85.12,41.96,Normal
94.04,64.4,56.28,1.86,81.07,64.85,Normal
38.48,87.2,107.24,6.26,26.31,101.98,Crítico
58.29,70.88,78.7,5.65,61.88,82.56,Alerta
91.65,64.97,65.84,2.42,92.64,52.41,Normal
59.95,70.06,93.92,3.73,61.19,92.06,Alerta
76.45,44.81,69.55,2.21,83.54,42.48,Normal
108.32,40.85,61.36,2.13,84.61,75.06,Normal
51.72,80.44,102.63,8.67,58.93,111.96,Crítico
67.47,72.91,81.79,3.92,70.49,96.54,Alerta
56.09,77.63,71.29,4.02,64.4,88.39,Alerta
109.79,54.54,53.98,1.5,98.17,59.87,Normal
78.26,50.57,53.49,1.47,93.38,69.37,Normal
21.54,97.53,101.32,10.37,26.8,30.15,Crítico
88.42,46.88,53.92,1.06,93.11,65.75,Normal
34.81,64.56,108.56,10.67,34.46,121.22,Crítico
105.62,45.57,65.42,2.77,75.04,57.02,Normal
35.39,101.0,95.83,6.4,25.95,31.75,Alerta
69.47,61.5,51.64,1.18,96.99,50.73,Normal
91.24,41.81,59.79,1.51,94.07,68.95,Normal
34.26,103.28,116.62,8.7,20.89,139.27,Crítico
65.81,72.51,73.51,4.99,70.49,98.35,Alerta
72.41,40.73,68.68,2.07,83.62,73.79,Normal
47.54,109.91,107.6,11.03,42.95,22.84,Crítico
49.8,105.19,99.79,9.65,30.13,59.29,Crítico
68.1,73.47,92.3,5.93,77.67,84.48,Alerta
60.66,67.75,88.51,3.87,71.09,81.9,Alerta
81.17,76.9,73.73,4.47,69.35,92.6,Alerta
62.8,76.18,77.08,3.61,62.0,84.15,Alerta
26.05,105.1,118.62,2.99,22.77,135.49,Crítico
102.11,57.62,45.67,2.12,96.68,47.04,Normal
94.91,58.33,68.25,2.39,80.12,44.8,Normal
102.1,63.32,69.79,2.14,80.14,48.55,Normal
101.62,40.32,54.36,2.6,85.77,47.73,Normal
60.58,101.07,119.67,6.6,45.28,122.3,Alerta
50.55,71.49,86.66,4.21,61.22,89.68,Alerta
66.35,74.42,86.63,5.44,71.63,83.1,Alerta
64.52,76.79,75.56,4.71,72.25,82.67,Alerta
59.7,70.61,73.93,3.14,69.51,90.96,Alerta
44.55,90.35,106.27,3.04,43.23,103.48,Crítico
62.07,67.9,81.82,3.71,67.18,89.87,Normal
99.31,61.4,65.64,1.94,86.72,41.95,Normal
42.68,106.71,103.6,3.57,31.39,11.62,Crítico
54.56,71.63,78.35,4.63,72.31,99.25,Alerta
63.67,70.26,78.2,5.17,70.97,84.66,Crítico
90.9,41.1,66.6,1.85,80.9,46.1,Normal
90.56,64.39,60.75,2.57,92.8,64.14,Normal
107.78,41.59,45.44,4.13,96.75,44.77,Normal
52.09,79.41,89.5,5.28,65.38,91.51,Alerta
50.13,71.4,93.85,3.17,73.01,83.39,Alerta
56.31,75.84,87.02,5.29,60.73,94.5,Alerta
53.56,71.82,72.82,3.07,63.39,70.32,Alerta
82.63,88.32,99.8,8.24,40.39,116.23,Crítico
79.66,48.99,55.3,2.32,85.81,63.54,Normal
29.54,89.78,100.97,9.19,23.99,127.16,Crítico
72.02,56.09,45.23,1.5,90.13,64.12,Normal
92.64,49.4,48.73,1.98,97.12,77.69,Normal
68.97,79.87,87.06,2.93,63.41,88.73,Alerta
72.5,61.95,52.6,2.32,90.99,59.34,Normal
68.24,68.09,87.21,5.07,69.7,94.58,Alerta
73.82,48.4,45.59,1.32,96.18,51.91,Normal
53.64,66.04,83.64,4.02,61.29,87.63,Alerta
74.78,62.44,69.94,1.08,93.17,69.91,Normal
72.89,51.52,66.48,1.98,76.35,63.99,Normal
86.77,58.96,61.71,1.14,86.55,75.59,Normal
68.79,69.55,78.03,4.46,67.05,87.46,Crítico
65.55,76.43,93.88,4.71,64.18,99.53,Alerta
73.48,58.54,68.42,1.05,90.51,58.13,Normal
70.0,46.73,45.97,2.63,98.14,45.84,Normal
82.68,58.01,58.34,2.46,80.28,63.51,Normal
54.15,67.92,72.51,3.51,87.75,96.52,Crítico
88.76,50.61,51.08,1.6,96.43,71.09,Normal
99.9,53.19,50.44,1.86,86.68,47.79,Normal
64.23,79.05,80.89,2.11,66.16,94.16,Alerta
93.75,47.0,51.55,1.53,87.63,49.89,Normal
80.97,42.94,57.87,1.32,96.26,45.03,Normal
65.56,75.36,73.28,3.98,60.0,93.34,Alerta
93.43,53.36,50.41,2.57,89.08,52.63,Normal
64.5,73.3,71.37,4.78,84.69,94.17,Alerta
107.64,56.93,69.9,2.38,83.81,61.6,Normal
41.43,106.15,114.75,10.72,49.76,33.16,Crítico
53.87,70.78,86.92,3.53,72.78,81.83,Alerta
54.06,78.42,85.26,4.15,73.71,54.18,Alerta
105.25,60.91,67.39,1.04,87.78,62.46,Normal
65.89,76.48,73.5,3.79,68.91,84.55,Alerta
97.79,53.55,60.37,1.71,75.85,54.22,Alerta
105.89,43.83,48.03,2.13,76.68,49.03,Normal
102.32,57.52,57.3,1.02,92.55,65.1,Normal
75.6,54.65,51.87,2.4,87.74,61.9,Normal
107.04,63.26,66.6,2.53,82.62,72.78,Normal
34.52,88.28,101.79,10.94,68.8,127.94,Crítico
103.41,64.62,48.14,1.29,81.81,72.96,Normal
58.23,76.32,91.02,4.45,73.5,87.73,Alerta
84.81,41.1,51.79,2.26,96.97,42.97,Normal
93.9,60.64,69.99,2.39,82.22,58.24,Normal
87.1,46.57,57.12,1.58,99.69,79.67,Alerta
51.81,70.56,85.84,3.56,62.68,93.12,Alerta
91.87,46.37,59.21,2.07,79.93,76.57,Normal
104.16,50.37,61.64,1.91,91.65,60.37,Normal
57.55,51.27,77.4,3.42,67.87,81.64,Crítico
96.27,78.95,50.63,2.34,92.85,65.65,Normal
52.7,68.95,82.53,5.37,70.99,98.46,Alerta
50.32,73.78,88.04,3.94,71.53,92.6,Alerta
57.58,58.3,77.49,3.75,66.01,91.5,Alerta
77.24,64.26,67.35,2.67,85.99,76.97,Normal
86.11,57.09,69.23,1.61,92.81,67.34,Normal
65.2,89.24,110.26,8.14,42.27,100.54,Alerta
74.37,63.66,61.34,2.23,90.51,55.65,Normal
93.72,46.74,59.24,2.49,75.16,42.99,Normal
29.22,87.54,113.18,8.34,78.74,15.7,Crítico
93.28,50.71,46.14,2.13,96.36,53.37,Normal
82.19,61.47,50.5,1.76,97.27,41.43,Alerta
78.09,40.82,49.94,2.4,80.83,76.21,Normal
101.41,55.85,56.7,1.78,75.69,67.0,Normal
62.79,77.93,86.29,4.96,63.62,98.75,Alerta
99.25,40.84,61.69,1.43,96.19,58.63,Normal
35.43,94.13,102.81,6.66,46.89,130.52,Crítico
63.78,73.92,89.18,4.88,68.61,98.88,Normal
108.02,63.56,67.17,2.7,97.24,78.36,Normal
52.17,73.5,82.6,4.1,73.48,91.91,Alerta
27.66,88.99,100.98,3.32,28.03,32.93,Crítico
107.31,42.89,52.69,2.07,75.28,49.02,Normal
37.97,107.22,114.11,9.04,35.36,26.82,Crítico
63.43,79.88,72.16,5.32,71.23,98.45,Alerta
97.84,55.34,64.93,1.63,93.05,75.5,Normal
54.97,78.28,93.44,4.11,65.51,98.32,Alerta
33.74,68.97,118.89,10.73,53.58,137.99,Crítico
54.9,74.57,81.13,5.91,66.0,82.34,Alerta
83.53,55.48,64.46,2.21,85.16,57.35,Normal
59.11,72.91,86.56,4.4,63.63,88.38,Alerta
27.36,51.98,97.74,7.9,56.01,33.17,Crítico
29.7,106.76,78.03,10.74,57.13,19.04,Crítico
82.83,62.27,66.78,2.23,78.65,63.4,Normal
35.78,102.61,118.44,9.21,98.77,15.07,Crítico
90.51,54.09,53.31,1.71,86.74,88.41,Normal
61.45,67.04,93.74,3.54,65.14,89.57,Crítico
65.1,77.06,77.26,5.74,71.26,81.32,Alerta
27.41,99.03,97.34,11.83,94.91,14.6,Crítico
84.19,44.66,65.88,1.32,96.6,97.22,Normal
84.71,55.42,58.84,1.79,90.34,56.56,Normal
105.94,57.94,53.04,1.35,78.66,48.78,Normal
51.27,77.49,92.58,4.67,64.28,83.3,Alerta
59.05,77.61,73.12,5.28,66.97,83.96,Alerta
87.79,40.08,53.44,2.33,84.59,66.42,Normal
98.37,46.56,61.45,2.51,90.45,52.16,Normal
66.22,74.51,90.92,6.0,70.09,91.33,Alerta
85.58,62.42,68.87,1.87,97.5,53.4,Normal
105.76,54.46,64.9,1.27,85.94,68.08,Normal
25.57,100.49,114.43,10.8,34.29,32.28,Crítico
86.91,57.69,49.43,2.53,86.96,51.41,Normal
44.36,99.84,98.96,7.87,54.35,45.21,Crítico
31.88,88.15,99.14,11.86,54.74,61.4,Crítico
62.26,70.25,79.99,3.31,66.92,81.01,Alerta
61.7,76.8,90.08,5.98,70.23,90.6,Alerta
72.48,55.84,66.39,1.73,99.05,76.3,Normal
50.23,57.38,79.56,5.83,73.97,83.41,Alerta
91.67,65.33,45.03,1.83,96.1,68.92,Normal
76.25,51.36,59.36,1.59,76.24,61.58,Alerta
43.75,95.32,113.77,10.5,33.08,80.35,Crítico
91.61,52.8,64.2,3.79,94.94,42.58,Normal
85.24,49.66,63.0,2.24,90.3,68.23,Normal
58.69,69.69,92.33,5.87,71.95,93.59,Alerta
105.17,48.33,53.65,2.78,93.15,67.73,Normal
63.32,51.57,71.6,3.29,66.73,82.18,Alerta
90.36,59.21,58.43,2.04,79.4,63.57,Normal
83.72,62.28,55.93,2.77,80.75,46.83,Normal
88.88,40.22,48.36,1.83,86.65,55.78,Normal
48.48,105.89,68.06,8.05,40.1,36.73,Crítico
40.52,83.18,97.26,1.92,53.58,18.54,Alerta
98.28,56.59,51.22,2.11,88.69,48.94,Normal
107.53,46.46,45.29,2.5,84.66,54.4,Normal
81.92,51.25,55.1,1.5,86.37,44.47,Normal
24.77,88.67,95.42,8.2,23.97,135.35,Crítico
80.45,52.53,66.75,2.68,89.94,73.81,Normal
84.48,51.77,64.75,2.26,86.0,47.54,Normal
89.94,54.52,61.98,1.26,92.39,59.27,Alerta
103.75,40.77,67.43,2.02,77.56,57.0,Normal
57.56,72.01,88.97,4.7,61.9,93.25,Alerta
44.7,108.25,110.93,7.87,43.78,37.07,Alerta
38.91,86.15,115.36,9.24,28.31,20.13,Crítico
50.69,73.09,73.11,3.36,65.78,96.12,Alerta
106.83,60.97,57.78,1.87,78.01,58.96,Normal
44.71,82.48,117.06,7.38,93.3,28.7,Crítico
105.29,44.21,53.62,2.42,83.04,48.79,Normal
56.93,42.12,55.25,2.6,85.64,51.11,Normal
105.57,60.54,65.82,2.1,80.88,40.85,Normal
62.47,72.85,90.97,5.26,65.44,92.82,Alerta
74.23,60.45,60.9,1.14,93.81,56.74,Normal
41.09,49.55,118.15,7.0,54.44,130.19,Crítico
21.04,106.0,66.07,7.27,47.73,123.47,Crítico
72.93,45.44,64.67,1.57,98.8,44.37,Normal
45.09,91.91,108.87,7.87,48.59,123.67,Crítico
52.23,77.53,91.98,5.78,68.21,47.23,Alerta
94.27,60.4,68.56,1.81,82.05,67.84,Alerta
96.95,46.28,53.31,2.09,82.57,72.38,Normal
58.5,75.89,82.31,4.47,61.99,78.06,Crítico
51.1,78.12,71.15,4.07,66.07,85.64,Alerta
77.05,40.33,61.51,2.1,92.45,73.74,Normal
91.86,48.36,56.7,2.75,96.41,60.16,Normal
52.35,76.39,90.93,3.03,70.03,92.44,Alerta
51.64,71.44,79.77,4.39,72.73,99.28,Normal
102.68,46.95,63.26,2.63,80.29,54.84,Normal
53.18,71.52,94.82,3.13,61.37,94.55,Alerta
50.89,101.74,118.71,7.93,43.93,38.21,Crítico
55.15,41.46,47.28,1.73,99.41,59.59,Normal
58.64,78.08,94.04,3.02,67.44,90.66,Alerta
71.33,64.16,56.01,1.06,77.38,49.6,Normal
90.11,52.02,47.48,2.41,92.88,51.06,Normal
97.17,52.68,55.13,1.03,94.34,73.73,Normal
103.71,64.28,48.89,2.71,91.66,41.44,Normal
84.98,64.83,53.15,2.09,90.8,51.04,Normal
106.37,56.67,58.95,2.16,82.23,40.71,Normal
24.86,84.93,116.36,11.78,26.11,24.78,Alerta
24.25,107.03,109.84,10.77,39.46,32.85,Crítico
78.08,43.52,60.72,2.33,85.22,65.95,Normal
91.52,49.69,45.74,1.59,89.35,59.81,Normal
26.39,81.77,119.43,10.0,44.29,131.66,Crítico
83.65,40.25,53.52,1.77,75.06,55.98,Normal
64.01,73.1,92.9,4.06,73.65,96.55,Alerta
32.0,105.51,96.21,7.92,54.65,121.4,Alerta
107.17,50.35,55.89,2.4,91.28,64.01,Normal
102.0,42.04,48.1,1.01,99.59,57.06,Normal
46.34,88.24,102.65,7.18,49.84,120.14,Crítico
61.57,78.0,93.26,3.0,70.62,92.05,Alerta
107.32,49.0,55.04,1.85,79.28,72.44,Normal
66.16,79.13,71.93,4.17,64.57,88.13,Alerta
100.78,63.93,59.75,1.97,89.75,54.14,Normal
60.49,66.84,79.35,4.58,60.14,88.03,Alerta
85.95,60.19,66.01,1.66,81.56,43.34,Normal
76.93,61.27,67.72,2.11,76.94,61.43,Normal
46.88,81.59,96.33,6.17,63.48,22.44,Crítico
53.98,71.29,77.74,4.99,65.52,87.65,Alerta
105.85,48.39,50.4,2.6,77.65,74.76,Normal
64.59,67.06,91.68,3.68,66.53,89.85,Alerta
75.46,56.07,65.9,1.91,93.85,42.08,Normal
83.07,45.18,59.22,1.43,80.8,43.54,Normal
83.29,43.76,61.5,1.64,94.39,96.8,Alerta
67.11,67.16,75.98,4.6,63.7,92.3,Alerta
105.67,54.15,66.49,2.09,98.51,65.92,Normal
67.16,76.04,83.42,4.48,70.08,83.18,Alerta
53.71,68.3,86.61,5.54,80.4,96.37,Alerta
99.28,61.36,49.4,2.01,83.67,64.17,Alerta
96.09,56.85,65.8,1.37,76.0,51.31,Normal
53.46,71.07,71.13,3.72,71.23,89.06,Alerta
85.78,48.21,45.55,2.02,87.36,66.27,Normal
34.82,105.38,96.22,6.99,64.02,30.84,Crítico
67.01,68.15,76.89,4.5,62.66,82.51,Alerta
109.99,43.34,63.97,2.18,89.55,64.23,Normal
40.03,94.07,102.68,8.66,30.61,84.47,Crítico
20.11,100.41,102.09,7.85,31.82,25.06,Crítico
63.35,70.78,72.23,5.39,67.48,85.35,Alerta
49.53,81.92,113.62,2.72,20.2,13.41,Crítico
80.83,47.25,65.14,2.57,94.25,57.05,Normal
86.24,107.83,107.64,10.94,24.16,109.33,Crítico
102.58,48.85,66.31,2.41,87.63,65.25,Normal
104.32,40.09,61.23,2.59,73.73,76.61,Normal
86.76,53.34,48.75,1.03,96.96,71.85,Normal
56.76,66.6,84.83,3.94,62.57,85.91,Crítico
63.73,78.69,91.12,5.06,73.41,89.57,Alerta
81.81,62.35,64.48,2.08,93.86,50.35,Normal
61.33,68.42,72.13,4.23,67.07,87.18,Alerta
50.81,72.6,88.14,4.3,68.67,94.71,Alerta
64.72,71.29,71.2,4.64,67.28,97.86,Alerta
60.6,72.08,73.5,3.81,66.94,96.97,Alerta
55.31,78.09,91.75,5.1,64.31,83.51,Alerta
62.59,66.86,89.44,5.8,62.12,86.39,Alerta
40.94,103.78,107.51,1.41,27.76,34.24,Crítico
87.21,53.75,68.81,2.79,66.32,54.21,Normal
101.73,46.54,52.54,1.14,77.06,65.9,Alerta
66.03,74.0,90.25,4.73,72.08,85.4,Alerta
45.52,81.01,100.41,9.95,55.51,71.05,Crítico
63.0,77.13,74.97,4.22,63.15,94.64,Alerta
42.11,96.94,109.29,6.39,40.62,112.29,Crítico
72.74,43.12,84.68,2.62,76.21,50.77,Normal
27.84,101.91,45.23,10.16,44.92,38.11,Crítico
55.98,78.25,83.75,4.75,64.96,90.85,Alerta
51.01,68.02,81.19,4.58,61.56,87.08,Alerta
60.94,68.22,78.64,3.74,70.85,82.2,Alerta
72.91,47.44,67.99,1.82,82.04,79.01,Alerta
93.33,58.01,64.52,1.97,82.16,70.71,Normal
41.28,84.08,98.83,9.02,33.71,130.96,Crítico
58.87,74.19,74.41,3.86,62.27,98.05,Alerta
84.37,54.65,51.47,1.47,83.57,51.2,Normal
60.42,66.63,90.45,4.03,64.84,83.57,Alerta
29.7,81.61,111.75,7.92,29.21,23.67,Crítico
51.96,71.01,79.32,5.75,69.36,99.99,Alerta
33.1,101.08,105.71,9.42,29.62,131.6,Crítico
72.41,50.16,51.85,2.47,79.85,48.72,Normal
27.55,100.81,108.14,10.12,45.81,123.25,Crítico
58.33,75.46,79.98,4.49,61.18,91.51,Alerta
40.15,56.7,113.92,7.45,59.79,127.64,Crítico
26.43,101.19,102.7,11.92,24.52,24.16,Crítico
78.82,41.31,62.5,1.89,94.56,60.39,Normal
40.83,86.95,99.91,10.02,58.97,11.61,Crítico
24.66,99.72,119.63,7.52,49.9,132.69,Crítico
92.78,49.21,58.56,1.12,83.43,68.61,Normal
26.59,85.65,104.28,7.54,67.89,31.28,Crítico
72.67,61.26,55.75,2.58,92.68,55.71,Normal
81.78,79.37,62.48,1.06,95.84,71.11,Normal
81.03,93.97,102.17,6.4,23.28,126.4,Crítico
50.18,78.21,75.09,3.45,62.73,87.63,Alerta
66.94,92.21,97.73,9.86,39.91,116.46,Crítico
106.02,59.13,45.46,1.51,91.05,49.09,Normal
102.11,61.07,57.35,1.12,98.13,50.74,Normal
22.16,82.06,95.49,3.54,59.77,103.01,Crítico
60.02,72.96,77.74,4.85,63.91,82.3,Alerta
57.42,68.21,81.44,4.23,70.14,96.29,Alerta
64.82,74.24,83.13,4.02,70.69,99.3,Alerta
74.93,57.17,45.95,2.3,95.14,42.6,Normal
33.93,87.5,107.45,10.18,33.55,103.53,Alerta
53.97,67.41,83.08,5.02,61.73,89.26,Alerta
79.61,61.35,52.77,1.04,97.38,61.15,Normal
72.05,56.82,48.75,2.72,87.07,52.86,Normal
86.55,47.79,49.32,2.54,79.93,51.64,Normal
77.41,63.73,45.21,2.61,95.6,93.46,Normal
53.12,70.67,81.6,4.27,65.07,90.53,Alerta
68.4,69.67,94.98,3.23,67.76,84.13,Alerta
79.08,64.99,56.45,1.47,92.71,76.77,Normal
65.77,71.94,92.99,5.15,64.53,87.46,Alerta
81.05,55.62,67.39,1.86,99.96,67.82,Normal
62.91,73.37,84.03,4.12,72.39,85.64,Alerta
95.82,66.09,65.79,1.79,95.91,45.3,Normal
80.39,41.86,50.22,1.52,80.44,47.62,Normal
96.57,99.59,104.53,10.03,39.06,101.51,Alerta
70.46,58.94,45.88,1.33,81.91,55.71,Normal
56.74,68.59,80.96,4.8,71.27,88.62,Alerta
25.59,84.04,119.99,6.43,47.75,131.25,Alerta
54.45,67.68,85.97,4.67,63.31,99.15,Alerta
101.63,48.54,62.0,1.98,81.79,75.55,Normal
39.96,103.9,98.88,11.19,29.56,25.44,Crítico
65.71,73.64,94.94,5.81,64.38,97.1,Alerta
50.91,73.73,82.03,3.19,62.98,95.66,Alerta
61.49,79.82,60.9,5.68,61.69,88.08,Alerta
58.95,74.63,75.63,3.71,60.51,90.12,Alerta
93.23,56.21,65.28,1.91,84.3,47.08,Normal
36.9,98.48,99.52,7.12,34.42,130.54,Crítico
101.85,60.32,51.44,1.02,93.18,64.08,Normal
31.16,84.67,110.21,9.16,53.06,36.38,Crítico
97.53,50.6,61.37,1.44,94.78,62.9,Alerta
64.98,55.22,54.04,2.6,95.09,73.95,Normal
48.23,80.75,114.01,10.78,21.76,28.66,Crítico
78.97,55.94,51.46,1.22,93.44,48.38,Normal
94.38,56.22,64.6,2.28,98.12,48.79,Normal
62.3,78.28,83.53,4.25,67.03,92.88,Crítico
70.22,44.02,51.41,2.01,77.88,51.13,Normal
103.17,62.6,58.38,2.91,92.33,49.46,Normal
75.72,62.78,67.21,1.37,61.5,72.24,Normal
62.86,66.98,88.76,5.53,65.49,97.73,Alerta
87.99,63.59,60.59,1.9,83.29,96.86,Normal
54.67,72.05,87.3,5.14,62.34,82.04,Alerta
51.52,70.35,78.05,5.39,67.23,85.12,Alerta
95.34,47.13,47.36,4.3,89.17,42.11,Normal
26.63,98.3,115.59,9.24,43.86,69.58,Crítico
51.42,69.35,71.68,4.06,68.88,95.87,Alerta
49.35,97.05,94.39,11.28,59.59,114.22,Crítico
108.98,54.23,52.45,1.1,90.07,72.01,Normal
59.23,69.64,90.49,3.02,69.58,97.62,Alerta
107.53,42.62,61.97,1.72,96.05,42.01,Normal
56.6,68.09,93.87,4.97,65.45,87.2,Alerta
32.06,92.55,97.37,8.99,23.43,99.14,Crítico
54.26,67.17,94.82,4.74,61.2,90.7,Alerta
80.12,62.11,55.03,1.2,87.83,67.15,Normal
60.03,79.01,93.66,4.47,67.74,84.62,Crítico
63.1,79.85,90.4,5.53,69.97,97.49,Normal
66.38,77.22,72.23,1.31,72.5,99.25,Normal
96.7,48.88,58.69,1.23,85.11,45.99,Normal
26.56,80.77,106.05,8.43,33.85,137.73,Crítico
53.55,68.73,86.82,4.42,60.96,90.2,Crítico
55.42,79.9,89.34,3.08,60.23,84.85,Crítico
60.89,73.89,74.84,3.12,61.12,93.29,Alerta
103.04,62.41,55.07,1.65,75.66,72.97,Normal
23.6,101.25,109.51,7.03,22.86,14.34,Alerta
50.9,69.97,73.73,3.35,86.66,87.9,Alerta
90.85,64.92,57.21,2.65,76.89,57.89,Normal
80.14,86.66,119.73,8.92,51.86,11.45,Crítico
108.63,54.28,48.3,2.53,76.35,50.11,Normal
59.23,86.83,98.73,10.72,33.05,18.82,Crítico
66.3,71.3,74.61,4.39,71.09,85.27,Alerta
54.05,74.91,85.61,5.96,61.77,91.08,Normal
63.28,79.96,86.83,3.66,72.67,93.74,Alerta
81.86,62.53,45.13,2.11,82.54,68.22,Normal
66.76,50.47,78.83,5.0,67.33,89.08,Alerta
99.18,59.22,62.9,2.45,72.02,74.39,Normal
74.55,59.73,49.31,1.0,99.37,75.93,Normal
72.32,64.12,64.08,1.63,81.98,56.58,Normal
28.33,83.32,104.94,9.98,63.24,26.49,Crítico
52.38,77.57,52.33,3.3,66.0,84.33,Alerta
75.72,42.94,46.88,2.41,87.69,69.32,Normal
51.81,73.97,92.98,5.17,61.77,81.52,Alerta
103.16,42.53,45.39,2.58,92.25,75.63,Alerta
90.75,55.08,47.98,1.05,81.29,58.58,Normal
55.2,73.26,72.66,3.83,60.62,94.8,Alerta
65.56,75.59,77.16,3.18,66.76,88.3,Alerta
74.07,52.39,53.36,1.16,83.93,78.66,Normal
92.19,52.71,55.94,1.62,81.26,58.12,Normal
100.33,57.58,50.68,2.4,75.54,49.58,Normal
95.07,46.8,67.36,2.48,95.22,45.49,Normal
43.29,97.89,95.4,7.87,43.05,48.75,Crítico
66.41,73.45,92.02,5.41,72.11,57.48,Alerta
85.69,57.42,66.26,1.09,92.02,51.32,Normal
66.08,75.79,79.55,4.68,60.72,83.37,Alerta
78.81,68.16,94.97,4.72,72.81,86.15,Alerta
96.38,44.1,45.9,1.89,81.08,54.16,Normal
68.86,79.35,85.29,4.56,71.04,95.07,Alerta
52.61,71.42,71.49,3.56,64.54,92.21,Alerta
57.89,75.06,72.65,4.74,70.54,88.71,Alerta
68.17,77.12,83.01,2.93,63.09,85.35,Alerta
50.63,78.52,73.07,3.35,71.99,98.55,Crítico
38.31,93.18,113.83,7.03,41.49,32.6,Crítico
35.24,87.23,108.16,10.74,55.3,94.57,Alerta
80.3,45.38,60.32,2.32,95.67,42.81,Normal
107.52,46.31,58.74,1.68,87.71,50.96,Normal
100.64,49.5,55.32,2.79,85.83,76.6,Normal
83.97,59.95,68.23,1.68,95.15,77.13,Normal
52.68,68.95,77.75,5.49,71.27,99.75,Alerta
89.55,72.02,73.3,4.1,63.31,99.53,Alerta
63.09,72.77,93.17,4.98,67.01,96.38,Alerta
93.05,46.79,46.67,2.02,75.08,61.07,Normal
36.29,107.12,112.53,6.9,31.41,46.55,Crítico
40.69,104.19,98.52,7.97,44.89,133.29,Crítico
76.59,43.87,66.59,2.35,78.29,68.92,Normal
30.62,94.86,99.23,3.74,33.57,133.02,Alerta
20.21,96.24,58.23,9.98,31.97,37.58,Alerta
74.79,54.91,50.36,1.45,79.83,60.03,Normal
36.09,96.74,95.7,4.27,59.77,105.68,Alerta
50.95,79.6,81.66,3.11,67.63,97.48,Alerta
60.97,69.44,82.06,4.55,68.0,82.3,Alerta
76.1,54.68,60.59,1.14,78.96,44.2,Normal
102.3,47.95,45.51,2.02,92.4,52.3,Normal
79.4,45.28,57.79,1.27,84.09,55.23,Normal
68.55,71.76,76.31,3.09,69.89,83.05,Alerta
93.91,60.83,68.76,1.11,87.49,70.42,Normal
27.0,101.04,109.6,9.96,25.81,17.28,Crítico
83.35,49.95,55.53,5.23,89.79,44.56,Normal
105.61,58.46,53.69,2.71,82.69,77.05,Normal
35.23,95.43,98.49,7.19,26.63,34.89,Crítico
89.0,41.67,70.0,1.58,81.35,56.98,Normal
64.94,79.06,73.61,5.32,73.73,94.61,Alerta
107.72,64.09,45.99,2.39,76.58,44.52,Normal
62.88,69.47,84.16,2.97,92.57,88.13,Alerta
55.05,61.92,90.79,5.52,64.45,98.57,Alerta
39.95,83.86,101.54,9.18,37.66,118.83,Alerta
54.43,78.92,76.57,4.27,69.87,87.73,Crítico
90.02,60.27,59.65,2.73,86.42,67.63,Normal
103.15,52.56,59.58,1.17,93.64,61.01,Alerta
81.07,63.63,80.52,1.63,76.57,54.55,Alerta
66.79,75.67,92.4,3.21,73.5,93.79,Alerta
71.58,56.27,48.42,1.03,99.14,66.43,Normal
104.62,44.4,52.13,1.58,75.99,79.11,Normal
58.84,73.0,77.03,5.25,60.96,81.98,Alerta
82.06,54.24,53.31,2.28,89.97,75.9,Normal
68.98,73.18,76.37,3.56,66.04,96.53,Alerta
53.22,71.53,79.0,3.7,66.9,84.32,Alerta
106.34,50.63,56.89,2.45,86.32,74.73,Normal
102.51,41.82,51.67,1.82,80.45,78.9,Normal
34.35,102.91,104.29,10.66,47.12,25.23,Crítico
85.67,55.34,45.91,2.38,78.4,58.2,Alerta
53.19,40.98,58.39,1.69,98.73,72.87,Normal
103.63,71.26,60.61,2.54,77.44,73.05,Normal
68.68,69.63,93.54,4.52,73.19,93.09,Alerta
80.86,44.2,62.39,1.33,97.62,42.96,Normal
97.8,50.94,62.39,1.42,79.03,59.65,Normal
99.17,53.44,69.9,2.1,94.63,63.03,Normal
108.04,51.62,48.74,1.61,95.48,68.23,Normal
76.25,42.86,45.39,2.11,77.83,67.53,Alerta
50.31,71.27,82.33,5.09,72.32,92.65,Alerta
66.11,103.05,109.27,10.41,26.3,18.6,Crítico
41.82,97.33,97.13,10.19,45.91,19.51,Crítico
46.67,107.38,103.75,11.45,38.78,102.38,Crítico
105.61,62.88,53.05,2.24,80.74,67.7,Normal
77.52,46.87,48.44,1.73,89.89,73.77,Normal
87.11,45.82,63.14,1.32,83.31,74.23,Normal
84.5,64.82,51.18,4.75,93.67,76.55,Normal
77.08,50.79,61.53,2.07,99.1,64.28,Normal
105.07,64.45,60.08,2.2,81.34,74.59,Normal
98.22,51.37,66.87,1.37,79.91,67.14,Normal
50.98,74.32,88.6,5.61,64.69,90.09,Alerta
75.41,42.08,45.94,1.17,83.7,69.3,Normal
59.34,70.06,73.05,1.63,71.66,95.86,Normal
83.68,48.19,65.51,1.5,76.09,59.76,Normal
74.92,72.17,65.76,2.31,90.14,61.11,Normal
58.43,63.26,72.22,5.87,60.24,98.61,Crítico
78.09,59.52,66.87,1.07,96.01,75.95,Normal
85.67,76.22,76.71,3.37,69.02,96.02,Normal
54.72,68.76,79.99,4.6,63.1,81.09,Alerta
78.43,51.64,55.72,1.47,83.28,60.13,Normal
24.95,91.91,115.11,10.85,56.08,18.86,Alerta
81.39,40.62,47.76,1.79,90.06,76.47,Normal
101.59,50.22,47.87,1.01,97.58,64.14,Normal
107.06,93.91,108.26,9.69,43.68,20.14,Crítico
86.98,84.7,108.27,10.81,25.77,127.38,Crítico
94.06,53.05,63.1,1.08,83.89,57.32,Normal
64.99,75.96,92.93,5.14,63.19,96.86,Alerta
20.31,97.08,101.23,9.83,55.96,78.15,Alerta
97.21,44.75,49.46,1.63,75.56,49.42,Normal
85.16,52.73,65.34,1.88,98.29,61.95,Normal
91.95,60.99,59.14,2.19,99.79,54.62,Normal
51.58,67.03,83.32,5.86,72.58,90.51,Alerta
29.51,106.89,98.23,6.13,52.85,25.59,Crítico
73.75,61.33,61.7,1.33,98.48,77.31,Normal
68.1,72.71,90.83,4.03,61.85,93.7,Alerta
50.63,66.43,93.29,5.28,62.1,93.06,Alerta
97.15,51.37,67.48,1.79,78.53,53.45,Normal
20.38,96.92,112.97,10.27,67.07,134.47,Crítico
60.65,72.78,72.47,5.93,72.72,49.03,Alerta
104.15,63.62,58.57,1.42,82.37,64.02,Alerta
53.29,76.72,93.72,3.4,61.12,93.52,Alerta
53.59,71.61,74.07,3.96,64.74,87.17,Alerta
59.44,70.58,94.27,4.54,69.84,99.53,Alerta
50.95,79.33,84.02,5.67,67.47,95.72,Normal
60.95,72.69,71.08,4.88,73.97,99.89,Alerta
106.33,47.74,84.38,2.27,76.95,61.38,Normal
90.86,42.88,65.43,2.72,97.87,55.79,Alerta
61.11,69.83,71.73,3.83,63.04,83.51,Alerta
74.22,44.38,60.69,2.43,86.17,70.99,Normal
106.37,44.91,91.2,2.0,79.59,52.02,Normal
54.26,72.36,88.2,4.32,71.75,98.57,Alerta
87.38,61.67,65.59,2.35,94.07,53.85,Normal
105.83,60.32,45.48,1.95,94.31,61.35,Normal
63.78,67.21,93.46,4.98,68.52,96.85,Alerta
54.4,77.16,94.72,1.72,63.87,91.68,Alerta
81.57,51.73,61.98,1.67,75.52,62.09,Normal
47.12,106.12,97.08,7.17,39.74,39.52,Crítico
84.19,45.36,46.81,1.29,94.8,66.05,Normal
72.63,54.67,60.15,1.89,92.22,74.05,Normal
35.5,92.77,105.39,6.48,58.94,28.77,Crítico
51.76,71.51,72.12,3.72,66.08,83.84,Alerta
26.61,70.56,116.63,8.45,26.14,38.74,Alerta
61.99,69.07,80.45,4.99,71.34,88.53,Alerta
21.07,92.63,68.82,11.18,23.07,21.61,Crítico
94.85,46.01,53.93,1.68,91.37,59.74,Normal
27.53,100.11,106.77,11.74,25.98,30.69,Crítico
109.86,58.39,51.08,5.44,83.55,58.73,Normal
61.62,70.49,90.87,3.25,62.69,66.59,Alerta
99.32,51.39,51.1,1.03,82.42,53.22,Normal
103.63,60.35,61.95,1.57,75.55,56.92,Normal
22.14,99.63,103.67,6.72,31.44,104.39,Crítico
85.07,59.21,64.37,2.04,86.0,52.85,Normal
64.95,72.17,84.43,4.31,66.41,98.85,Alerta
94.99,61.49,63.92,1.94,99.97,50.05,Normal
53.06,69.95,85.36,3.27,65.18,88.38,Crítico
92.76,56.93,65.97,2.46,96.78,75.4,Normal
100.81,41.23,48.52,1.75,94.22,68.8,Normal
54.71,76.82,85.16,3.06,71.05,86.14,Alerta
76.97,60.42,46.62,2.29,78.28,75.3,Normal
67.52,69.81,76.52,5.26,72.22,93.29,Alerta
90.93,43.18,66.23,1.54,81.73,69.98,Normal
43.78,93.05,115.67,5.29,47.78,39.72,Crítico
60.43,43.38,49.19,1.27,95.5,51.39,Normal
97.82,53.43,65.58,2.19,78.77,72.81,Normal
83.24,60.94,61.39,1.69,81.03,68.29,Normal
93.65,43.01,67.24,2.28,66.88,68.39,Normal
22.84,104.32,101.48,9.43,57.5,34.63,Alerta
51.87,48.58,84.59,3.9,67.85,84.01,Alerta
81.86,40.23,79.8,2.41,78.44,57.1,Normal
31.59,108.43,98.12,6.78,47.85,56.86,Crítico
61.24,78.39,93.1,5.79,64.35,97.28,Alerta
73.76,62.28,65.72,1.81,80.67,51.17,Normal
81.73,62.23,61.56,1.28,82.58,73.72,Normal
50.14,68.01,75.65,2.2,61.25,85.36,Crítico
97.62,51.48,66.72,1.99,91.14,70.12,Normal
96.52,46.12,57.5,1.38,90.06,69.46,Normal
70.84,59.89,49.04,1.67,75.79,41.49,Normal
104.4,63.21,47.25,2.32,79.68,43.78,Normal
64.29,51.87,84.61,3.7,60.42,82.64,Alerta
48.67,108.45,109.63,10.95,46.89,133.87,Crítico
75.27,42.92,54.59,2.31,83.77,74.3,Normal
55.55,67.38,79.06,5.69,64.62,84.47,Crítico
37.42,104.48,117.68,4.04,45.76,10.4,Crítico
64.09,72.38,93.66,4.75,73.84,99.03,Alerta
101.27,50.96,64.1,1.62,80.28,70.28,Normal
62.41,70.68,89.32,4.17,70.57,85.78,Alerta
93.39,47.21,68.31,2.77,96.65,79.62,Normal
85.88,62.84,51.85,1.11,83.68,77.52,Alerta
56.88,74.34,78.25,3.99,67.47,86.46,Alerta
52.6,69.44,82.04,4.81,73.09,91.58,Alerta
77.47,60.15,46.74,2.76,85.81,45.88,Normal
58.42,74.93,80.16,4.63,61.71,90.81,Alerta
89.69,61.47,50.6,2.78,81.92,67.24,Normal
76.73,54.07,65.9,2.23,79.4,44.83,Normal
44.34,98.13,116.67,3.04,59.64,21.37,Crítico
82.6,46.77,49.26,1.12,99.31,52.95,Normal
72.74,41.12,48.66,3.27,83.24,66.46,Normal
39.86,87.43,99.32,9.7,43.4,51.96,Crítico
24.9,99.38,115.28,11.83,36.37,24.01,Crítico
60.69,74.16,92.89,5.16,68.67,83.38,Alerta
62.67,45.41,71.52,5.39,66.11,91.94,Alerta
59.52,69.45,79.83,3.26,74.58,94.09,Alerta
90.22,52.13,48.57,1.14,60.8,71.34,Normal
75.76,50.14,65.07,1.65,80.23,62.96,Normal
84.29,50.97,49.77,1.12,89.84,65.7,Normal
87.64,63.9,53.65,1.75,90.9,60.63,Normal
87.88,53.54,82.76,1.73,91.46,55.54,Normal
62.08,66.84,83.53,4.97,72.76,92.42,Alerta
95.18,56.7,51.93,3.76,89.5,48.99,Normal
79.74,64.52,62.73,2.3,78.08,76.45,Normal
91.54,62.11,94.15,1.59,92.85,74.98,Normal
108.84,53.88,64.4,1.69,84.56,65.69,Normal
82.98,51.18,49.11,2.7,80.92,60.31,Normal
68.8,79.04,91.71,5.69,60.4,90.31,Alerta
53.98,74.46,77.84,4.82,64.85,98.77,Alerta
76.68,64.59,58.45,5.86,98.41,55.06,Normal
65.6,63.08,92.04,3.35,63.92,98.71,Alerta
61.83,77.24,87.74,3.65,72.14,90.59,Alerta
27.15,93.56,88.03,8.36,40.41,138.34,Crítico
38.39,83.66,104.89,6.3,57.78,34.33,Crítico
108.45,40.58,51.3,5.08,76.33,42.36,Normal
28.73,103.57,119.78,8.78,33.62,37.97,Crítico
56.28,47.56,81.58,5.65,73.42,86.45,Alerta
56.81,70.34,80.63,3.03,62.25,95.62,Alerta
104.47,48.06,64.64,2.61,95.16,63.18,Normal
62.71,79.34,93.82,5.12,63.54,99.45,Alerta
76.2,52.84,61.96,2.22,76.56,46.69,Normal
65.44,78.66,92.25,3.63,64.63,93.01,Normal
65.39,75.92,92.11,4.63,66.3,92.73,Alerta
31.41,99.01,111.67,10.82,37.52,76.45,Crítico
60.93,71.46,75.24,4.47,73.84,96.71,Alerta
54.07,73.9,91.54,4.05,61.44,76.22,Alerta
102.42,59.19,58.61,1.67,97.78,63.59,Normal
54.21,73.68,68.87,4.01,73.86,82.82,Alerta
55.36,73.77,71.97,3.68,62.7,97.84,Crítico
64.69,71.24,82.26,3.24,63.97,90.87,Alerta
73.04,50.62,52.63,1.72,84.03,44.2,Normal
103.18,47.64,78.48,2.08,86.1,51.37,Normal
97.68,49.5,49.88,1.14,62.12,46.69,Alerta
70.31,42.19,60.51,2.46,97.95,56.46,Normal
77.68,52.03,66.55,2.43,81.09,42.71,Alerta
104.43,46.24,66.17,1.84,76.77,56.37,Normal
103.53,61.83,56.78,2.63,84.34,58.3,Normal
65.48,78.78,91.42,3.89,64.82,82.39,Alerta
81.08,46.62,50.66,2.48,91.75,60.32,Normal
91.66,46.99,49.54,1.79,82.55,65.79,Normal
82.0,60.1,57.25,2.42,92.17,65.7,Normal
64.45,66.8,71.51,3.38,60.57,88.33,Alerta
65.03,77.52,87.55,4.92,66.33,82.63,Alerta
63.79,69.64,92.81,4.39,60.83,85.33,Normal
26.37,95.95,53.3,11.2,59.79,25.96,Crítico
48.12,101.52,106.24,6.17,38.69,104.75,Crítico
86.17,64.22,55.83,1.68,99.12,75.93,Normal
81.56,58.78,65.73,1.71,77.57,67.15,Normal
53.44,70.12,84.02,4.98,68.33,96.52,Alerta
90.84,44.26,46.6,2.4,99.68,41.31,Normal
103.4,60.6,63.83,1.23,94.71,67.91,Normal
77.39,52.98,69.63,1.89,97.76,65.49,Normal
64.82,79.9,71.92,4.5,60.72,97.7,Alerta
36.72,91.58,111.99,9.17,35.28,130.67,Crítico
109.77,62.92,52.11,1.63,79.91,52.52,Alerta
84.41,48.01,47.04,1.76,96.87,47.49,Normal
85.06,60.2,60.51,1.1,82.81,78.33,Normal
100.58,50.91,59.04,1.36,79.19,73.65,Normal
107.32,46.97,47.13,1.47,96.19,41.11,Normal
109.47,50.9,69.02,1.94,79.01,72.6,Normal
108.87,63.31,58.84,2.47,83.04,75.1,Normal
101.77,55.39,52.4,3.95,92.98,60.32,Normal
65.83,54.72,58.18,2.74,96.89,73.72,Normal
105.05,47.24,57.7,2.36,93.21,62.95,Normal
50.85,74.82,91.17,5.39,72.81,86.96,Alerta
107.19,55.02,62.61,2.63,87.48,53.88,Normal
109.88,54.67,46.04,1.31,86.99,44.02,Normal
95.81,49.39,87.22,1.85,93.33,53.95,Normal
52.38,76.17,90.11,4.48,64.95,90.85,Alerta
91.3,63.04,63.22,1.31,99.19,46.71,Normal
84.77,53.63,65.74,1.11,81.8,76.56,Normal
30.61,88.98,106.44,3.0,59.14,17.0,Crítico
67.12,70.17,69.33,2.91,73.02,88.49,Alerta
70.55,52.88,58.12,2.1,85.05,48.58,Alerta
57.82,67.74,94.0,3.12,69.04,87.96,Alerta
99.88,50.56,62.27,1.62,93.65,60.54,Normal
53.95,68.85,90.8,3.71,69.56,94.17,Alerta
68.33,75.84,94.65,4.74,61.55,84.68,Crítico
96.95,40.76,64.97,1.74,98.57,62.5,Normal
85.29,44.97,65.15,1.91,85.25,89.2,Normal
21.37,106.6,52.1,8.05,47.3,22.37,Crítico
54.31,95.94,118.52,7.02,50.62,36.31,Crítico
63.09,79.66,75.48,4.38,64.32,96.43,Alerta
73.34,42.44,64.6,2.5,77.35,55.95,Normal
42.24,106.95,102.45,11.4,20.34,29.78,Crítico
92.34,45.97,68.81,1.43,99.22,72.17,Normal
108.72,58.58,52.95,2.55,83.11,40.58,Normal
31.3,88.11,107.42,11.37,54.46,82.1,Crítico
81.34,48.12,64.83,1.77,93.19,65.15,Normal
71.4,52.45,62.19,1.95,99.3,71.94,Normal
87.91,57.83,60.33,2.07,96.05,62.08,Normal
95.84,64.07,56.15,1.44,81.22,43.73,Normal
67.72,66.17,89.69,3.41,69.47,84.58,Alerta
52.82,70.88,89.43,5.5,61.65,95.36,Alerta
55.03,51.05,67.23,2.4,76.55,56.24,Normal
87.84,43.73,59.1,2.63,85.72,70.3,Normal
102.27,61.59,46.0,2.62,76.16,74.14,Normal
109.91,46.04,67.07,2.51,94.93,41.68,Normal
78.24,52.93,60.25,1.15,82.96,65.75,Normal
101.78,60.49,47.57,1.14,95.44,40.01,Normal
84.85,42.37,63.89,2.12,91.52,67.56,Normal
31.57,82.49,111.7,11.45,53.92,109.37,Crítico
80.89,51.49,66.23,2.74,93.85,56.75,Normal
83.11,63.67,46.28,1.55,98.08,40.78,Normal
101.33,55.38,51.16,2.23,84.89,61.88,Normal
101.45,50.38,65.38,1.12,76.51,70.12,Normal
79.74,64.39,60.18,3.49,78.02,67.58,Normal
66.38,76.16,93.89,4.86,67.9,99.43,Alerta
49.63,93.52,96.78,6.91,57.74,29.65,Crítico
83.82,44.51,46.63,1.66,72.03,47.44,Normal
97.58,47.99,63.27,2.52,79.74,68.15,Normal
95.76,45.38,65.45,1.92,82.4,48.84,Alerta
86.78,62.3,46.88,1.5,92.39,83.01,Alerta
91.27,41.9,65.41,1.82,86.72,72.07,Normal
103.37,57.53,59.5,2.61,93.41,45.95,Normal
28.25,93.16,118.35,11.89,42.58,111.59,Crítico
84.72,60.05,56.95,1.11,81.08,55.72,Alerta
95.84,44.8,50.62,1.29,92.73,61.08,Normal
42.51,98.86,114.3,11.31,32.94,103.17,Crítico
77.83,59.3,60.04,1.01,75.06,65.79,Normal
103.48,53.51,60.24,2.0,98.21,55.97,Normal
67.04,74.78,90.63,4.31,65.12,97.86,Alerta
64.08,72.16,71.08,5.67,68.48,96.45,Alerta
61.59,66.56,85.83,4.93,71.63,97.74,Alerta
57.77,78.48,79.22,4.33,62.7,83.37,Alerta
66.39,76.17,79.05,5.52,65.69,83.14,Alerta
90.58,62.72,47.68,2.16,99.94,77.9,Normal
93.08,60.51,88.5,1.43,88.94,54.33,Normal
64.21,69.62,81.06,5.3,65.76,96.02,Alerta
54.81,66.19,87.5,3.66,70.31,97.91,Alerta
95.81,51.15,49.61,2.71,84.61,64.92,Normal
71.41,56.08,55.44,1.64,86.14,57.24,Normal
84.01,61.86,69.73,2.53,90.95,49.19,Normal
67.58,92.38,112.48,8.01,59.35,22.82,Crítico
79.66,52.74,49.6,1.62,82.98,91.56,Alerta
77.26,51.5,59.85,2.1,86.61,49.18,Normal
78.28,42.65,69.71,1.44,87.45,42.34,Normal
31.19,85.39,102.2,10.73,22.72,123.17,Crítico
95.26,51.75,54.3,1.67,82.26,55.68,Normal
56.84,70.31,92.71,4.85,61.44,97.63,Alerta
55.37,73.71,76.7,5.84,67.66,98.25,Alerta
52.63,68.72,77.32,5.96,62.25,49.33,Alerta
53.48,71.44,75.95,4.41,73.9,86.22,Crítico
23.15,96.23,105.74,11.36,20.74,131.87,Crítico
102.68,45.88,56.9,2.48,81.81,57.87,Normal
40.78,89.48,108.23,11.22,29.45,132.23,Crítico
35.78,66.56,114.72,11.75,28.89,127.88,Alerta
94.01,53.85,56.78,1.22,90.51,60.15,Normal
90.63,51.05,69.97,1.26,83.54,46.14,Normal
107.99,46.45,76.02,1.86,80.15,41.84,Normal
82.83,45.23,55.46,1.09,86.36,69.15,Normal
58.4,67.41,79.08,5.23,60.03,81.74,Alerta
37.05,95.07,95.57,6.2,57.9,38.65,Crítico
97.69,52.96,61.04,1.85,98.68,40.59,Normal
23.11,52.69,109.19,7.32,55.6,128.26,Crítico
87.94,47.3,67.87,3.09,92.48,62.29,Normal
96.36,44.65,62.81,1.93,99.62,55.69,Alerta
48.1,87.38,116.96,9.92,25.48,110.58,Crítico
28.21,65.96,99.88,7.09,52.22,135.58,Crítico
57.48,75.48,83.69,5.04,63.85,96.14,Alerta
109.02,51.26,68.48,2.03,88.42,58.69,Normal
99.62,59.73,61.54,1.25,83.33,77.45,Normal
109.8,43.17,63.35,2.4,76.65,61.77,Normal
86.77,42.81,46.67,2.64,91.23,64.01,Normal
64.46,67.51,78.22,3.27,73.35,87.53,Alerta
70.48,47.61,63.42,1.35,93.78,53.96,Normal
61.84,70.12,86.59,3.98,66.91,89.48,Alerta
60.56,78.66,83.95,5.02,66.91,97.91,Alerta
99.68,57.01,54.69,1.67,99.39,62.77,Normal
21.56,89.76,99.25,6.68,43.99,94.4,Crítico
59.64,70.58,77.13,3.35,62.66,82.56,Alerta
83.04,62.72,52.01,2.72,80.83,73.76,Normal
58.02,72.07,81.07,3.55,64.34,49.11,Alerta
96.39,67.48,86.42,5.9,65.78,85.78,Alerta
82.34,55.72,45.91,2.4,87.97,73.32,Normal
48.99,87.17,97.42,11.92,49.83,123.12,Crítico
102.33,56.55,52.24,1.71,93.58,70.81,Normal
88.39,48.11,54.4,1.33,83.98,73.1,Normal
61.71,77.32,90.43,5.55,72.37,94.75,Alerta
75.49,42.28,58.46,2.53,82.55,62.02,Normal
107.42,45.5,50.54,2.77,81.44,51.63,Normal
28.19,94.56,60.32,7.27,39.13,112.87,Crítico
93.77,60.86,58.35,1.01,82.26,70.87,Normal
47.68,99.87,98.6,9.3,55.47,39.71,Crítico
73.26,40.84,66.69,1.51,79.29,68.11,Normal
62.61,69.08,89.27,5.39,69.64,98.26,Alerta
94.6,64.38,55.91,1.37,83.84,76.61,Normal
75.24,49.98,63.69,1.19,77.54,75.96,Normal
56.73,79.5,92.0,5.89,65.39,92.94,Alerta
30.41,108.7,113.12,10.05,35.2,31.59,Crítico
41.25,58.27,105.57,6.97,41.68,136.86,Crítico
53.69,74.43,78.02,4.82,69.49,87.79,Normal
80.83,62.35,52.74,1.12,95.83,68.97,Normal
59.63,68.69,88.26,4.16,69.16,95.05,Alerta
28.05,105.23,98.96,11.5,24.66,26.51,Crítico
37.75,104.18,97.72,7.74,56.06,10.75,Crítico
96.47,56.38,68.48,1.5,83.7,72.3,Normal
78.73,52.56,66.13,1.79,74.16,72.28,Alerta
88.32,50.05,45.23,2.73,87.9,45.73,Normal
88.19,56.84,64.61,1.28,76.41,55.08,Normal
78.27,43.2,69.87,1.28,90.84,72.75,Normal
70.37,49.43,50.13,1.72,82.1,40.44,Normal
38.78,81.62,99.06,3.15,33.35,131.78,Crítico
73.05,42.56,49.06,1.86,79.4,60.04,Normal
41.16,91.32,110.88,8.98,41.25,108.74,Crítico
95.44,56.56,54.3,1.67,83.23,61.12,Normal
101.91,42.65,48.34,1.73,77.76,75.89,Normal
109.03,53.39,45.59,1.14,92.93,46.36,Normal
95.83,41.79,69.34,1.68,88.24,42.96,Normal
62.1,75.27,74.49,4.85,73.05,86.42,Alerta
87.47,43.93,64.37,2.6,85.86,68.59,Normal
86.63,57.75,50.87,2.07,91.54,74.61,Alerta
109.25,45.84,61.85,1.57,94.81,98.05,Normal
102.67,44.73,49.25,2.23,80.4,70.15,Normal
63.3,66.03,73.12,3.65,64.63,91.13,Alerta
22.02,108.94,105.31,8.03,38.64,119.93,Crítico
94.53,59.26,70.19,1.29,83.98,41.22,Normal
102.47,58.73,64.02,1.3,76.84,55.97,Alerta
109.68,45.24,69.62,2.65,76.55,72.24,Normal
89.86,51.77,49.38,1.51,84.8,61.57,Alerta
54.14,73.24,77.19,3.88,71.72,86.77,Alerta
41.59,89.22,101.02,6.22,46.0,34.82,Crítico
58.34,72.13,73.24,3.6,60.01,94.38,Alerta
105.1,40.23,66.55,2.52,84.03,50.55,Normal
60.46,70.76,83.27,4.03,64.54,83.12,Alerta
64.86,58.29,49.63,1.29,88.3,65.41,Normal
71.56,54.88,60.67,2.33,87.19,53.57,Normal
107.45,57.8,49.49,2.29,87.68,44.17,Normal
109.76,108.2,108.16,11.92,48.65,138.65,Crítico
79.13,65.82,65.71,1.26,77.14,41.56,Normal
52.84,72.52,84.21,5.35,67.67,96.11,Alerta
47.63,94.91,106.67,10.03,88.46,133.76,Crítico
42.44,104.9,104.82,7.61,40.99,94.72,Crítico
27.1,64.57,112.88,6.9,21.48,11.71,Crítico
56.76,73.93,91.28,5.82,62.4,86.35,Alerta
102.94,58.01,92.56,1.5,86.52,46.63,Normal
60.97,101.25,100.55,9.04,52.32,25.68,Crítico
66.55,53.44,51.63,1.7,93.31,53.23,Normal
86.06,47.26,49.68,2.66,86.47,50.31,Normal
82.68,42.08,55.07,2.36,83.33,67.52,Normal
59.04,67.37,81.99,3.82,64.93,87.16,Alerta
31.07,87.25,97.68,6.62,29.17,107.94,Crítico
58.92,66.67,92.22,5.47,71.97,86.47,Alerta
98.08,63.5,54.01,1.64,96.08,86.98,Normal
94.23,40.27,53.47,2.21,97.57,58.11,Alerta
81.03,48.57,65.75,2.06,92.01,44.45,Alerta
100.16,58.01,48.59,2.8,95.86,56.32,Normal
68.38,76.6,66.44,4.06,73.08,86.42,Alerta
104.64,46.25,60.63,2.52,93.14,60.99,Normal
21.78,89.5,116.28,11.97,52.06,28.46,Crítico
52.3,73.17,94.63,5.12,70.1,96.42,Alerta
59.46,69.87,86.07,5.46,71.86,89.79,Alerta
53.81,75.61,94.09,5.78,99.3,97.93,Alerta
62.98,79.36,72.89,3.44,64.5,85.16,Crítico
23.02,93.77,99.49,7.79,21.2,127.7,Crítico
41.27,92.08,111.52,9.38,50.26,19.04,Crítico
64.54,58.89,88.06,3.16,62.31,81.17,Alerta
66.12,70.77,90.28,3.0,64.46,91.6,Normal
102.37,44.82,54.6,3.97,85.12,52.43,Alerta
52.09,68.61,80.1,3.86,68.09,82.74,Alerta
90.0,50.05,49.6,1.87,76.66,55.4,Normal
46.41,105.39,107.96,7.29,48.29,119.18,Crítico
32.01,96.64,98.67,7.64,53.79,112.65,Crítico
76.52,55.93,68.16,2.15,96.09,71.5,Normal
65.61,69.92,71.67,5.26,61.59,81.43,Alerta
43.12,89.89,103.5,7.42,41.36,19.1,Crítico
91.65,57.17,66.62,2.77,89.01,67.56,Normal
98.75,47.38,65.99,1.18,75.12,45.63,Normal
104.49,50.34,49.24,1.56,76.08,73.68,Normal
106.17,53.86,49.88,2.59,95.51,43.13,Normal
98.88,60.13,48.16,1.01,91.15,54.8,Alerta
63.75,75.25,89.74,4.32,72.13,92.66,Alerta
63.04,70.55,78.02,3.63,62.21,83.89,Alerta
56.65,74.03,74.91,4.71,73.1,99.12,Alerta
72.54,46.0,57.43,1.21,94.9,79.58,Normal
86.35,60.75,52.02,1.96,89.9,46.75,Normal
47.48,82.07,103.86,10.73,47.5,80.06,Crítico
60.85,77.31,74.9,3.38,70.75,86.08,Crítico
97.16,52.62,58.33,1.12,85.61,68.55,Normal
93.97,52.92,63.71,1.3,80.45,52.8,Normal
61.1,53.27,60.37,2.5,77.51,50.31,Normal
79.01,53.44,58.93,2.76,72.41,52.01,Normal
40.48,105.85,105.61,9.07,22.39,73.95,Crítico
55.08,67.4,75.99,5.48,62.18,85.53,Alerta
80.81,53.41,66.92,2.77,82.11,44.38,Normal
79.26,48.48,69.08,1.47,87.68,63.38,Normal
72.05,54.34,49.87,1.49,97.5,79.09,Normal
24.37,106.74,102.25,8.38,25.3,129.72,Crítico
67.03,67.93,76.59,4.96,63.42,57.35,Alerta
59.73,75.8,77.2,4.7,93.61,86.13,Alerta
38.27,82.07,119.99,11.09,37.14,121.4,Crítico
77.6,59.81,56.43,2.62,76.02,55.56,Normal
40.73,72.83,99.33,8.59,52.32,120.66,Crítico
44.03,88.23,97.49,3.01,36.15,106.76,Crítico
61.85,72.67,87.1,5.65,63.22,95.54,Alerta
52.7,74.71,81.43,3.68,67.45,90.32,Alerta
59.55,71.34,74.83,5.48,73.3,83.43,Alerta
72.87,57.27,58.2,2.36,76.17,61.06,Alerta
51.46,75.69,91.53,5.44,72.12,96.46,Alerta
73.3,43.84,55.81,4.47,92.06,54.29,Normal
35.55,95.95,103.2,7.12,29.54,35.35,Crítico
50.85,77.8,90.12,3.25,61.72,81.89,Alerta
60.29,67.34,89.05,5.82,68.51,83.73,Alerta
86.85,45.96,45.84,5.09,89.96,74.3,Normal
93.07,62.98,62.73,1.26,91.62,62.3,Normal
69.63,43.93,58.86,2.02,93.96,40.12,Normal
67.74,73.15,78.97,5.91,61.63,98.49,Alerta
67.43,69.62,74.36,4.73,65.76,97.0,Alerta
81.34,75.44,81.04,5.11,66.63,90.84,Alerta
64.99,76.51,73.5,5.27,65.01,93.06,Alerta
49.78,99.14,105.15,7.61,21.66,15.33,Crítico
61.49,70.62,89.8,3.11,60.99,83.1,Alerta
94.84,50.27,60.7,2.14,78.15,66.6,Normal
96.96,57.34,49.02,2.04,85.73,74.68,Alerta
76.96,44.46,47.6,1.59,78.38,45.33,Normal
62.09,53.17,79.09,4.11,66.67,96.8,Alerta
90.3,57.09,68.88,1.95,88.12,78.59,Normal
41.48,94.82,81.47,8.19,31.92,136.5,Crítico
84.28,58.55,67.23,2.39,91.69,40.87,Normal
54.54,79.41,76.54,4.07,72.52,75.44,Alerta
41.51,72.37,112.66,10.7,57.78,19.95,Crítico
77.38,66.42,64.49,1.56,89.49,69.79,Normal
108.32,55.62,58.64,1.56,88.43,67.82,Normal
74.82,64.5,59.79,2.11,95.43,42.17,Normal
54.93,68.36,90.12,5.67,65.56,86.05,Alerta
45.87,109.82,103.7,7.27,50.5,26.68,Crítico
62.17,78.73,90.67,3.45,83.38,98.56,Alerta
50.33,72.27,79.4,5.11,65.94,93.41,Alerta
71.47,53.66,50.21,2.59,98.73,71.61,Normal
108.66,50.93,64.54,1.28,85.5,52.76,Alerta
61.78,73.01,77.7,5.55,63.33,91.48,Alerta
50.93,78.98,85.7,4.39,64.07,81.77,Alerta
78.36,61.96,59.97,2.22,75.85,54.44,Normal
29.68,100.88,115.24,4.04,23.46,10.29,Crítico
84.79,41.83,52.13,2.02,87.92,57.61,Normal
41.93,45.93,108.35,7.87,34.1,125.1,Crítico
72.22,41.35,61.35,2.79,80.6,75.74,Normal
81.17,64.79,75.6,1.77,83.52,78.0,Normal
25.3,86.3,80.67,7.47,44.5,135.29,Crítico
23.91,93.76,110.45,8.69,93.46,127.29,Crítico
102.18,61.44,67.19,2.25,88.89,82.09,Normal
63.27,78.55,86.73,5.15,68.14,86.95,Crítico
77.88,63.11,69.6,2.14,98.86,62.41,Normal
96.55,47.28,68.77,1.52,93.69,60.4,Normal
66.78,74.48,85.33,4.39,70.95,91.69,Alerta
73.24,55.84,52.74,2.11,77.03,67.21,Alerta
94.1,63.27,55.69,2.29,94.59,89.6,Normal
86.39,51.9,53.72,1.42,79.57,70.73,Normal
101.23,52.74,58.95,2.18,78.29,76.45,Normal
62.07,105.32,110.62,9.26,29.83,125.85,Crítico
68.61,76.91,81.82,4.21,61.74,96.6,Crítico
58.08,74.06,86.01,3.73,66.56,53.77,Alerta
50.69,77.98,76.66,3.21,62.42,92.84,Crítico
108.24,43.24,61.37,1.14,97.06,53.15,Normal
43.93,106.17,97.33,6.32,43.57,16.49,Alerta
99.17,62.52,55.01,1.39,88.59,69.03,Normal
98.61,40.99,53.31,1.49,81.48,74.06,Normal
56.24,64.25,84.51,3.99,64.64,87.54,Alerta
81.26,57.87,62.06,4.56,93.5,53.29,Normal
52.23,64.94,72.04,4.08,67.49,97.6,Alerta
104.91,63.44,47.54,2.11,93.16,60.63,Normal
102.12,43.15,57.33,2.08,95.44,77.86,Normal
68.08,79.17,82.24,3.04,69.27,81.84,Alerta
104.39,45.54,64.17,1.96,85.94,72.72,Normal
40.87,48.44,109.98,8.29,56.34,114.24,Crítico
77.0,44.03,45.84,1.4,95.27,71.88,Normal
65.23,73.55,93.1,4.98,62.25,85.1,Alerta
50.96,78.44,77.75,4.75,68.76,92.84,Alerta
105.1,47.01,58.05,1.17,76.9,55.89,Normal
83.01,52.62,60.31,1.18,88.12,70.23,Normal
88.3,66.66,85.26,4.92,70.65,91.44,Alerta
106.32,43.08,46.45,2.7,95.12,70.48,Normal
71.98,43.4,45.65,2.78,94.55,48.72,Normal
76.43,44.44,52.12,2.8,80.79,78.75,Normal
36.12,64.54,100.1,10.35,48.82,133.83,Alerta
82.09,70.99,82.56,5.48,69.52,86.66,Alerta
54.65,79.51,72.81,5.9,62.66,84.58,Alerta
93.0,52.76,63.35,5.17,85.24,43.38,Normal
96.55,58.69,46.77,2.32,81.79,74.51,Normal
57.05,74.27,81.85,6.0,61.2,90.69,Alerta
81.15,55.32,59.79,2.0,76.82,78.16,Normal
21.38,46.96,105.03,7.37,53.47,28.84,Crítico
30.54,42.79,112.42,7.73,47.66,112.06,Crítico
85.1,40.4,49.74,1.1,89.65,44.75,Normal
76.02,56.1,62.65,2.1,87.42,72.06,Alerta
53.76,67.09,81.12,5.72,83.36,94.86,Alerta
55.18,67.44,91.36,5.82,63.32,84.1,Alerta
105.04,61.22,47.67,2.22,81.01,44.17,Alerta
70.62,57.93,51.67,1.28,90.14,43.8,Normal
52.71,73.4,78.23,3.34,70.53,90.98,Alerta
90.51,52.02,52.73,1.72,84.61,77.53,Normal
30.6,103.43,98.44,4.67,42.56,139.63,Crítico
94.78,47.73,64.92,1.71,97.31,70.06,Normal
63.9,78.12,92.99,1.74,68.88,87.01,Alerta
55.66,73.34,81.2,3.13,66.69,87.54,Crítico
68.54,68.42,81.55,3.18,63.11,86.72,Alerta
59.4,69.19,52.55,4.26,61.85,91.52,Crítico
50.57,78.37,47.4,3.52,63.42,94.97,Normal
61.71,68.65,93.39,3.05,60.67,93.23,Alerta
79.88,44.67,47.0,2.22,75.16,41.05,Normal
77.14,52.15,62.36,2.02,76.01,66.56,Normal
107.84,54.71,54.22,1.62,87.77,78.24,Normal
23.69,97.42,116.85,11.06,73.14,110.31,Crítico
60.88,68.21,87.64,2.9,71.98,83.34,Alerta
71.06,44.23,64.65,2.08,86.51,44.02,Normal
40.41,106.06,114.88,7.7,37.16,102.11,Crítico
65.51,78.1,89.77,5.78,73.34,96.05,Alerta
28.8,99.48,105.2,6.33,33.95,33.81,Crítico
59.07,72.66,85.15,5.99,65.51,97.04,Alerta
91.56,66.48,83.3,3.19,63.02,99.44,Alerta
74.2,56.32,52.5,1.31,74.18,55.99,Normal
73.97,51.51,61.87,2.1,98.79,58.52,Alerta
34.24,108.95,104.5,10.31,37.27,39.6,Crítico
68.13,79.43,87.76,4.74,73.23,81.39,Alerta
25.41,87.53,115.66,6.14,98.94,137.91,Crítico
86.74,62.05,58.9,1.67,97.85,66.09,Normal
68.65,67.24,92.31,4.47,70.63,93.08,Alerta
77.46,56.67,60.21,1.75,90.16,48.62,Normal
102.24,53.98,57.73,2.79,92.71,77.11,Normal
102.9,50.77,52.82,2.48,86.45,73.27,Normal
83.13,41.81,54.93,2.62,94.17,63.1,Alerta
79.81,59.92,65.69,2.33,87.46,58.44,Normal
20.01,87.21,117.95,5.18,20.11,27.35,Crítico
84.9,44.47,58.53,1.91,99.7,56.4,Normal
81.1,54.21,50.89,1.99,76.71,75.21,Normal
99.5,47.9,62.72,1.23,86.92,44.11,Normal
66.56,68.1,94.79,4.09,68.01,93.95,Alerta
73.66,56.47,68.21,2.69,85.57,44.99,Alerta
52.87,78.67,81.15,5.02,92.82,85.32,Alerta
36.4,96.01,109.28,9.23,25.01,21.72,Crítico
67.6,78.89,79.48,2.75,63.88,92.77,Alerta
37.21,90.53,78.39,8.57,35.07,120.28,Crítico
64.25,89.47,95.95,8.36,49.54,39.37,Crítico
58.76,67.04,87.8,5.97,65.4,81.17,Alerta
31.86,105.29,107.78,7.17,37.01,125.37,Crítico
109.61,66.45,93.73,5.67,63.29,92.29,Alerta
76.18,51.23,60.32,5.94,91.75,57.1,Normal
103.1,53.57,65.17,1.43,85.54,78.88,Normal
59.84,73.2,90.19,5.35,66.28,98.53,Alerta
56.58,65.12,86.48,4.97,61.59,83.84,Alerta
58.82,77.8,83.24,5.48,66.12,95.71,Alerta
101.73,40.33,51.26,1.03,78.28,76.76,Alerta
61.76,67.43,73.16,3.86,69.43,83.68,Alerta
72.11,43.07,48.08,5.97,80.54,78.77,Alerta
42.33,85.09,105.37,11.98,48.94,110.95,Crítico
33.7,101.93,111.46,5.99,20.26,112.31,Crítico
40.6,107.29,115.7,7.96,50.02,33.07,Crítico
71.03,56.55,56.61,2.23,88.05,43.12,Normal
68.51,44.59,74.3,4.42,62.26,97.9,Alerta
26.3,105.86,106.03,11.69,59.2,15.54,Crítico
54.9,78.84,78.66,5.66,64.97,82.2,Alerta
76.63,63.25,61.26,1.37,86.71,55.87,Normal
97.53,58.42,48.19,2.17,81.16,61.68,Alerta
55.07,76.45,75.28,5.08,63.7,98.97,Alerta
70.33,55.13,60.91,5.64,78.51,55.15,Normal
77.48,49.82,68.91,2.12,78.52,78.69,Normal
22.83,87.12,118.83,7.39,59.1,22.87,Crítico
55.33,78.61,87.9,5.04,99.4,98.92,Alerta
75.14,49.6,71.47,2.18,90.23,69.48,Normal
74.04,50.69,59.3,2.37,94.21,50.47,Normal
79.49,55.21,64.6,1.97,84.16,44.31,Normal
104.06,77.79,88.01,5.41,67.43,84.55,Crítico
43.74,109.81,59.87,9.95,56.82,32.86,Crítico
88.23,43.91,51.16,1.9,82.1,58.09,Normal
38.49,88.04,83.36,7.25,28.88,122.56,Alerta
106.85,63.3,47.34,2.35,98.21,51.78,Normal
52.21,74.62,94.89,4.59,65.79,82.31,Alerta
56.76,49.83,90.68,5.78,60.28,95.73,Alerta
109.63,54.69,85.99,2.35,87.42,50.28,Normal
39.88,82.11,115.08,7.26,59.0,136.19,Crítico
67.63,67.81,78.25,3.99,62.58,99.04,Alerta
50.96,74.53,76.66,4.43,72.7,85.02,Alerta
101.41,53.19,48.8,2.59,84.64,56.75,Normal
109.01,57.82,63.69,2.62,87.47,78.03,Normal
88.16,68.25,69.48,1.85,88.16,53.45,Normal
80.13,48.56,56.19,1.28,87.78,51.45,Alerta
62.57,52.75,72.71,5.39,64.4,99.36,Alerta
32.44,90.03,119.57,6.44,65.42,24.38,Crítico
102.77,54.64,65.31,1.28,80.69,40.93,Alerta
22.44,88.23,100.98,6.5,34.26,131.09,Alerta
33.9,98.33,104.35,6.83,89.94,22.54,Alerta
77.27,43.35,52.73,1.62,96.3,64.67,Normal
109.96,54.58,54.14,2.77,88.29,51.78,Alerta
77.23,63.73,56.3,1.99,99.14,72.53,Normal
93.87,54.39,59.23,1.29,81.47,71.83,Normal
86.66,58.83,50.84,2.28,76.98,42.39,Normal
71.51,51.22,65.35,2.19,91.7,76.22,Normal
68.88,75.99,66.97,5.43,63.32,97.45,Alerta
51.26,89.2,109.3,9.18,55.64,36.11,Crítico
54.59,68.85,94.78,3.72,63.62,92.93,Alerta
54.24,71.33,82.29,3.3,65.79,99.42,Alerta
54.22,75.71,79.07,5.08,72.08,98.66,Alerta
71.05,72.73,57.35,1.16,85.25,47.42,Alerta
22.41,109.05,69.28,10.79,51.76,38.21,Crítico
35.92,107.96,108.45,9.77,85.86,23.69,Crítico
105.35,47.98,64.17,1.98,85.47,59.92,Normal
103.73,52.74,58.49,1.27,79.7,64.81,Normal
63.2,73.02,77.95,3.71,67.15,97.37,Alerta
51.23,76.87,71.31,3.38,62.24,93.25,Alerta
41.78,49.25,100.44,11.68,57.69,129.89,Crítico
37.23,94.82,102.47,11.74,27.17,29.69,Crítico
109.46,44.13,67.89,1.41,85.71,50.02,Normal
83.56,45.12,50.67,1.45,84.3,67.07,Normal
88.32,56.65,46.31,1.22,78.03,45.55,Normal
83.1,48.74,68.63,1.52,77.98,65.68,Normal
34.9,100.0,102.12,10.97,97.35,138.26,Crítico
73.03,61.18,73.93,1.99,89.51,78.3,Normal
99.55,58.28,53.27,4.01,88.42,50.73,Normal
63.04,75.17,91.07,5.62,73.19,81.66,Alerta
84.86,41.75,64.52,2.26,97.86,72.13,Normal
45.4,103.85,118.21,9.48,57.47,134.94,Crítico
93.23,45.24,48.71,1.86,88.66,50.49,Normal
36.73,104.56,96.52,10.72,25.07,112.11,Crítico
104.33,50.17,59.53,1.84,81.96,44.44,Normal
76.15,51.78,64.02,2.58,91.16,45.0,Normal
52.54,76.26,81.17,5.2,62.51,93.22,Alerta
87.71,62.08,52.86,1.45,82.57,41.74,Normal
99.3,60.13,51.17,2.68,81.28,51.31,Normal
95.82,45.53,50.49,1.41,76.05,59.72,Normal
99.23,43.6,51.06,3.43,86.69,71.5,Normal
46.64,109.83,97.8,9.75,53.54,110.54,Crítico
97.81,72.87,86.27,3.89,73.95,83.0,Alerta
34.61,87.29,95.56,8.71,35.93,113.53,Crítico
75.86,48.05,59.92,2.16,90.17,51.03,Normal
108.41,47.88,46.32,1.41,92.13,49.46,Normal
79.3,63.0,63.12,5.04,75.96,60.75,Normal
102.97,49.55,53.7,2.22,88.36,51.06,Normal
55.07,70.12,80.93,4.3,73.23,94.8,Alerta
72.6,54.11,66.95,1.07,93.11,65.23,Normal
32.36,102.25,113.9,6.72,22.7,68.94,Alerta
33.82,80.69,109.96,7.16,36.23,38.87,Crítico
86.76,83.21,107.74,8.86,56.82,102.56,Crítico
80.12,49.82,56.84,1.81,93.31,47.92,Alerta
29.55,84.02,97.61,10.25,32.41,26.53,Crítico
67.7,74.81,74.81,3.18,65.56,48.09,Alerta
75.41,48.89,68.18,1.87,97.4,41.03,Normal
92.78,50.72,64.79,1.71,85.35,47.92,Normal
73.86,43.29,49.9,2.66,76.37,64.98,Alerta
62.98,70.97,71.03,3.53,62.15,96.3,Alerta
45.89,85.52,110.81,8.96,33.84,138.86,Crítico
89.71,44.11,64.76,2.59,80.98,53.32,Normal
86.53,50.45,64.97,1.42,78.37,55.83,Normal
63.07,78.66,92.65,5.65,70.13,94.16,Alerta
41.23,108.19,119.7,9.32,29.0,118.11,Crítico
49.47,92.77,110.59,9.43,27.45,30.05,Crítico
66.38,66.84,54.35,4.26,61.43,83.8,Alerta
73.54,79.21,92.77,4.04,67.26,98.7,Alerta
87.2,45.25,49.6,2.06,82.73,59.3,Alerta
37.51,76.95,99.3,8.49,48.61,117.49,Crítico
84.17,43.15,62.9,2.39,76.05,65.23,Normal
55.67,67.64,85.29,4.36,73.34,99.72,Alerta
80.64,60.7,48.58,1.08,97.25,71.95,Normal
103.77,55.17,57.89,1.03,82.77,60.63,Normal
90.25,42.36,71.72,2.34,99.93,56.24,Normal
55.7,72.33,76.28,3.49,62.35,93.91,Alerta
76.7,62.06,56.31,2.43,79.59,57.73,Normal
85.08,51.39,49.88,1.77,80.33,74.09,Normal
95.93,47.41,68.72,1.06,99.69,72.03,Normal
29.4,97.41,109.37,9.18,54.97,101.25,Crítico
64.27,54.21,83.29,3.55,71.43,92.25,Alerta
61.99,72.8,84.35,4.63,69.4,85.57,Alerta
104.62,51.76,59.59,1.1,78.47,53.41,Normal
38.93,105.1,117.28,9.68,38.79,30.68,Alerta
105.21,55.54,60.08,1.81,87.87,68.19,Normal
68.44,78.93,76.96,1.52,70.53,88.99,Alerta
28.75,105.01,119.56,5.35,47.17,124.91,Crítico
86.42,63.95,45.35,2.64,96.2,71.64,Alerta
52.15,72.69,87.16,3.79,78.98,94.45,Alerta
67.33,67.43,77.65,3.82,72.73,92.63,Alerta
70.55,61.34,57.8,2.72,77.0,65.57,Normal
108.71,43.27,57.89,1.02,89.22,41.07,Alerta
41.7,109.74,117.94,9.89,25.99,125.65,Alerta
23.75,95.72,104.23,6.78,28.59,105.15,Crítico
25.5,87.39,116.74,10.1,47.52,134.01,Crítico
103.96,62.0,62.44,1.44,90.41,41.87,Normal
47.05,91.6,113.6,10.67,73.97,39.68,Crítico
106.6,40.23,55.17,2.5,75.85,42.41,Normal
52.35,67.75,74.89,5.79,63.59,85.03,Crítico
102.24,41.58,67.64,2.35,88.86,70.56,Normal
91.32,45.03,51.55,2.53,95.26,51.0,Normal
79.35,50.06,66.83,1.45,81.24,79.76,Normal
62.46,69.57,82.65,4.01,72.97,44.66,Normal
71.74,43.61,58.71,1.88,62.3,73.26,Normal
43.73,103.54,71.75,9.54,32.63,117.26,Crítico
93.35,51.03,56.18,1.43,92.24,42.58,Alerta
42.86,109.56,104.2,11.68,41.4,110.27,Crítico
95.7,50.14,46.81,2.38,96.42,93.27,Normal
61.84,69.97,90.5,3.42,61.54,95.85,Alerta
96.05,57.15,47.03,2.51,91.49,40.17,Normal
67.37,69.06,59.58,4.0,72.84,85.93,Alerta
48.88,96.15,72.05,10.77,48.61,135.59,Crítico
90.6,61.78,55.67,1.66,85.55,63.92,Normal
93.06,47.03,45.51,2.58,91.02,46.85,Normal
82.64,79.03,75.06,4.81,73.38,94.21,Normal
64.63,75.48,88.92,2.92,62.79,88.58,Alerta
54.06,70.52,71.97,5.62,68.64,96.52,Alerta
78.61,53.95,66.45,2.1,88.99,61.67,Normal
49.03,106.53,104.62,7.31,34.47,127.82,Crítico
63.26,62.71,80.87,5.98,62.5,93.14,Alerta
105.68,55.9,50.99,2.17,92.69,77.51,Normal
108.94,46.09,93.64,2.28,96.79,64.74,Normal
81.9,59.22,60.87,1.41,99.06,66.0,Normal
99.54,61.77,53.03,1.93,75.19,48.33,Normal
80.41,60.06,55.86,2.66,81.79,45.69,Normal
94.09,46.03,46.82,1.57,94.93,68.12,Normal
100.38,49.42,61.5,2.56,86.85,45.29,Normal
43.54,94.52,114.49,11.07,21.05,27.09,Crítico
87.14,52.35,68.28,1.98,90.0,56.64,Normal
31.94,98.77,108.27,10.64,24.19,118.74,Crítico
88.2,59.82,62.34,1.3,93.03,44.66,Normal
82.61,63.73,54.51,1.89,90.14,61.52,Normal
79.31,46.63,47.83,2.6,92.27,74.14,Normal
109.4,53.92,47.23,2.33,96.21,57.48,Normal
54.67,75.4,85.44,3.52,88.8,86.07,Alerta
104.34,42.31,57.63,1.66,77.94,66.14,Normal
91.02,40.61,56.37,1.44,92.14,70.21,Normal
26.47,80.47,108.9,10.76,42.27,14.97,Alerta
73.39,109.69,117.81,10.94,40.35,36.81,Crítico
93.77,59.58,53.68,1.61,86.94,59.88,Normal
60.15,76.1,74.8,5.09,62.41,82.02,Alerta
36.99,94.51,99.6,8.6,79.1,37.98,Crítico
41.2,105.57,117.97,7.22,58.27,119.95,Crítico
68.84,78.06,82.57,4.69,76.48,84.06,Alerta
51.71,73.81,94.63,4.72,71.26,88.84,Alerta
37.68,101.62,105.31,9.82,46.83,123.11,Crítico
56.09,69.13,71.29,2.91,67.78,99.2,Alerta
107.08,43.89,66.36,1.2,96.58,51.33,Normal
38.17,81.11,50.06,7.65,24.4,29.32,Crítico
84.37,47.47,50.7,1.95,91.16,79.17,Normal
50.54,78.57,76.58,3.6,63.57,87.61,Alerta
108.84,42.48,57.11,1.79,80.57,43.62,Normal
97.3,58.27,62.07,2.01,85.23,69.64,Normal
62.84,72.16,66.82,5.52,64.15,93.45,Alerta
79.06,69.86,92.17,3.62,71.73,92.12,Alerta
63.1,66.08,71.96,5.37,67.7,82.55,Alerta
63.05,70.43,81.62,5.76,60.7,83.91,Alerta
71.56,45.78,60.61,2.26,81.22,67.79,Normal
22.63,91.36,113.4,7.85,96.22,22.74,Crítico
62.79,73.06,92.41,4.93,68.65,92.37,Alerta
64.36,75.92,90.57,4.92,70.75,99.32,Alerta
39.37,98.63,118.87,10.89,48.96,32.09,Crítico
68.2,73.01,74.91,4.96,69.05,84.45,Alerta
88.01,57.49,55.46,1.49,77.95,40.38,Normal
71.01,44.6,68.67,2.04,99.21,71.88,Normal
99.99,62.27,55.0,2.09,80.28,79.21,Normal
91.02,50.66,66.44,2.72,77.31,48.22,Normal
67.32,65.03,94.34,4.44,65.16,93.72,Alerta
62.19,73.45,93.15,5.86,60.74,98.25,Alerta
81.43,46.25,62.09,1.31,90.63,70.48,Normal
45.9,86.52,95.58,9.58,48.13,138.93,Crítico
64.1,68.99,90.66,3.78,60.77,84.59,Alerta
77.81,52.62,64.99,1.19,65.1,77.75,Alerta
51.94,73.96,67.64,3.26,68.57,87.97,Crítico
91.29,43.42,69.12,2.25,83.15,45.74,Normal
75.73,63.44,69.65,2.0,98.74,44.97,Normal
51.44,70.39,75.28,5.64,71.37,81.1,Alerta
58.73,70.29,93.81,3.31,72.55,96.52,Crítico
81.85,59.09,67.37,1.92,82.7,57.0,Normal
56.59,74.57,82.36,3.93,72.32,95.83,Crítico
103.79,63.58,48.07,1.86,99.7,67.76,Normal
64.58,69.54,91.84,3.02,69.68,90.67,Alerta
83.13,62.06,58.73,1.14,90.51,41.8,Normal
60.16,70.72,78.91,1.09,64.89,90.77,Alerta
91.05,57.18,59.3,1.1,84.61,45.92,Normal
25.29,101.39,118.68,9.86,37.65,126.42,Crítico
105.24,51.72,51.64,1.92,98.07,91.04,Normal
76.08,69.73,84.35,4.33,64.93,89.86,Alerta
65.79,54.03,47.36,2.28,94.52,73.03,Normal
37.93,81.81,101.36,6.82,29.05,75.92,Crítico
70.5,62.38,64.62,2.75,83.77,41.74,Normal
85.85,52.33,64.73,1.85,91.59,40.21,Normal
78.96,52.55,57.76,1.0,98.06,58.05,Normal
72.19,63.22,50.04,1.12,86.7,70.23,Normal
63.6,66.15,77.12,4.92,66.93,97.39,Alerta
93.88,56.79,67.26,1.65,98.07,69.28,Normal
51.49,73.31,78.53,3.52,61.16,92.63,Alerta
105.18,99.76,114.6,10.1,51.62,113.4,Crítico
78.11,87.35,114.55,7.5,43.5,22.98,Crítico
51.41,70.14,86.71,5.16,67.06,97.77,Alerta
85.09,52.84,52.74,1.87,76.73,62.78,Normal
62.1,76.1,81.68,5.36,61.51,84.66,Normal
35.81,100.05,116.64,7.42,48.7,134.09,Crítico
41.58,93.88,106.04,6.96,38.4,110.8,Crítico
22.65,103.78,100.64,9.46,36.6,133.48,Crítico
73.98,60.02,65.48,1.92,97.11,49.4,Normal
83.62,45.69,53.29,2.09,99.9,70.97,Normal
55.74,70.59,92.31,5.35,68.62,99.67,Alerta
51.08,67.35,84.25,3.81,72.04,96.02,Alerta
85.96,54.52,62.51,2.68,82.54,45.91,Normal
38.14,93.97,72.07,11.28,51.11,28.09,Alerta
101.35,43.34,67.93,5.01,89.38,50.9,Normal
63.76,75.68,45.2,3.59,66.69,90.32,Alerta
72.84,49.91,53.09,2.25,84.86,47.52,Normal
30.65,99.17,109.75,9.51,29.29,130.64,Crítico
74.22,57.14,49.71,2.02,97.45,78.2,Normal
73.94,47.91,47.63,1.13,80.5,64.83,Normal
46.07,91.92,105.62,7.69,43.91,85.95,Crítico
70.46,61.06,63.17,1.34,88.22,61.96,Alerta
64.19,74.72,76.07,5.14,71.52,83.98,Alerta
23.28,107.17,95.46,8.13,58.16,138.39,Crítico
56.37,66.49,89.42,3.7,69.76,93.44,Alerta
62.28,71.2,91.34,4.5,66.59,96.29,Alerta
99.23,47.97,68.91,1.48,82.45,40.6,Normal
107.64,46.34,69.96,1.97,98.96,44.69,Normal
87.1,60.76,53.45,1.25,84.65,48.27,Normal
50.88,74.12,83.96,4.29,64.32,83.31,Alerta
82.7,48.07,63.54,1.59,98.52,73.34,Normal
97.85,45.89,68.63,1.99,79.78,72.88,Normal
48.01,81.29,106.45,7.01,30.38,133.49,Crítico
52.91,67.51,81.66,5.52,64.84,95.13,Alerta
109.36,59.52,51.68,1.15,77.74,65.92,Normal
45.77,92.45,111.49,9.72,54.48,120.96,Crítico
64.31,71.29,88.43,5.23,66.25,81.36,Normal
68.06,70.05,83.35,4.78,65.4,95.85,Alerta
54.59,44.64,67.59,1.15,89.31,58.88,Normal
32.63,101.19,107.63,9.43,29.67,125.43,Crítico
49.53,43.32,97.45,6.49,58.17,32.74,Crítico
99.13,45.64,65.85,1.6,82.52,66.7,Normal
56.75,73.65,78.64,4.95,66.93,99.81,Alerta
86.17,41.23,46.11,1.49,91.21,72.81,Normal
98.7,59.76,61.97,1.66,79.59,44.25,Alerta
40.69,101.3,109.06,6.98,51.41,129.61,Crítico
21.56,106.44,95.93,11.39,25.96,105.59,Crítico
51.68,76.2,75.19,3.68,66.9,90.65,Alerta
51.64,78.33,83.19,3.67,63.18,84.12,Alerta
51.84,68.33,91.73,5.06,72.5,96.12,Alerta
29.95,82.07,117.85,8.41,26.47,11.21,Crítico
86.13,54.36,58.11,1.57,79.49,55.91,Normal
25.36,105.79,62.81,7.37,20.7,108.06,Crítico
57.47,70.53,91.3,2.96,72.66,98.69,Alerta
87.15,54.02,54.39,1.64,81.17,42.98,Normal
72.91,45.27,52.18,2.44,82.41,48.7,Normal
30.66,108.89,107.87,10.85,49.81,15.04,Crítico
27.18,92.83,99.2,9.68,52.33,25.57,Crítico
92.28,49.34,61.81,1.54,92.09,57.76,Normal
87.13,44.78,64.61,1.08,89.59,76.06,Normal
72.0,51.39,62.0,4.51,83.21,65.96,Normal
37.24,88.51,106.17,11.48,56.68,26.95,Crítico
23.8,92.36,110.82,4.08,31.42,16.41,Crítico
67.78,67.48,84.93,3.74,63.82,87.39,Alerta
101.49,56.54,63.07,1.31,87.2,62.45,Normal
69.48,45.11,58.01,1.1,96.28,40.64,Normal
78.6,61.25,61.71,1.92,97.74,51.96,Alerta
55.68,61.67,56.56,1.81,82.63,43.0,Normal
97.89,41.58,66.24,1.96,88.39,60.9,Normal
73.21,53.28,53.53,2.43,86.5,59.48,Normal
63.4,67.81,76.69,3.93,60.4,95.21,Alerta
56.83,68.52,53.03,3.23,66.37,81.56,Alerta
53.3,73.72,78.57,3.71,65.06,97.92,Alerta
88.01,42.38,54.79,2.25,87.17,78.89,Normal
27.27,79.73,100.91,8.62,48.19,103.45,Crítico
95.92,68.78,79.09,5.2,64.22,99.8,Alerta
88.54,40.65,54.96,1.22,98.12,45.11,Normal
102.47,42.68,53.84,1.35,94.88,54.07,Normal
60.56,78.52,86.35,5.14,69.1,94.05,Alerta
88.07,44.23,68.74,1.07,77.12,68.64,Normal
100.25,49.76,48.76,1.53,78.07,52.84,Normal
42.77,99.84,101.43,9.75,28.02,63.88,Crítico
79.41,79.91,86.83,2.99,72.04,86.41,Alerta
58.18,74.95,72.47,4.74,73.1,81.43,Normal
93.43,64.44,54.42,2.67,95.66,62.18,Normal
66.49,70.07,92.25,4.41,71.51,93.68,Alerta
47.11,93.03,99.0,11.54,46.69,20.26,Crítico
34.63,93.98,99.5,8.06,40.93,128.07,Crítico
78.15,57.23,48.43,2.73,85.62,74.58,Normal
60.96,52.64,90.57,4.79,65.52,83.82,Alerta
86.44,61.64,60.61,2.74,89.14,55.36,Normal
32.73,80.95,97.25,7.82,56.49,112.42,Crítico
86.45,51.4,49.74,1.91,84.38,44.31,Normal
92.21,49.09,66.87,1.92,80.57,69.08,Normal
53.85,73.69,93.63,5.27,66.48,94.76,Alerta
78.18,51.22,69.3,5.76,95.76,71.43,Normal
92.54,42.92,53.66,2.08,76.5,53.07,Normal
57.74,69.39,74.54,4.0,70.61,82.4,Alerta
85.64,53.25,63.89,2.08,93.78,70.27,Normal
54.3,66.6,94.08,4.34,65.61,86.31,Alerta
92.94,41.29,52.22,5.22,87.53,55.5,Normal
52.77,70.95,79.67,3.15,60.23,95.64,Crítico
81.92,57.0,49.0,2.13,88.97,51.23,Alerta
106.33,63.52,66.41,2.38,85.31,60.26,Normal
103.03,57.19,54.45,5.96,98.82,49.65,Normal
77.43,47.2,63.36,2.65,82.82,66.79,Normal
71.39,62.64,46.32,1.96,81.91,75.97,Normal
21.14,98.8,75.26,9.69,51.16,118.11,Crítico
63.51,77.52,77.03,4.89,60.81,82.93,Alerta
107.45,41.72,59.7,2.41,76.76,66.92,Normal
26.4,109.56,113.83,10.0,48.55,32.88,Alerta
95.68,47.61,58.03,2.15,76.5,59.79,Normal
93.73,51.84,69.22,2.19,98.92,55.75,Normal
109.77,57.1,55.69,1.82,93.91,64.64,Normal
89.04,45.81,46.3,1.43,94.37,54.68,Normal
72.28,40.47,68.48,1.95,94.11,60.7,Normal
53.36,67.22,94.73,4.51,64.94,99.37,Alerta
47.14,98.34,119.19,7.07,45.68,22.28,Crítico
60.43,78.88,89.65,4.69,66.9,94.56,Alerta
99.47,41.96,47.18,2.61,91.3,70.79,Normal
88.24,63.25,48.53,1.18,88.27,51.63,Normal
80.56,51.33,54.31,1.19,99.3,49.22,Normal
109.65,57.73,56.26,2.16,86.65,72.39,Normal
86.31,49.95,49.27,1.37,81.9,50.72,Normal
108.54,63.4,63.05,1.11,93.7,52.42,Normal
53.05,69.64,89.69,5.79,62.21,94.87,Alerta
79.96,72.5,46.15,2.49,87.28,45.8,Normal
88.38,60.71,57.87,2.68,84.33,41.28,Normal
39.51,101.86,117.12,9.97,52.28,121.32,Crítico
100.17,50.99,59.29,1.02,89.3,76.58,Normal
104.97,53.16,61.99,2.07,90.7,40.98,Normal
29.47,76.74,101.83,11.36,56.36,25.77,Crítico
85.64,42.42,61.88,1.19,95.1,71.44,Normal
98.49,43.37,55.24,1.2,79.16,56.75,Normal
102.59,60.22,46.7,1.75,60.72,66.55,Normal
94.42,47.74,65.24,1.94,84.46,47.73,Normal
34.27,59.06,107.31,10.94,34.59,103.71,Crítico
82.56,46.29,51.22,1.53,97.54,79.9,Normal
58.94,78.13,76.21,3.81,69.83,97.77,Alerta
80.97,64.65,68.57,2.63,78.25,67.08,Normal
81.29,55.54,52.92,1.25,84.37,60.65,Normal
101.93,44.15,60.59,1.73,81.61,54.1,Normal
31.66,99.66,104.13,7.55,51.44,29.32,Crítico
61.27,67.1,72.71,2.17,72.65,95.82,Alerta
65.16,72.28,71.37,4.0,66.57,88.66,Alerta
88.47,41.43,52.31,1.66,89.64,48.33,Normal
71.6,51.43,56.24,1.87,88.56,55.29,Alerta
90.56,55.95,68.05,2.48,88.15,78.61,Normal
79.65,49.98,56.99,1.58,91.92,70.66,Normal
55.25,71.4,82.35,5.81,73.44,87.43,Alerta
40.95,83.32,108.73,7.54,44.82,116.05,Crítico
71.02,64.65,46.58,1.32,88.97,50.35,Normal
57.88,77.55,87.85,5.06,71.55,83.84,Alerta
89.81,47.22,67.5,2.15,90.38,63.99,Normal
79.68,49.45,68.38,2.38,75.28,52.84,Normal
74.58,48.81,53.56,5.78,99.5,49.28,Alerta
68.07,64.68,84.78,5.39,66.26,98.24,Alerta
96.06,40.49,52.78,2.06,95.43,79.3,Normal
54.36,69.54,54.29,4.89,70.18,99.54,Alerta
81.43,42.73,65.11,2.67,91.88,60.65,Normal
28.19,81.6,107.18,9.1,35.13,138.52,Alerta
60.31,77.56,47.27,5.27,70.24,83.11,Crítico
84.07,42.72,87.06,1.44,95.51,56.01,Normal
81.49,56.09,49.59,2.37,82.71,62.35,Normal
59.38,67.64,72.07,3.13,69.35,93.05,Alerta
100.54,57.19,56.4,1.63,80.33,76.89,Normal
104.86,55.77,49.29,1.74,89.7,70.12,Normal
91.8,41.94,68.46,3.29,98.16,40.01,Alerta
36.45,67.44,102.0,7.2,54.35,117.46,Crítico
78.58,53.25,50.15,2.47,91.1,66.61,Normal
84.19,59.37,48.79,5.89,98.76,48.86,Normal
68.78,75.53,83.7,4.71,63.09,95.66,Alerta
77.26,55.53,64.75,1.48,88.69,73.91,Normal
84.28,54.17,57.82,1.41,97.67,65.95,Normal
102.23,48.55,69.34,1.8,97.09,49.37,Normal
25.22,87.05,52.47,9.82,48.77,31.85,Crítico
53.21,74.17,76.63,3.27,70.25,81.31,Alerta
22.55,93.74,108.27,10.34,28.97,135.49,Crítico
109.31,60.23,61.1,2.08,78.49,64.82,Normal
42.23,84.93,100.27,8.89,59.29,20.67,Crítico
102.75,52.02,83.52,1.77,82.64,71.28,Normal
108.89,66.4,71.39,4.22,70.57,92.66,Crítico
63.59,77.5,87.5,5.87,65.74,95.88,Alerta
80.26,70.47,54.37,1.29,80.87,62.5,Normal
73.39,47.55,51.04,2.11,95.68,66.52,Normal
40.02,99.49,109.7,10.32,39.23,25.62,Crítico
21.52,106.04,97.24,9.92,21.68,83.29,Crítico
76.75,42.83,51.37,1.35,76.4,56.57,Normal
87.61,43.41,53.35,2.57,98.29,64.92,Normal
34.15,108.44,103.07,6.75,67.43,19.94,Crítico
103.39,79.48,81.81,4.93,64.1,88.38,Alerta
55.91,66.98,71.57,4.96,60.66,56.27,Alerta
71.27,45.79,50.93,2.39,93.41,62.76,Normal
105.2,61.74,67.59,1.62,92.5,69.05,Normal
50.87,72.86,77.62,3.77,63.67,84.1,Alerta
37.55,97.6,106.45,7.96,43.25,24.81,Crítico
108.46,41.72,64.13,1.97,92.17,60.28,Normal
99.97,45.85,54.71,1.9,93.04,65.16,Normal
94.41,77.08,78.51,4.22,62.82,81.34,Crítico
22.56,105.0,116.42,10.18,24.59,15.04,Crítico
109.48,43.67,67.1,2.76,83.6,58.24,Normal
74.44,60.32,52.78,1.27,80.75,63.14,Normal
38.41,102.13,101.32,8.19,53.75,27.05,Alerta
68.11,54.34,81.7,3.37,71.79,83.82,Alerta
51.56,79.93,84.54,3.18,60.97,97.66,Alerta
71.15,58.4,66.46,2.61,92.09,52.96,Normal
30.8,52.57,103.72,6.67,22.97,34.8,Crítico
59.43,76.82,75.39,4.75,87.54,92.52,Alerta
87.84,48.43,50.71,1.19,93.04,72.89,Alerta
57.9,71.6,76.38,5.8,65.1,87.83,Crítico
63.54,74.24,83.34,4.65,72.07,91.47,Alerta
102.52,41.31,47.44,2.58,76.49,41.09,Normal
63.94,76.31,82.79,1.36,63.65,94.41,Alerta
78.85,46.55,56.72,2.16,99.49,48.83,Normal
87.87,46.3,68.91,2.11,84.48,45.75,Normal
61.76,73.83,91.91,5.06,63.55,92.19,Alerta
55.34,59.02,49.26,1.33,81.45,44.35,Normal
100.01,56.86,49.54,2.65,88.48,64.17,Normal
94.78,56.54,54.38,2.09,80.11,57.81,Normal
79.63,44.84,62.96,2.22,96.36,41.86,Normal
97.88,47.27,56.78,1.33,89.92,62.7,Alerta
90.59,75.55,77.13,5.31,60.33,93.71,Alerta
102.99,51.66,64.18,1.81,94.58,57.13,Normal
82.04,57.68,58.59,2.46,95.02,51.15,Normal
57.9,76.3,89.15,5.53,67.15,94.46,Alerta
72.71,58.24,54.9,2.03,79.06,41.47,Normal
76.02,44.4,53.51,2.53,97.39,71.2,Normal
75.96,52.08,45.28,1.07,94.92,75.38,Normal
68.66,75.32,84.55,4.32,60.56,90.05,Alerta
88.89,40.96,51.66,1.88,99.61,51.49,Normal
81.35,56.9,55.8,1.71,78.47,79.78,Normal
52.24,75.05,94.27,4.59,67.76,96.12,Alerta
102.07,49.18,56.74,1.27,78.12,79.54,Normal
30.33,106.25,96.42,6.39,53.86,122.25,Crítico
108.01,52.13,51.43,1.09,86.35,70.2,Normal
61.83,78.58,86.52,4.62,62.13,85.0,Alerta
85.91,43.96,52.51,1.77,77.34,74.88,Alerta
44.83,91.39,116.32,6.74,24.98,113.99,Alerta
59.37,74.21,71.1,3.35,72.46,81.5,Alerta
88.93,56.27,66.91,2.68,75.27,69.84,Alerta
76.95,42.6,57.19,1.82,92.91,42.79,Normal
51.78,67.44,85.1,3.35,62.0,86.23,Alerta
48.85,105.1,107.46,7.72,73.63,117.72,Crítico
61.63,76.8,75.41,5.21,71.99,91.14,Alerta
33.1,86.12,117.36,7.65,29.84,38.91,Crítico
60.07,69.02,78.56,5.99,62.93,84.78,Alerta
74.71,67.93,91.59,3.11,73.64,86.24,Alerta
104.85,54.81,62.57,1.74,85.18,87.03,Alerta
64.8,40.45,59.08,1.37,92.54,44.77,Normal
61.17,71.88,91.1,2.91,73.74,87.58,Alerta
59.73,68.62,88.95,3.41,63.35,99.22,Alerta
91.65,78.9,47.9,1.61,94.96,50.05,Normal
30.51,109.98,116.31,11.9,52.03,13.97,Crítico
91.43,57.32,57.14,2.32,96.7,68.2,Normal
23.5,102.8,103.62,9.54,58.23,112.58,Crítico
84.06,59.81,50.41,2.5,79.96,64.12,Normal
47.56,103.6,107.11,7.22,58.59,101.31,Crítico
107.61,61.33,47.51,1.72,85.58,53.11,Normal
84.55,57.08,59.18,1.48,94.36,54.43,Normal
73.41,74.52,66.14,1.71,77.03,66.57,Normal
88.84,49.16,66.52,2.15,78.07,74.72,Normal
62.5,69.44,88.53,3.53,70.99,96.41,Alerta
95.16,46.52,51.36,1.02,82.38,55.85,Normal
22.06,104.2,103.31,6.62,58.52,29.6,Crítico
61.08,76.27,79.8,4.28,72.94,93.31,Alerta
107.52,54.01,62.09,2.52,70.25,42.89,Normal
74.42,40.17,88.27,2.58,89.94,56.48,Normal
96.94,53.24,64.65,1.71,79.75,68.03,Normal
59.11,74.23,80.95,3.31,66.75,90.26,Alerta
57.26,67.4,93.43,3.16,69.45,88.72,Alerta
75.48,48.46,46.45,1.43,69.6,69.42,Normal
84.98,56.25,62.07,2.36,75.14,57.23,Normal
57.17,72.17,86.73,2.94,65.8,91.93,Alerta
68.11,76.3,72.66,4.63,64.18,83.41,Alerta
47.09,99.96,111.45,6.78,37.88,108.41,Crítico
101.33,63.27,47.12,1.55,89.45,64.8,Normal
92.43,50.68,46.94,1.29,75.01,62.64,Normal
68.85,72.97,73.98,5.82,66.07,91.18,Alerta
78.78,57.57,50.92,2.52,86.46,79.0,Normal
84.84,43.01,68.83,1.61,81.52,40.92,Normal
85.2,49.21,46.74,1.22,75.5,63.57,Normal
24.03,97.47,112.4,10.13,38.42,12.56,Crítico
83.9,59.2,51.79,1.46,78.64,99.46,Normal
26.52,103.67,105.25,3.77,33.24,139.03,Crítico
62.6,68.52,74.54,4.08,60.93,87.14,Alerta
40.07,93.97,96.09,11.59,28.13,35.45,Crítico
45.34,86.53,108.72,10.73,87.2,111.03,Crítico
80.18,44.23,63.92,2.73,94.03,40.76,Normal
87.76,54.23,61.82,1.43,84.66,62.2,Normal
107.28,43.39,55.21,1.66,98.35,91.0,Normal
85.37,47.62,47.81,1.95,99.84,71.23,Normal
51.08,67.82,73.52,3.64,64.85,92.87,Alerta
62.94,68.08,89.12,5.44,72.1,94.93,Alerta
106.34,62.74,88.42,1.79,78.33,72.96,Normal
50.67,69.46,91.44,5.25,61.03,91.17,Crítico
102.99,50.06,67.87,1.57,81.44,49.48,Normal
74.4,52.14,62.96,2.1,88.89,74.95,Normal
40.46,109.17,103.44,11.42,59.74,109.63,Crítico
44.94,94.88,104.65,10.49,21.84,135.56,Crítico
77.0,49.46,45.98,1.01,80.62,94.87,Alerta
83.0,46.04,54.06,1.49,89.97,61.59,Normal
50.53,74.93,80.95,5.96,62.19,99.38,Alerta
72.27,54.49,52.55,1.26,76.93,41.12,Normal
27.4,87.86,96.47,7.01,50.37,120.91,Alerta
87.7,56.85,53.11,2.52,94.8,53.39,Normal
93.61,50.16,45.14,2.68,92.74,65.38,Normal
54.7,44.53,75.51,3.83,61.15,85.02,Alerta
62.45,79.49,83.22,3.9,66.58,85.83,Alerta
83.81,40.78,62.99,3.62,91.2,72.8,Normal
27.97,66.35,119.43,11.8,29.83,108.63,Crítico
73.75,47.23,61.54,1.53,98.77,45.37,Normal
89.66,56.59,54.42,1.16,68.76,48.96,Normal
64.27,74.55,86.54,3.52,84.99,90.12,Alerta
86.63,56.58,63.51,1.45,98.84,67.2,Normal
68.95,79.26,74.93,5.18,62.43,94.43,Alerta
100.44,44.94,61.05,2.01,85.3,62.52,Normal
89.02,46.23,54.28,2.24,79.33,57.11,Normal
54.9,77.23,74.04,4.44,73.81,96.26,Alerta
100.78,44.92,56.24,1.6,67.16,63.6,Alerta
84.97,43.34,66.32,3.66,82.06,54.97,Normal
92.65,41.2,56.49,5.08,92.56,58.24,Normal
98.27,61.42,58.64,2.71,93.07,61.72,Normal
97.06,50.14,52.68,2.36,90.89,53.55,Normal
54.68,73.91,85.79,5.54,61.51,95.3,Alerta
61.88,79.29,88.44,5.37,64.61,84.6,Alerta
109.92,61.21,69.71,2.51,91.8,50.26,Normal
20.1,94.74,97.82,9.93,38.78,16.16,Crítico
102.86,58.56,52.93,2.21,76.82,75.25,Normal
96.31,46.7,53.41,2.26,89.38,53.98,Normal
80.62,54.34,74.83,2.34,80.12,73.17,Alerta
103.24,52.3,56.62,2.19,76.5,58.14,Normal
80.32,62.31,66.82,1.66,82.1,79.67,Normal
58.47,67.29,79.74,3.36,61.76,40.57,Alerta
59.17,69.95,73.42,5.04,62.15,91.71,Alerta
41.76,89.72,97.47,11.57,59.18,27.81,Crítico
81.71,50.13,46.05,5.76,81.15,47.21,Normal
100.17,59.31,60.8,3.83,91.58,77.21,Normal
35.22,100.43,103.42,11.36,58.71,16.24,Crítico
54.66,70.76,78.08,3.73,61.26,88.22,Alerta
94.55,54.73,69.66,2.79,98.52,59.0,Normal
97.34,60.08,59.56,1.83,89.33,74.29,Normal
55.94,41.52,90.79,4.7,67.72,93.4,Alerta
27.72,106.14,104.43,11.75,57.69,20.71,Alerta
59.41,66.21,71.48,4.44,63.85,92.87,Alerta
32.07,108.82,113.23,8.11,43.55,32.39,Crítico
72.51,60.15,53.23,2.43,92.64,52.33,Normal
86.38,50.47,67.25,1.19,75.42,65.07,Normal
47.53,100.6,97.13,11.73,50.67,50.5,Crítico
95.56,67.25,78.33,4.61,69.01,82.59,Alerta
99.3,58.34,54.01,2.26,91.24,57.19,Normal
71.87,44.7,60.09,1.13,95.7,62.13,Normal
60.72,60.42,59.53,1.99,93.63,70.28,Normal
99.76,60.88,48.19,2.64,88.97,57.49,Normal
35.12,85.47,106.54,6.35,47.42,36.11,Crítico
67.32,72.66,91.85,4.32,62.25,98.37,Alerta
20.32,96.49,107.98,6.45,26.81,29.68,Crítico
72.32,59.42,45.8,1.46,99.03,48.85,Normal
87.51,45.01,49.59,1.83,93.24,65.11,Normal
65.06,76.78,76.15,4.15,60.5,96.89,Alerta
80.88,43.32,54.54,2.13,75.38,69.71,Normal
83.49,59.85,65.9,2.28,76.11,64.63,Normal
98.31,41.17,66.49,1.86,83.67,71.9,Normal
61.08,56.88,86.45,4.28,67.43,97.66,Alerta
56.33,66.31,94.63,5.73,67.23,95.2,Crítico
79.39,48.45,54.53,1.93,76.67,78.08,Normal
83.91,49.04,68.55,1.35,76.99,49.04,Normal
92.45,49.87,53.94,1.94,90.88,48.54,Normal
51.95,77.6,89.97,5.77,70.39,47.45,Alerta
68.41,71.28,77.63,3.59,65.08,86.64,Alerta
100.27,49.13,56.59,1.64,82.6,72.14,Normal
78.01,70.92,61.34,1.66,99.27,56.34,Normal
50.17,71.29,94.72,3.06,70.17,82.36,Alerta
46.05,108.72,117.83,8.17,32.1,24.97,Alerta
68.63,76.41,91.95,4.36,61.86,98.69,Normal
93.31,63.39,66.39,1.56,98.06,43.27,Normal
83.08,57.85,62.57,2.47,80.14,69.99,Normal
39.19,85.5,119.58,8.34,20.49,33.9,Crítico
109.67,52.75,54.95,1.41,79.51,93.9,Normal
85.57,46.17,69.0,1.02,91.86,78.62,Alerta
54.09,71.47,79.7,5.34,65.72,91.9,Alerta
63.15,78.19,80.1,3.91,67.79,86.58,Alerta
105.39,52.61,47.75,1.7,99.09,61.78,Alerta
92.41,60.42,59.42,1.54,85.48,69.3,Normal
86.45,46.81,65.49,1.19,84.45,70.36,Alerta
35.94,94.4,108.86,5.5,40.53,25.8,Crítico
41.2,97.9,119.26,6.94,84.63,21.91,Crítico
81.46,50.61,50.65,2.23,94.6,60.93,Normal
62.09,51.92,58.48,1.15,77.91,77.39,Normal
28.86,101.55,111.2,10.76,88.92,27.51,Crítico
57.06,68.16,76.28,4.95,63.88,95.65,Alerta
98.94,49.4,64.39,2.34,98.71,53.59,Alerta
64.87,70.85,81.7,4.09,66.49,96.62,Alerta
57.07,40.5,72.72,3.64,66.33,96.99,Alerta
85.28,57.74,52.74,2.47,98.61,68.88,Normal
68.19,66.58,74.3,3.82,63.57,50.62,Alerta
35.92,105.62,119.22,11.25,99.59,121.86,Crítico
86.22,56.21,66.95,5.18,77.32,40.82,Normal
20.52,102.37,110.09,7.01,51.53,126.68,Crítico
101.62,58.35,57.78,1.23,79.04,68.69,Normal
97.88,59.57,47.46,2.53,96.6,54.39,Normal
104.57,56.11,58.23,1.2,92.24,40.44,Alerta
68.4,68.67,79.27,3.01,60.56,91.39,Alerta
25.8,91.78,119.51,10.88,38.83,111.55,Crítico
100.2,55.7,58.3,2.24,78.48,52.41,Normal
88.9,43.51,50.35,2.69,97.21,72.45,Normal
96.62,106.54,111.83,11.09,27.79,28.51,Crítico
23.97,80.38,99.12,8.46,28.38,105.25,Crítico
107.15,57.25,69.22,1.4,86.29,77.28,Normal
58.74,76.91,93.81,5.69,60.57,88.89,Alerta
67.29,75.06,79.43,5.89,86.09,84.93,Alerta
50.23,66.56,72.7,3.03,60.82,95.41,Alerta
23.21,108.58,110.87,4.63,58.4,101.76,Crítico
94.95,47.28,50.5,1.15,76.8,54.54,Normal
38.96,108.64,96.17,10.74,80.9,127.72,Crítico
81.28,51.14,48.26,1.42,98.01,66.07,Normal
32.6,87.78,113.37,11.88,40.7,27.73,Crítico
73.87,53.9,53.57,2.02,88.08,41.01,Normal
83.13,51.76,45.53,1.34,77.19,58.65,Normal
57.92,72.32,82.44,5.53,73.18,96.64,Alerta
70.05,54.6,48.05,1.52,76.37,63.44,Normal
56.31,68.98,74.28,3.26,67.07,88.57,Alerta
46.79,89.48,103.51,8.3,45.73,39.6,Crítico
42.1,96.84,113.39,7.6,38.91,114.62,Crítico
52.35,79.22,71.87,3.15,61.94,91.76,Alerta
101.57,49.12,68.97,2.65,86.44,63.68,Normal
30.75,89.81,119.57,8.69,50.53,113.94,Crítico
73.21,43.47,61.34,1.99,80.37,62.11,Alerta
85.19,44.11,50.75,1.44,77.8,48.51,Normal
55.55,69.63,76.39,4.41,66.98,85.69,Alerta
108.26,56.68,66.84,1.96,92.16,59.19,Alerta
71.73,49.82,47.03,2.46,87.73,67.08,Normal
87.58,43.03,67.17,2.48,86.63,76.82,Normal
104.62,61.26,58.55,2.09,99.39,53.92,Normal
73.37,64.57,49.3,1.94,60.12,58.9,Normal
56.35,66.18,86.83,5.64,62.25,66.44,Alerta
58.2,70.58,88.61,3.11,73.69,85.62,Alerta
50.51,76.86,82.91,2.9,63.26,84.24,Normal
57.48,44.63,75.86,3.26,64.56,95.34,Alerta
84.44,47.53,54.71,2.31,90.34,59.64,Normal
39.07,86.76,114.82,11.68,95.0,136.63,Crítico
75.02,56.12,63.86,1.69,93.39,72.76,Normal
72.13,59.64,49.71,4.76,79.55,69.16,Normal
100.31,47.91,59.5,2.69,91.28,69.84,Normal
56.49,57.26,88.44,3.58,64.13,93.89,Alerta
37.03,106.35,111.96,8.05,53.28,39.16,Crítico
25.44,92.06,112.6,8.46,66.89,130.13,Crítico
66.56,78.4,92.69,2.82,72.5,86.75,Alerta
86.07,46.43,52.22,1.7,99.26,74.58,Normal
51.4,50.75,69.67,1.99,75.3,46.34,Normal
57.65,71.85,75.33,5.56,62.6,95.44,Alerta
68.39,71.06,90.09,5.37,60.43,97.2,Alerta
61.11,74.93,71.08,3.1,73.68,85.5,Crítico
74.97,58.68,60.99,1.28,86.36,68.25,Normal
38.63,99.7,113.66,10.93,56.46,101.38,Crítico
102.76,60.57,61.96,1.96,87.32,42.66,Normal
36.66,89.4,113.54,8.22,59.42,132.7,Crítico
43.58,87.39,114.42,7.57,56.5,29.7,Crítico
30.57,91.99,105.53,9.43,54.06,21.53,Crítico
21.42,85.47,98.47,10.64,59.48,26.99,Crítico
65.74,73.57,73.13,4.41,69.32,93.72,Alerta
27.16,104.35,112.17,6.42,29.42,26.84,Crítico
35.5,97.28,105.13,6.85,40.32,23.86,Crítico
68.5,74.83,92.05,5.32,68.6,93.49,Alerta
80.74,64.01,69.97,2.48,89.64,49.88,Normal
43.51,101.63,96.41,10.03,23.07,41.53,Crítico
52.84,78.32,75.39,3.04,60.53,82.54,Alerta
79.06,40.86,51.06,1.55,78.74,56.23,Normal
88.01,44.16,59.78,1.23,87.27,69.42,Normal
82.68,61.51,67.13,1.31,89.63,53.21,Normal
72.66,57.41,53.48,2.25,85.25,78.96,Alerta
59.86,78.86,73.12,4.06,61.44,90.1,Alerta
63.6,75.0,86.44,3.92,65.41,86.79,Alerta
66.13,73.38,92.88,5.99,72.61,82.63,Alerta
80.59,49.92,45.44,2.14,79.58,48.9,Normal
60.02,66.04,88.51,5.47,65.59,93.36,Alerta
96.27,46.77,56.49,2.55,92.92,63.8,Normal
60.99,67.38,86.66,4.09,62.46,96.95,Normal
63.39,67.11,90.98,4.35,69.52,89.4,Alerta
56.32,77.36,74.24,3.92,63.89,85.49,Alerta
66.35,88.63,107.31,10.11,42.66,115.37,Crítico
39.53,105.14,110.78,6.3,39.07,22.57,Alerta
48.68,99.85,99.62,9.52,22.85,87.14,Crítico
95.26,48.22,66.81,2.72,93.45,61.12,Normal
83.07,53.46,56.76,2.06,95.5,52.1,Normal
87.28,53.99,47.52,1.35,89.98,75.11,Normal
90.99,56.46,46.0,2.27,79.98,45.19,Normal
98.86,106.98,106.5,7.12,57.65,33.29,Crítico
70.55,47.22,59.07,2.19,87.89,77.97,Normal
101.7,47.09,52.99,2.76,86.34,75.96,Normal
21.11,89.18,111.95,10.79,32.19,38.55,Alerta
79.09,42.42,61.61,1.01,94.48,70.18,Normal
106.03,53.51,47.76,1.1,93.42,44.82,Normal
68.33,79.04,71.11,5.78,63.3,99.89,Alerta
58.63,78.81,77.92,4.86,62.51,86.55,Alerta
53.09,75.55,89.99,4.51,63.66,90.2,Alerta
62.57,75.51,86.98,4.41,70.5,83.43,Crítico
32.42,86.46,111.82,9.23,38.61,102.03,Crítico
55.91,67.76,75.0,1.28,65.84,90.31,Alerta
98.56,64.34,47.28,1.08,96.62,67.24,Normal
106.99,43.34,54.7,2.39,65.14,71.4,Normal
88.72,65.97,61.13,1.88,75.55,73.55,Normal
35.96,106.8,95.73,7.6,52.34,23.07,Crítico
80.6,40.32,49.85,2.63,83.32,71.92,Normal
62.43,72.56,73.84,5.8,66.9,89.13,Alerta
30.14,83.38,97.53,7.41,53.28,11.48,Crítico
91.38,42.42,63.49,2.28,78.18,66.71,Normal
54.79,75.15,91.85,5.91,63.6,92.76,Alerta
103.65,109.35,116.03,11.79,45.52,28.32,Crítico
108.26,41.43,49.43,1.97,89.96,71.25,Normal
33.41,109.67,102.58,7.17,50.39,116.74,Alerta
105.54,56.64,68.01,1.5,82.67,43.63,Normal
66.15,66.21,83.97,3.07,69.9,83.13,Crítico
68.01,75.24,75.35,5.68,61.66,84.44,Alerta
32.51,108.7,111.86,6.33,36.8,122.28,Crítico
35.86,88.41,119.57,11.25,23.71,119.39,Crítico
83.38,56.51,73.04,2.34,97.93,47.97,Normal
33.97,109.4,115.28,11.11,32.8,16.77,Alerta
24.26,94.37,95.4,10.9,58.48,15.97,Crítico
51.27,74.69,71.95,3.81,71.22,91.87,Alerta
51.88,68.46,72.19,5.37,63.39,89.27,Alerta
94.01,47.33,64.23,2.42,84.84,43.62,Normal
40.23,103.29,97.39,9.59,21.11,110.58,Crítico
72.15,44.52,50.46,1.53,81.38,55.56,Normal
71.17,60.9,61.8,1.36,75.84,60.91,Normal
101.79,48.77,46.1,1.77,95.25,40.54,Normal
66.16,73.23,93.87,5.6,62.09,97.81,Alerta
83.48,44.83,52.84,1.42,88.27,56.87,Normal
62.59,74.24,79.31,4.98,63.87,91.78,Alerta
64.67,74.82,81.46,3.9,84.79,81.57,Alerta
76.57,63.14,52.25,2.35,97.24,76.06,Normal
66.59,69.71,74.68,3.36,62.05,97.38,Crítico
63.51,75.42,89.41,3.74,72.06,89.61,Alerta
88.28,70.36,73.53,4.97,73.51,81.6,Alerta
80.43,94.21,98.64,9.53,43.6,100.58,Crítico
27.16,98.08,107.98,10.32,45.3,14.04,Crítico
107.24,44.78,47.52,2.78,75.81,65.01,Normal
55.5,78.31,82.47,3.21,69.47,98.08,Alerta
53.3,67.32,90.9,5.45,96.31,97.93,Alerta
43.24,101.54,114.76,8.59,55.3,29.64,Alerta
81.68,74.67,66.94,2.24,86.35,40.38,Normal
101.7,40.95,58.97,3.7,75.25,43.5,Normal
73.56,46.69,51.03,1.9,80.48,44.36,Normal
102.76,63.64,60.03,2.26,87.72,62.23,Normal
87.06,55.86,60.29,1.87,85.91,70.42,Normal
75.6,61.78,47.86,1.04,84.88,75.38,Alerta
47.57,45.87,104.26,11.3,35.71,15.99,Crítico
64.34,70.14,93.87,4.52,71.62,63.06,Crítico
75.81,61.91,52.61,1.52,75.38,45.21,Normal
76.55,63.09,53.66,1.39,87.56,71.89,Alerta
95.03,44.07,62.03,2.61,81.26,42.35,Normal
107.99,68.87,83.85,2.92,65.59,96.31,Alerta
57.98,72.55,82.54,3.6,61.24,90.03,Alerta
80.79,47.93,64.81,1.44,87.24,64.13,Normal
51.04,57.92,64.05,2.74,93.0,66.82,Normal
96.48,49.78,67.74,1.82,98.84,66.74,Normal
94.08,44.76,55.28,1.7,89.68,44.76,Normal
80.73,48.51,67.91,1.8,85.78,67.47,Alerta
102.63,64.41,61.04,1.72,97.82,73.06,Normal
48.25,81.3,104.87,9.09,46.53,114.56,Crítico
64.38,75.22,93.33,5.31,73.54,92.72,Alerta
59.91,62.71,54.16,2.25,93.89,41.38,Normal
105.6,46.96,65.69,1.73,87.36,52.31,Normal
107.49,60.07,69.75,2.23,79.02,50.91,Normal
101.07,40.01,66.75,1.69,97.67,69.99,Normal
95.32,63.24,67.22,1.44,61.74,47.71,Normal
68.36,72.24,73.26,5.15,71.74,93.54,Alerta
100.62,45.53,51.79,1.69,91.48,69.87,Normal
89.68,62.8,48.18,2.43,87.44,64.11,Normal
56.44,73.83,74.06,4.84,70.62,90.51,Alerta
56.73,74.66,85.82,2.98,64.04,88.9,Alerta
103.86,58.03,62.46,1.17,77.58,75.9,Alerta
62.74,74.11,87.53,5.28,70.62,90.11,Alerta
83.84,67.74,54.0,2.77,85.29,55.48,Normal
101.91,53.2,52.86,1.76,75.52,78.25,Normal
74.86,50.41,67.58,2.45,85.51,73.52,Alerta
44.8,75.93,111.48,8.12,30.08,104.08,Alerta
94.07,57.99,49.82,1.71,85.83,44.99,Normal
106.17,54.98,51.81,1.91,87.72,54.71,Normal
77.95,40.48,48.9,1.37,89.25,50.42,Normal
27.03,100.08,114.66,9.27,34.58,18.62,Crítico
36.53,83.88,116.66,10.23,47.84,17.24,Crítico
100.72,72.83,94.06,4.65,74.0,96.15,Alerta
59.63,74.08,90.69,4.83,61.56,98.88,Alerta
36.03,90.8,116.75,9.76,53.84,90.24,Crítico
24.64,81.43,108.66,6.53,46.91,121.56,Crítico
106.66,63.46,47.96,2.52,87.35,53.75,Normal
105.11,41.86,68.95,4.76,75.09,66.8,Normal
104.46,45.54,69.34,2.77,93.07,70.99,Normal
94.64,60.17,46.68,3.04,76.82,43.25,Normal
20.74,104.0,112.02,7.8,32.42,21.05,Crítico
53.84,76.28,89.57,5.79,63.11,87.53,Alerta
64.16,67.42,74.18,2.52,61.64,84.77,Alerta
106.42,62.01,46.76,2.73,88.2,64.89,Normal
61.77,67.01,92.43,4.3,63.5,95.96,Alerta
101.94,42.23,67.52,1.44,97.47,55.12,Normal
103.52,52.11,55.37,2.54,77.26,47.74,Normal
76.93,42.28,48.55,1.49,86.03,55.2,Alerta
55.88,73.53,73.1,5.13,69.86,86.06,Alerta
99.72,43.95,68.45,2.57,79.56,64.54,Normal
108.3,53.69,45.03,2.63,92.9,65.05,Normal
101.81,42.44,56.39,2.3,80.8,46.71,Alerta
78.39,58.57,58.05,1.13,96.25,63.55,Normal
93.8,41.25,68.44,2.21,77.55,60.7,Normal
33.5,98.87,98.23,8.82,33.17,15.01,Crítico
82.27,77.14,75.29,4.29,73.1,99.41,Alerta
36.33,108.22,100.83,9.01,49.95,110.22,Crítico
73.4,63.9,56.67,2.29,89.65,49.56,Normal
77.3,72.25,75.17,5.14,61.43,84.93,Alerta
47.95,107.72,93.59,6.57,37.34,116.4,Crítico
91.76,51.56,48.77,2.22,94.94,44.35,Normal
98.26,47.79,50.35,2.18,85.28,58.79,Normal
39.97,103.12,97.63,6.18,55.32,139.1,Crítico
109.51,54.91,61.86,2.01,95.96,77.25,Normal
84.24,44.6,56.76,1.54,90.98,52.94,Alerta
66.35,69.87,86.29,3.87,69.97,91.19,Alerta
79.09,50.27,55.39,1.71,93.15,43.07,Normal
33.26,90.24,101.13,10.95,70.74,105.77,Crítico
99.17,59.78,47.24,2.36,95.87,46.71,Normal
24.43,101.61,111.74,8.2,21.56,10.88,Crítico
65.36,78.87,83.02,4.02,70.39,87.72,Alerta
75.26,64.73,50.39,2.31,80.88,44.67,Normal
46.89,102.12,100.27,8.84,39.99,83.11,Crítico
23.14,94.84,114.39,10.31,34.72,101.62,Crítico
51.0,71.0,83.2,5.91,67.56,90.25,Alerta
88.7,51.44,54.8,2.51,76.81,44.27,Normal
73.27,48.87,45.4,1.33,93.73,45.38,Normal
25.28,102.31,110.97,8.33,51.53,55.01,Alerta
96.06,69.61,86.19,4.08,72.37,89.39,Alerta
74.1,54.43,53.63,2.21,90.28,63.1,Normal
56.61,69.6,79.55,4.54,67.8,82.67,Alerta
97.19,52.45,57.52,1.24,83.05,93.72,Normal
57.47,69.18,94.24,3.48,96.87,98.46,Alerta
51.15,57.29,90.05,5.74,60.22,88.2,Alerta
28.7,100.3,109.66,7.19,47.38,130.61,Crítico
40.09,84.19,97.53,6.66,58.78,19.14,Crítico
102.09,48.41,63.8,2.11,80.81,76.26,Normal
54.7,66.64,87.14,5.29,63.51,64.52,Alerta
74.88,59.06,68.05,1.96,80.05,78.39,Normal
90.49,48.87,47.98,1.76,78.11,41.03,Normal
104.3,44.37,79.41,2.36,86.0,66.26,Alerta
63.73,79.91,93.88,5.06,61.34,90.06,Alerta
20.68,91.04,97.56,11.7,69.11,106.98,Crítico
55.07,43.06,64.52,1.61,90.44,70.79,Alerta
62.54,66.56,74.1,4.71,68.31,84.23,Alerta
56.14,69.73,53.17,4.12,62.09,82.12,Crítico
52.68,71.66,78.5,2.91,61.03,97.72,Alerta
58.86,79.51,93.02,3.19,66.45,89.76,Alerta
98.6,61.47,59.41,1.8,85.16,76.86,Normal
61.89,77.61,87.73,3.19,67.4,86.92,Normal
92.35,54.48,53.89,2.79,77.35,77.66,Normal
51.1,73.36,90.74,5.43,61.84,85.6,Alerta
21.08,99.71,99.53,7.8,23.67,32.21,Crítico
87.93,40.56,48.94,1.14,99.57,53.55,Normal
23.63,93.13,97.68,10.79,49.56,116.0,Crítico
88.32,58.71,67.68,2.51,83.47,51.55,Normal
55.83,68.61,84.18,5.95,64.5,90.76,Normal
32.15,93.91,116.6,7.72,29.76,60.37,Crítico
45.39,96.18,118.08,11.28,57.85,127.51,Crítico
92.63,61.9,64.29,2.74,89.37,74.91,Normal
20.77,92.67,99.85,11.88,83.41,127.7,Crítico
50.27,45.14,86.49,3.59,71.48,90.09,Alerta
26.96,106.19,113.81,10.93,49.86,16.79,Crítico
45.99,86.6,97.07,6.46,53.49,139.92,Crítico
99.69,44.65,68.27,3.0,98.98,41.91,Normal
64.68,67.81,84.45,4.61,61.53,83.36,Alerta
67.35,71.92,79.48,3.7,73.64,95.85,Alerta
68.06,77.3,94.78,3.91,69.02,84.62,Alerta
109.22,43.04,62.34,1.78,88.33,76.78,Normal
84.01,63.65,46.88,1.06,81.32,48.66,Normal
56.11,72.3,80.19,3.03,63.33,82.92,Alerta
72.38,61.54,80.89,2.1,79.35,61.36,Normal
61.77,70.41,88.85,4.85,72.44,81.09,Crítico
54.32,79.3,71.61,4.28,72.29,99.21,Alerta
39.69,109.66,105.91,9.81,50.69,17.02,Crítico
63.62,74.27,84.23,4.59,67.76,96.46,Alerta
36.51,87.5,102.44,7.96,52.06,102.62,Crítico
103.98,45.65,45.5,2.43,82.8,53.17,Normal
84.49,49.05,47.5,1.43,94.66,75.24,Normal
22.02,88.64,105.04,9.56,21.1,104.94,Alerta
35.76,84.19,103.32,11.14,36.66,113.05,Crítico
57.71,78.24,79.23,3.59,65.02,95.63,Alerta
30.79,82.85,99.78,6.66,45.6,119.65,Crítico
96.66,52.63,56.57,1.68,76.01,42.7,Normal
54.67,78.67,82.39,3.06,68.44,40.21,Alerta
89.78,50.28,46.77,2.28,88.7,40.13,Normal
105.6,64.7,55.24,2.69,80.75,62.1,Normal
99.83,46.56,62.54,2.23,92.39,53.26,Normal
88.96,51.95,62.5,1.52,79.47,57.98,Normal
23.22,82.96,97.39,8.81,40.38,17.84,Crítico
83.83,60.73,63.41,2.46,88.83,50.97,Normal
66.7,71.88,82.27,3.13,66.81,93.91,Crítico
51.71,74.44,87.91,3.51,72.35,96.72,Alerta
66.78,68.32,77.44,4.33,82.16,86.84,Alerta
101.84,40.37,45.44,1.68,86.53,56.69,Normal
71.37,77.29,72.8,3.44,68.19,93.93,Alerta
95.29,55.75,56.88,2.61,89.61,52.89,Alerta
99.81,52.44,68.4,2.8,87.55,45.17,Normal
55.29,71.9,80.3,3.62,61.77,97.36,Alerta
80.07,43.15,56.73,2.77,79.35,64.68,Normal
89.87,40.29,55.96,2.11,95.46,73.66,Normal
51.68,71.79,83.53,4.61,68.89,85.18,Alerta
67.56,41.86,87.58,4.61,60.89,88.6,Alerta
90.59,71.24,56.67,1.87,93.63,73.61,Normal
94.33,41.5,69.31,1.39,87.76,79.43,Normal
25.19,109.1,99.25,9.37,53.38,36.67,Crítico
38.65,91.29,102.46,11.23,52.72,59.45,Crítico
55.7,66.96,91.24,3.84,65.75,92.76,Alerta
74.42,40.82,59.84,2.05,81.02,72.65,Normal
72.01,54.5,52.29,1.1,82.76,79.75,Normal
89.22,55.94,62.2,2.7,79.11,68.55,Normal
55.76,41.1,59.03,2.74,84.62,41.62,Normal
57.35,69.14,91.5,4.02,73.69,98.15,Alerta
94.56,60.13,45.32,2.1,88.47,66.47,Normal
77.22,49.73,55.73,1.06,82.06,60.78,Normal
38.57,101.43,95.96,1.3,29.54,114.1,Crítico
97.11,59.56,67.03,1.2,70.75,42.37,Normal
74.75,63.87,58.1,1.99,86.06,71.48,Normal
64.56,72.76,74.19,5.32,60.28,81.6,Alerta
93.63,108.55,114.63,6.92,45.46,108.17,Crítico
104.96,57.01,50.56,1.88,80.36,42.18,Normal
94.46,63.2,68.65,1.65,96.47,50.65,Normal
77.98,44.21,52.82,1.62,92.15,74.06,Normal
59.79,69.73,92.5,4.45,70.81,94.93,Alerta
95.83,41.19,61.4,2.24,98.43,51.23,Alerta
53.94,58.34,92.38,5.65,68.9,99.56,Alerta
74.04,75.62,81.18,3.24,64.42,91.51,Alerta
56.37,71.02,92.6,5.46,62.63,85.8,Alerta
63.11,75.86,90.9,4.46,63.32,95.62,Alerta
109.47,45.44,63.99,1.28,81.69,53.48,Normal
56.52,74.11,76.36,4.2,64.69,96.3,Alerta
101.29,49.15,68.75,2.23,93.19,78.57,Normal
73.16,56.55,53.34,5.83,94.83,59.85,Normal
85.09,41.23,51.64,2.35,77.33,45.61,Normal
27.41,92.94,116.07,9.79,31.99,122.33,Crítico
85.24,48.58,54.97,2.6,85.78,70.65,Normal
39.17,101.26,111.14,10.79,39.21,138.49,Crítico
64.02,74.8,83.47,3.4,86.5,84.83,Alerta
61.54,72.79,47.29,3.58,69.5,95.15,Alerta
22.58,47.08,111.09,7.54,31.02,131.24,Crítico
53.62,76.41,93.25,3.8,60.49,89.2,Alerta
100.58,60.82,45.41,1.49,98.54,45.69,Normal
95.45,57.57,90.43,2.6,92.48,58.11,Normal
81.85,63.73,65.51,1.48,78.32,64.97,Normal
79.68,47.52,55.43,2.22,79.76,77.2,Normal
70.31,64.46,67.28,2.1,78.98,67.98,Normal
22.49,83.93,97.75,9.55,32.97,48.66,Crítico
109.06,41.27,48.52,1.63,97.13,42.6,Normal
79.27,49.91,61.17,2.7,91.66,44.82,Normal
60.52,75.95,74.27,3.83,64.71,87.08,Alerta
59.59,71.14,74.57,5.32,64.05,95.15,Alerta
80.61,49.09,52.07,2.16,95.69,47.01,Normal
99.64,43.53,67.2,1.13,80.24,79.72,Normal
105.12,51.01,65.74,2.56,93.85,62.07,Normal
75.57,41.97,66.59,1.07,82.83,48.84,Alerta
82.16,52.31,67.25,1.83,76.85,79.52,Normal
59.87,74.46,74.37,5.02,73.86,87.07,Alerta
67.34,66.28,74.91,5.15,69.42,84.02,Alerta
26.91,82.95,97.77,9.61,28.74,14.66,Crítico
58.5,40.16,92.85,5.72,68.02,92.7,Alerta
78.2,46.15,48.82,1.72,81.1,76.02,Normal
86.48,54.77,49.24,2.01,87.08,65.2,Normal
102.85,45.36,64.59,1.99,87.93,60.0,Normal
53.48,73.33,84.28,5.66,62.98,90.78,Alerta
44.24,62.94,114.5,8.51,29.89,108.61,Crítico
57.17,68.71,82.21,4.2,60.07,83.9,Alerta
26.69,103.18,109.19,11.18,32.78,128.34,Crítico
50.77,71.48,77.78,5.25,64.51,93.24,Crítico
51.77,78.23,88.87,4.05,65.84,86.36,Alerta
99.15,56.52,52.88,1.5,89.27,73.05,Normal
26.36,86.23,106.31,6.16,24.88,123.04,Crítico
109.79,50.38,55.07,2.67,80.17,70.22,Normal
108.52,60.22,67.53,2.2,83.66,42.2,Normal
47.63,107.51,95.13,5.09,50.1,108.46,Crítico
41.34,106.0,105.1,10.26,40.16,101.15,Crítico
49.83,86.34,119.21,10.58,54.27,128.62,Alerta
29.13,103.68,105.21,6.57,21.85,36.56,Crítico
102.34,50.27,48.42,1.96,76.68,54.75,Normal
56.43,72.34,81.9,2.0,62.27,86.13,Alerta
82.55,51.7,55.77,2.72,82.9,40.65,Normal
30.9,101.64,117.33,11.25,40.62,103.07,Crítico
89.82,40.35,50.35,1.6,76.96,69.88,Normal
74.86,53.01,61.42,1.95,94.88,60.45,Alerta
97.0,42.56,68.54,2.76,81.77,79.68,Normal
75.16,49.37,67.39,1.71,84.36,52.62,Normal
45.19,108.74,112.85,8.01,44.49,121.84,Crítico
54.95,67.84,78.94,4.54,63.8,86.24,Alerta
57.09,79.38,78.63,4.42,61.19,99.77,Crítico
22.3,83.43,111.96,8.66,44.28,23.81,Crítico
44.1,96.3,112.31,7.88,52.66,103.17,Crítico
25.89,98.72,99.87,7.68,34.69,136.69,Alerta
65.76,68.79,82.04,3.04,66.34,95.99,Alerta
54.65,69.99,83.74,5.88,64.11,92.4,Crítico
26.57,106.73,112.48,6.61,43.95,114.96,Alerta
59.82,67.66,94.84,2.42,73.94,85.8,Alerta
21.88,100.85,110.79,7.9,90.58,100.26,Crítico
47.15,84.84,104.99,2.59,23.31,20.47,Alerta
64.39,69.92,78.55,4.51,93.79,88.39,Alerta
89.51,54.84,63.97,2.06,80.78,59.94,Alerta
103.16,46.95,74.8,1.87,78.81,48.53,Normal
105.09,64.3,65.58,2.15,76.62,68.26,Normal
89.38,49.34,58.82,1.79,99.19,63.47,Normal
59.78,71.71,72.46,3.81,65.57,81.51,Alerta
54.09,77.06,90.34,2.01,64.63,81.2,Alerta
68.79,76.97,80.17,3.36,66.08,86.59,Alerta
97.04,54.27,49.23,2.62,78.55,69.2,Normal
59.04,75.08,81.05,4.77,67.65,96.03,Alerta
46.22,89.48,119.47,9.7,31.62,14.82,Crítico
74.23,40.32,63.09,2.34,94.78,61.91,Normal
24.41,96.43,101.1,7.69,26.84,112.44,Crítico
83.62,41.64,63.59,4.91,78.8,76.31,Normal
65.93,70.96,79.35,5.0,73.45,85.58,Alerta
32.47,109.18,97.03,9.84,53.32,13.07,Crítico
98.64,47.24,48.78,2.26,99.84,48.79,Normal
87.13,59.95,49.0,2.45,88.14,55.07,Normal
98.97,58.72,66.82,2.17,91.38,40.34,Normal
31.34,100.47,114.58,6.66,43.32,120.25,Crítico
91.57,61.04,62.25,2.73,95.0,55.38,Normal
28.79,92.77,111.56,9.35,42.23,27.71,Alerta
101.99,56.2,45.63,1.76,83.06,43.9,Normal
56.43,74.18,73.08,4.0,72.81,85.47,Normal
97.9,47.12,46.89,1.61,91.01,44.4,Normal
81.4,58.69,47.48,1.1,65.42,59.7,Normal
78.75,51.29,45.46,1.59,78.63,74.2,Normal
59.17,66.63,75.09,4.28,62.76,87.02,Alerta
82.22,50.4,68.16,2.71,64.84,73.11,Normal
43.71,103.78,101.06,6.71,30.08,24.94,Crítico
52.88,76.96,80.07,4.1,70.01,65.08,Alerta
53.17,77.06,80.26,5.63,60.95,85.78,Alerta
72.02,55.23,61.16,1.7,91.39,60.39,Normal
66.39,70.1,73.17,4.64,84.17,89.92,Alerta
51.19,68.55,79.79,3.71,67.2,90.96,Alerta
61.56,75.84,71.82,4.0,61.41,99.42,Alerta
97.1,50.36,48.77,1.22,76.91,77.33,Alerta
102.16,61.0,60.97,2.43,99.9,47.3,Normal
53.98,70.26,77.76,4.97,61.95,94.16,Alerta
106.07,52.05,59.04,1.78,97.96,96.36,Normal
56.79,70.66,46.72,3.05,65.82,82.49,Alerta
84.12,45.53,49.53,2.34,94.77,76.96,Normal
56.86,78.86,85.98,4.27,63.57,81.19,Alerta
94.68,47.44,68.97,2.43,75.88,76.39,Normal
62.51,53.38,89.3,5.54,65.32,85.6,Alerta
103.07,50.7,57.26,3.96,84.3,52.53,Normal
81.2,62.79,46.78,1.21,82.9,50.93,Normal
51.68,74.04,47.91,4.61,68.06,95.16,Crítico
54.48,72.63,76.34,3.88,67.24,93.58,Alerta
95.12,60.53,48.5,1.49,97.63,59.14,Normal
64.42,72.22,83.75,3.69,61.57,96.61,Alerta
27.1,85.62,117.17,11.16,30.83,116.56,Crítico
92.13,44.78,45.12,3.48,90.94,55.59,Normal
98.11,49.66,54.08,1.99,95.33,71.14,Normal
40.59,83.8,119.07,7.38,26.67,127.38,Crítico
62.26,68.61,84.33,5.48,71.52,81.03,Alerta
70.65,53.81,52.72,2.11,81.84,66.44,Normal
84.22,48.0,62.3,2.68,77.54,54.01,Normal
43.3,98.71,103.11,6.29,45.17,111.84,Crítico
21.32,90.69,109.69,8.49,39.44,15.1,Crítico
92.8,50.43,66.83,2.44,89.34,41.97,Normal
84.84,63.51,55.71,1.66,83.01,79.2,Normal
43.49,97.77,119.67,10.04,27.7,69.21,Alerta
84.53,56.53,53.63,2.48,99.27,73.06,Normal
95.37,44.25,48.62,2.22,89.85,46.28,Normal
53.1,69.99,75.22,3.55,61.62,86.68,Alerta
96.17,59.63,53.91,1.98,87.79,56.09,Alerta
75.89,40.56,66.53,2.62,86.9,61.7,Normal
71.97,53.35,65.69,1.33,92.52,78.27,Normal
44.05,88.85,76.49,6.63,21.12,115.59,Crítico
63.3,79.63,75.13,4.22,63.9,87.14,Alerta
55.64,73.74,94.57,5.84,71.48,98.7,Alerta
51.33,66.14,71.84,4.53,70.75,92.48,Alerta
81.07,52.6,64.13,1.9,96.0,84.89,Normal
61.1,67.53,88.42,5.22,61.35,93.75,Alerta
85.34,52.99,56.89,1.96,89.09,60.14,Normal
62.12,73.13,93.0,3.31,73.25,87.27,Alerta
56.31,76.32,91.31,5.64,69.35,97.58,Alerta
41.45,100.52,105.96,9.14,43.04,101.51,Crítico
68.52,57.32,46.24,2.3,95.93,48.56,Normal
102.2,44.27,57.73,1.26,82.86,40.9,Normal
62.2,73.05,74.16,3.67,64.01,86.15,Alerta
63.97,50.16,88.25,4.86,69.4,95.78,Alerta
108.2,51.24,58.28,1.45,93.63,44.08,Alerta
104.65,61.19,61.1,2.02,77.91,49.79,Alerta
90.42,45.09,54.85,2.37,84.43,73.04,Normal
54.47,74.0,80.43,3.94,73.52,95.17,Alerta
40.67,85.06,107.63,8.92,83.38,126.45,Crítico
82.0,54.98,64.36,1.47,76.44,87.0,Normal
79.83,54.0,46.58,2.03,81.22,78.37,Normal
28.58,108.72,95.14,8.94,24.02,33.43,Crítico
54.8,74.42,91.53,5.53,91.21,91.54,Alerta
65.55,68.12,86.8,3.56,61.47,86.78,Alerta
74.65,42.52,56.47,1.27,90.23,80.23,Alerta
53.26,73.96,77.88,3.85,73.89,97.77,Alerta
73.29,51.93,51.01,2.05,90.2,72.25,Normal
56.68,73.54,83.55,4.43,67.64,95.93,Alerta
36.34,95.62,104.72,1.65,53.37,132.63,Crítico
108.02,50.75,53.24,1.45,98.29,52.25,Normal
109.51,60.45,61.89,1.6,84.97,88.3,Normal
95.68,46.77,67.94,2.53,85.75,52.98,Alerta
65.05,72.06,87.07,3.97,60.23,88.43,Crítico
74.42,48.35,53.37,1.37,83.8,49.23,Normal
76.36,46.02,48.89,1.85,84.56,41.22,Normal
108.95,42.91,50.11,1.9,99.74,45.95,Normal
31.92,84.72,115.76,4.85,30.29,113.62,Crítico
64.56,74.31,93.35,5.8,60.07,82.53,Alerta
27.78,93.76,109.98,2.89,47.1,14.18,Crítico
78.56,48.7,48.85,1.19,77.45,75.81,Normal
48.04,89.42,97.62,11.11,54.8,138.32,Crítico
61.34,67.83,94.03,5.99,72.97,95.37,Normal
97.03,54.14,51.43,2.43,85.56,77.79,Normal
46.0,105.24,118.35,7.54,40.45,113.35,Crítico
63.75,70.08,85.92,4.26,61.13,85.7,Crítico
85.9,61.75,69.53,1.06,85.02,46.68,Normal
91.71,50.13,57.56,2.23,76.44,65.08,Alerta
52.6,70.72,90.29,3.48,70.78,93.26,Alerta
81.5,54.45,63.83,2.02,94.66,42.34,Normal
75.48,50.2,47.86,1.33,81.52,43.68,Normal
67.19,71.73,87.03,5.09,64.34,81.76,Alerta
64.89,76.16,72.36,5.07,63.88,96.38,Alerta
109.25,45.48,49.36,1.84,93.2,75.96,Normal
61.02,66.34,87.26,5.17,65.31,85.21,Normal
58.76,68.39,87.26,4.66,73.97,94.71,Alerta
55.7,78.45,79.33,5.01,60.67,94.56,Alerta
71.57,55.86,82.45,1.8,87.28,65.15,Normal
67.38,76.2,75.6,4.4,64.84,81.15,Alerta
95.99,59.4,64.86,2.07,79.86,71.2,Normal
66.9,74.87,72.23,4.88,71.11,81.22,Crítico
23.04,71.13,114.79,11.56,45.19,104.49,Crítico
102.18,61.81,51.92,2.21,79.73,72.01,Normal
102.95,41.7,50.02,1.91,89.39,67.95,Normal
106.98,67.29,76.42,4.78,64.21,84.54,Alerta
39.53,102.12,107.69,9.35,20.9,19.64,Alerta
63.83,76.48,88.51,5.57,63.37,85.23,Alerta
62.03,48.41,66.66,1.76,89.71,51.06,Normal
41.77,85.19,117.57,7.06,54.9,116.8,Crítico
94.43,58.54,55.69,1.8,77.87,62.16,Normal
109.87,41.13,63.63,1.09,97.74,68.43,Normal
71.57,41.92,58.41,2.01,84.1,50.31,Normal
64.25,41.19,48.65,1.86,87.5,60.86,Normal
32.43,100.76,113.61,10.08,53.13,12.06,Crítico
67.77,66.69,81.06,3.82,70.29,96.53,Alerta
87.35,44.04,62.62,1.01,76.57,73.53,Normal
81.93,60.5,47.76,2.66,81.5,63.33,Normal
23.17,91.6,103.56,7.94,37.32,15.72,Crítico
105.82,55.24,46.97,1.09,96.01,62.36,Normal
45.65,84.49,109.66,11.86,33.12,20.63,Crítico
38.36,91.78,106.71,9.81,56.09,101.25,Crítico
67.72,76.98,73.26,4.41,61.09,82.97,Alerta
74.7,52.66,56.56,1.59,65.31,60.46,Normal
61.82,46.56,63.02,2.01,89.93,76.14,Normal
56.36,72.99,94.13,4.03,68.89,92.1,Normal
62.76,73.44,87.39,4.93,62.18,86.27,Alerta
54.04,76.19,76.92,5.21,60.7,84.83,Alerta
56.93,66.15,71.94,5.31,68.3,98.56,Alerta
62.59,68.8,82.6,6.0,69.97,89.16,Alerta
97.24,62.21,57.66,1.69,75.98,77.28,Normal
75.04,52.83,45.24,2.35,97.42,65.77,Alerta
39.42,108.13,116.61,10.42,57.95,100.19,Crítico
62.72,70.09,93.19,5.42,67.15,83.73,Alerta
93.88,57.97,57.99,1.26,86.83,70.59,Alerta
104.01,56.73,45.2,2.65,82.8,47.8,Normal
21.98,88.09,106.32,10.94,59.5,132.94,Crítico
105.92,58.18,76.25,2.66,78.52,78.85,Alerta
51.21,72.01,86.42,4.47,68.09,88.91,Alerta
49.58,93.87,113.6,9.06,40.32,135.52,Crítico
107.8,49.66,56.61,1.33,78.86,63.02,Normal
76.06,56.59,49.3,1.08,99.19,40.46,Alerta
87.96,60.27,66.54,5.53,91.33,63.18,Normal
54.74,69.96,94.17,4.27,69.13,91.88,Alerta
63.56,68.55,73.01,5.04,63.6,93.08,Alerta
101.02,42.27,51.83,3.02,85.42,72.95,Normal
52.35,69.69,94.46,4.38,70.49,95.74,Alerta
68.67,72.15,88.38,5.74,71.97,90.42,Alerta
85.86,60.55,52.42,5.72,75.33,48.42,Normal
21.51,101.42,105.84,4.71,47.09,102.28,Alerta
91.77,49.58,68.86,2.5,81.87,60.42,Normal
29.61,89.78,105.15,10.95,23.02,128.73,Alerta
93.96,63.72,49.86,2.56,83.36,61.83,Normal
23.12,90.01,116.74,3.44,33.78,137.79,Crítico
92.35,78.1,93.35,5.65,61.19,96.86,Alerta
58.7,77.6,93.25,5.13,70.31,99.3,Alerta
67.11,78.87,76.06,3.32,68.28,53.51,Alerta
24.23,86.5,116.24,11.09,53.16,72.49,Crítico
58.71,79.0,90.11,5.61,71.24,98.02,Alerta
59.08,77.64,94.54,5.01,67.81,94.04,Crítico
57.06,77.55,84.41,3.9,73.87,96.11,Alerta
90.97,73.2,87.16,5.5,63.22,98.0,Alerta
36.9,105.74,117.17,10.54,95.12,130.17,Crítico
23.27,101.08,98.15,8.82,52.88,36.65,Alerta
93.02,42.65,50.32,2.56,84.98,68.81,Normal
102.2,52.79,56.3,1.87,79.53,77.41,Normal
56.87,67.62,85.07,3.93,70.89,87.53,Crítico
74.03,49.61,54.13,1.34,77.79,63.18,Normal
89.93,73.06,47.34,2.58,93.67,58.97,Normal
94.5,52.41,51.32,2.18,97.38,68.31,Normal
51.96,74.12,74.78,5.02,71.7,97.37,Normal
79.65,42.16,50.39,1.85,79.89,49.69,Normal
79.5,63.68,45.91,1.63,87.33,43.33,Normal
53.4,68.76,91.59,3.02,70.9,83.99,Alerta
103.1,45.69,45.04,2.72,86.47,64.4,Normal
58.19,67.2,89.02,5.47,70.24,96.09,Alerta
62.69,77.98,79.06,3.82,63.22,87.43,Alerta
86.88,51.35,53.43,1.41,94.48,45.84,Normal
74.61,51.34,89.33,1.73,89.08,74.75,Normal
53.77,79.43,80.95,4.25,63.73,89.34,Crítico
64.08,69.64,50.96,3.85,65.98,84.01,Alerta
92.94,48.13,59.5,2.37,80.37,52.51,Normal
65.52,67.27,88.85,5.72,73.32,84.97,Alerta
49.68,83.59,71.14,6.45,58.72,127.72,Crítico
100.05,45.53,65.7,1.5,94.89,73.13,Normal
78.23,71.7,91.57,5.75,68.35,99.14,Alerta
39.77,106.37,95.3,7.47,49.7,26.64,Crítico
86.3,93.08,108.59,7.09,49.22,19.23,Crítico
35.94,88.27,108.08,9.24,30.03,112.69,Crítico
54.44,73.58,78.41,3.62,64.34,94.3,Alerta
109.25,55.65,62.95,2.18,89.36,47.44,Alerta
61.78,75.1,75.28,3.83,68.59,94.48,Alerta
65.77,69.87,68.99,3.03,63.81,97.33,Alerta
33.79,105.86,119.7,7.71,22.99,34.08,Crítico
71.66,41.46,68.55,1.44,75.07,50.05,Normal
62.5,70.79,82.58,4.21,70.21,86.58,Normal
107.63,100.19,96.59,6.93,34.69,112.27,Crítico
33.16,107.86,101.97,10.86,29.8,34.63,Crítico
24.48,85.94,117.15,10.94,56.39,76.22,Crítico
76.55,98.27,95.24,11.46,39.2,10.09,Crítico
55.65,78.66,77.51,3.07,70.45,84.29,Alerta
48.07,98.87,114.87,8.63,58.63,126.42,Crítico
71.02,50.39,67.76,1.83,75.34,69.14,Normal
71.47,52.19,59.98,2.47,92.77,68.0,Normal
95.77,46.57,89.53,1.19,75.67,51.8,Alerta
51.71,71.24,78.65,4.97,60.32,98.17,Alerta
79.57,47.28,52.79,1.79,88.01,66.33,Normal
59.92,75.56,78.52,4.05,72.57,92.25,Alerta
68.41,79.8,89.22,5.79,61.28,88.62,Alerta
70.52,50.43,66.37,2.04,75.95,73.77,Alerta
37.83,99.68,107.13,6.28,43.97,106.13,Alerta
109.2,49.06,69.77,1.72,80.62,72.85,Normal
94.26,64.42,48.99,1.88,96.69,61.04,Normal
103.68,59.85,65.53,1.52,89.93,64.13,Normal
91.3,52.61,50.27,4.64,84.36,77.06,Normal
74.69,55.57,52.34,1.83,86.13,45.03,Normal
62.97,69.63,75.45,3.07,65.18,94.79,Alerta
105.71,55.57,55.29,2.02,98.39,45.25,Normal
105.81,54.56,63.56,1.84,92.11,60.41,Normal
28.51,94.98,119.65,11.4,26.48,39.39,Crítico
53.95,73.95,71.06,5.66,70.76,95.34,Alerta
65.25,53.67,48.95,1.3,91.06,66.16,Normal
95.34,48.15,56.86,1.81,63.17,56.05,Normal
102.63,49.94,62.07,1.8,90.93,56.04,Normal
103.79,58.51,87.77,1.36,83.81,70.85,Normal
39.33,98.73,119.67,9.9,40.26,118.11,Crítico
57.77,67.76,91.19,4.24,69.48,90.97,Alerta
100.08,45.66,52.68,1.01,81.63,63.86,Normal
76.25,46.46,52.6,2.63,83.12,47.56,Alerta
90.62,63.53,60.68,2.29,97.0,43.93,Normal
43.49,93.32,96.93,7.51,36.57,30.61,Crítico
51.67,69.13,84.1,3.56,66.62,83.88,Alerta
75.27,43.3,60.45,1.87,89.87,74.0,Normal
65.28,75.89,89.79,3.4,62.66,95.29,Alerta
50.78,76.26,63.29,3.82,66.69,91.4,Crítico
66.48,96.09,105.92,8.29,24.56,123.89,Alerta
62.7,70.32,77.25,5.09,72.78,41.24,Alerta
47.84,93.5,113.36,9.76,86.87,28.62,Crítico
65.28,66.08,87.39,5.59,60.03,95.38,Alerta
47.99,80.99,109.52,9.32,27.31,128.67,Crítico
78.83,50.26,65.01,1.99,91.29,71.78,Normal
96.25,62.73,45.37,1.56,90.24,63.7,Normal
96.29,56.06,64.84,2.65,86.42,63.25,Normal
71.35,46.45,56.15,1.68,98.01,64.35,Normal
29.77,88.98,98.11,11.89,53.87,125.5,Crítico
36.48,103.53,111.96,9.48,48.81,136.94,Alerta
37.12,106.65,112.98,10.64,58.11,25.53,Crítico
29.57,46.74,114.96,7.86,54.33,12.63,Crítico
52.01,79.65,85.74,5.48,66.61,97.99,Alerta
51.21,79.26,78.66,4.43,90.36,97.21,Alerta
107.15,59.57,61.92,1.5,78.14,45.37,Normal
99.69,55.49,52.78,1.9,92.26,75.21,Normal
38.88,89.57,97.74,2.51,38.63,104.51,Alerta
30.59,89.88,111.93,9.03,42.55,33.13,Crítico
65.89,70.26,71.68,5.26,78.08,83.29,Alerta
27.0,93.08,95.54,9.23,28.37,38.25,Alerta
25.11,104.67,112.12,11.07,56.3,101.05,Crítico
53.72,70.08,81.75,2.94,67.8,91.52,Normal
93.1,60.89,49.43,2.34,89.79,57.77,Normal
79.98,53.85,64.34,1.81,94.85,52.23,Normal
25.1,101.15,109.14,2.88,44.78,32.8,Crítico
48.01,104.58,71.94,6.17,29.69,116.13,Crítico
71.89,63.7,49.64,2.25,97.36,47.95,Normal
51.95,69.63,85.95,5.78,67.06,86.89,Alerta
55.43,71.9,85.54,4.74,65.18,87.0,Alerta
74.54,42.81,68.83,2.16,94.7,50.41,Alerta
97.33,53.79,66.54,1.74,84.42,48.93,Normal
73.81,49.4,45.24,2.55,81.59,79.92,Normal
93.74,79.67,93.3,3.42,63.13,85.0,Alerta
103.57,47.83,51.75,1.08,87.59,68.61,Normal
92.17,45.74,46.63,1.51,88.68,69.89,Normal
107.87,53.18,49.33,1.82,93.32,57.92,Normal
105.61,62.04,72.2,2.1,99.57,41.22,Normal
62.34,74.63,80.44,5.87,77.98,91.35,Alerta
51.83,77.42,93.34,4.95,68.61,95.36,Alerta
96.64,63.29,47.78,1.77,85.91,66.62,Alerta
29.17,98.84,106.97,9.32,30.97,101.65,Crítico
55.0,66.3,94.61,4.57,69.36,85.23,Alerta
25.97,81.62,115.48,7.95,55.02,33.86,Crítico
62.36,68.73,94.16,5.61,62.58,94.09,Alerta
95.38,41.09,84.98,1.42,90.27,52.45,Normal
30.09,80.95,112.15,7.05,24.57,139.28,Crítico
53.02,78.1,88.88,5.16,78.1,88.75,Alerta
109.45,55.79,45.88,2.54,82.24,66.79,Normal
59.92,71.42,81.8,5.78,69.23,89.14,Normal
106.59,56.77,59.37,2.62,83.36,70.34,Normal
101.16,47.05,59.9,2.52,90.98,69.2,Normal
90.31,58.59,54.57,5.75,91.2,51.85,Alerta
56.51,69.71,89.91,3.25,65.27,92.95,Alerta
20.78,104.19,112.2,8.53,53.73,21.98,Crítico
72.79,62.17,66.99,1.43,87.23,60.12,Normal
33.07,99.19,102.15,9.45,28.35,107.4,Crítico
58.09,66.35,81.18,3.93,67.17,90.85,Alerta
36.68,88.29,118.09,11.1,57.75,114.62,Crítico
100.03,49.86,57.57,1.95,95.97,43.18,Normal
55.53,46.26,69.0,2.67,99.52,47.39,Normal
66.35,67.74,90.71,3.68,69.07,95.0,Alerta
56.5,69.67,92.81,3.32,69.49,92.87,Crítico
37.86,100.63,101.08,7.36,50.58,125.08,Crítico
70.39,57.84,45.21,1.83,96.14,56.86,Normal
21.28,107.64,106.1,9.24,52.34,31.05,Crítico
72.31,56.27,62.37,1.58,99.42,89.8,Normal
109.91,46.05,52.45,2.54,91.36,41.11,Normal
75.12,49.17,59.72,2.07,92.33,46.47,Normal
28.98,91.07,103.12,6.8,36.12,100.92,Crítico
71.36,42.24,68.83,2.74,98.6,46.29,Alerta
52.61,74.78,79.68,5.38,71.88,96.98,Alerta
77.28,63.77,56.06,1.36,99.22,48.12,Normal
74.53,83.43,109.43,11.6,42.31,10.55,Crítico
109.72,50.23,55.89,1.15,95.17,72.17,Normal
79.89,45.58,52.18,2.58,86.23,58.92,Normal
47.56,86.43,115.94,6.17,23.17,11.95,Alerta
82.13,61.62,59.51,1.04,91.77,42.72,Normal
48.78,93.64,98.01,7.62,59.3,116.35,Crítico
81.48,43.55,47.15,2.17,89.65,54.01,Normal
70.35,56.01,60.4,2.59,91.35,57.35,Alerta
97.33,46.46,64.42,2.69,92.49,64.42,Normal
66.36,71.56,72.62,3.48,62.97,83.15,Alerta
66.82,66.34,86.35,3.14,64.8,65.7,Alerta
67.45,74.26,90.65,5.31,61.82,93.14,Alerta
21.44,95.74,114.75,7.98,37.17,139.55,Alerta
100.46,42.21,47.07,2.76,66.33,41.02,Normal
63.07,67.95,82.24,3.69,69.71,97.62,Alerta
77.28,45.83,63.84,2.67,97.42,53.98,Alerta
85.37,52.91,69.56,1.97,92.93,48.56,Alerta
62.7,70.89,63.07,4.11,72.8,83.25,Alerta
62.68,69.85,72.76,4.3,93.92,98.67,Alerta
50.55,73.94,91.99,3.8,64.21,90.0,Alerta
94.25,56.24,60.31,1.54,76.57,67.61,Normal
65.45,79.84,71.65,3.81,71.04,90.18,Alerta
73.24,53.49,53.1,2.63,86.01,72.65,Normal
42.86,89.48,95.35,3.65,31.12,130.66,Crítico
90.55,61.11,67.56,1.78,97.32,45.82,Normal
89.17,74.21,91.3,5.01,71.29,96.56,Alerta
21.15,87.28,119.71,6.6,38.83,131.57,Crítico
82.92,55.15,46.6,5.92,94.24,49.8,Normal
95.19,47.77,50.12,2.69,90.0,75.52,Normal
83.42,43.22,91.87,1.78,89.74,40.64,Normal
70.52,43.15,63.96,1.48,83.3,59.87,Normal
105.83,59.84,49.66,1.55,91.48,46.66,Normal
61.69,66.51,84.96,4.8,72.01,81.5,Alerta
58.06,69.98,89.45,3.93,67.64,99.36,Alerta
56.98,73.96,79.17,3.5,72.81,93.52,Alerta
26.51,106.26,115.19,7.04,26.59,120.11,Alerta
87.97,43.0,65.56,2.32,94.42,77.33,Normal
76.51,50.79,46.39,1.48,86.82,72.82,Normal
71.58,61.33,53.77,2.53,86.42,43.52,Normal
78.14,58.22,50.4,2.03,80.38,50.87,Normal
67.44,77.04,89.91,5.53,63.99,81.47,Alerta
57.87,76.93,78.19,4.4,63.15,57.48,Alerta
62.69,70.34,94.64,3.01,70.15,84.96,Normal
29.58,93.25,115.53,6.65,43.56,28.66,Crítico
88.16,61.84,68.6,2.29,87.38,65.89,Normal
43.1,89.74,98.78,7.74,56.59,139.25,Crítico
53.45,72.6,93.33,3.58,62.24,86.47,Alerta
72.92,58.02,67.55,1.16,92.82,74.84,Alerta
95.31,52.22,57.25,2.34,96.43,49.99,Normal
82.31,51.59,65.94,1.66,93.44,43.85,Normal
58.51,76.65,82.83,5.38,67.82,89.34,Alerta
63.1,69.8,89.22,1.76,68.65,90.48,Alerta
68.45,70.22,83.36,4.84,62.67,85.42,Crítico
101.45,51.18,69.9,2.0,97.83,55.31,Normal
62.88,42.2,61.69,2.14,76.55,40.51,Normal
32.1,109.94,114.0,6.25,25.68,136.05,Crítico
94.34,75.11,77.82,4.83,63.72,82.84,Alerta
89.91,40.46,74.18,2.4,90.6,49.63,Normal
56.02,69.18,85.39,3.59,83.72,94.12,Alerta
92.31,46.7,45.39,1.97,84.61,89.55,Normal
108.69,57.89,55.79,1.48,80.7,51.62,Normal
72.09,59.82,69.36,1.04,95.06,53.36,Normal
21.01,82.56,119.25,6.83,20.04,30.32,Crítico
21.88,105.42,95.43,7.09,55.17,12.63,Crítico
41.02,87.85,103.64,11.74,41.54,38.94,Crítico
55.13,71.24,89.57,3.25,69.58,91.7,Alerta
108.92,54.58,62.67,5.63,80.7,59.1,Normal
71.58,52.55,51.34,2.78,76.8,62.18,Normal
62.92,72.04,93.65,3.17,63.24,94.25,Alerta
72.59,55.95,50.97,2.43,82.02,68.26,Normal
95.04,44.02,62.81,2.55,100.0,67.29,Normal
51.88,69.59,90.84,5.1,67.94,58.46,Alerta
96.55,41.49,65.99,2.58,82.28,61.65,Normal
90.51,52.54,47.64,2.5,79.24,73.05,Alerta
93.25,50.14,56.95,4.68,91.58,61.46,Normal
96.21,60.06,45.45,1.91,95.81,97.16,Alerta
59.66,79.95,88.58,5.97,69.17,81.8,Alerta
102.98,43.5,62.41,2.2,84.7,61.96,Normal
81.81,105.7,115.81,10.18,48.61,13.94,Crítico
50.84,73.54,80.97,4.94,64.82,90.18,Alerta
99.93,64.73,66.45,1.75,79.56,54.01,Normal
59.78,78.31,92.69,4.34,68.44,97.22,Alerta
98.52,56.68,62.97,1.82,83.9,61.08,Normal
67.51,77.25,88.36,4.32,66.38,99.66,Alerta
59.87,71.77,70.62,3.51,63.03,85.08,Alerta
66.42,71.2,76.67,4.42,67.29,97.47,Alerta
86.93,44.53,55.94,1.82,91.04,58.11,Alerta
38.3,82.26,111.64,10.01,30.76,28.07,Crítico
98.99,61.84,51.37,2.46,80.09,43.65,Normal
51.22,73.03,81.68,5.3,65.96,97.68,Normal
90.7,41.26,52.86,1.04,94.62,47.22,Normal
45.23,90.63,99.5,6.28,43.99,22.48,Crítico
99.64,49.93,88.07,1.66,75.01,69.91,Alerta
108.51,64.05,46.34,1.02,98.73,76.79,Normal
88.31,54.8,67.93,2.79,85.87,69.6,Normal
108.83,41.34,69.75,1.65,85.4,55.82,Normal
53.62,78.93,92.12,3.42,64.19,95.11,Alerta
108.81,57.73,63.2,2.44,94.08,78.08,Normal
86.3,46.31,93.33,1.89,86.18,62.35,Normal
54.03,72.06,78.92,4.97,66.85,97.81,Alerta
67.85,66.1,78.35,4.39,64.2,92.53,Crítico
99.95,54.52,48.85,1.53,92.45,45.91,Alerta
66.08,75.12,88.16,3.77,72.04,96.46,Alerta
99.52,64.1,45.11,2.59,96.02,49.45,Normal
27.92,100.39,119.64,9.2,21.24,104.0,Crítico
59.25,75.49,92.64,2.23,62.74,95.52,Alerta
37.13,106.78,106.71,11.06,28.83,138.59,Crítico
52.61,78.32,81.32,4.42,73.59,91.71,Alerta
71.61,58.41,68.27,1.38,76.03,79.18,Normal
95.56,46.71,45.19,4.57,88.96,44.67,Normal
22.01,97.06,74.43,8.95,25.42,29.05,Crítico
97.7,49.23,46.36,2.01,86.41,56.27,Normal
63.35,67.5,78.76,4.43,65.88,82.08,Alerta
87.08,43.4,60.07,2.25,81.97,48.66,Normal
80.09,48.18,48.0,3.24,97.4,54.28,Normal
35.88,93.74,114.3,9.79,53.19,12.02,Alerta
65.02,77.3,75.69,5.32,73.81,87.9,Alerta
43.27,87.9,101.63,10.98,52.65,112.89,Crítico
41.07,91.45,101.16,11.83,23.56,104.42,Crítico
85.05,53.62,56.9,1.79,87.72,40.22,Alerta
57.57,69.3,76.56,3.31,70.66,85.91,Normal
83.06,45.19,66.99,1.33,82.39,51.22,Normal
64.31,76.86,74.48,5.24,66.52,94.65,Alerta
56.07,76.49,82.74,4.18,73.6,87.71,Alerta
73.69,44.45,65.19,1.17,76.85,54.48,Normal
88.23,77.0,79.62,5.35,70.51,83.86,Alerta
95.73,45.68,67.19,1.09,82.6,66.66,Normal
68.93,57.62,85.34,3.01,63.63,92.95,Alerta
63.7,67.27,94.23,3.85,62.2,96.82,Alerta
23.65,86.76,105.43,7.03,46.17,12.04,Crítico
60.07,73.31,88.15,5.34,61.82,99.85,Alerta
39.74,98.53,110.1,8.72,39.48,74.89,Crítico
63.61,69.25,93.77,3.91,68.79,82.49,Alerta
53.2,47.34,93.26,3.62,73.68,96.47,Crítico
68.96,78.92,94.3,4.95,71.56,83.3,Alerta
52.32,72.13,77.39,5.6,70.8,99.47,Alerta
109.75,47.66,49.31,1.26,89.5,52.73,Normal
81.69,63.83,67.73,1.15,83.16,66.31,Normal
78.05,40.86,53.28,1.98,94.73,64.55,Normal
84.41,44.46,49.37,2.69,80.47,75.55,Alerta
83.46,54.11,49.14,1.74,85.17,72.1,Normal
28.78,84.96,117.9,10.71,38.14,35.02,Crítico
75.63,47.53,49.66,2.52,90.29,72.95,Normal
87.81,58.53,63.61,1.28,80.29,70.18,Normal
97.69,54.9,59.24,5.27,85.0,72.47,Alerta
89.02,55.35,58.78,2.77,83.47,67.06,Normal
80.87,63.95,52.72,2.39,76.68,48.49,Normal
108.2,44.84,64.75,2.45,89.13,51.62,Normal
74.7,63.35,57.63,1.31,88.09,69.65,Normal
52.94,76.95,87.45,3.1,60.94,63.03,Alerta
82.61,56.9,53.68,2.8,77.04,45.39,Normal
55.89,73.94,74.19,5.76,73.74,43.87,Alerta
95.01,48.27,46.39,1.39,75.88,74.05,Normal
85.85,63.76,53.59,2.74,90.45,78.3,Normal
102.06,53.34,56.33,2.23,96.82,78.26,Alerta
85.02,44.48,68.14,2.66,91.0,58.87,Normal
65.29,73.78,81.2,4.19,65.67,63.46,Alerta
107.27,57.43,61.49,5.95,95.85,73.09,Normal
103.15,44.12,50.11,2.61,93.67,74.15,Normal
50.14,76.9,71.45,3.95,73.43,84.37,Alerta
95.43,40.13,46.07,2.31,82.33,73.41,Normal
84.21,62.19,65.0,2.61,99.9,67.81,Normal
96.33,56.23,60.45,1.17,77.27,73.09,Normal
65.19,67.26,76.25,5.31,72.14,81.77,Alerta
87.7,49.86,67.88,1.66,94.22,71.55,Normal
77.19,49.88,53.74,1.78,91.86,52.59,Normal
30.73,90.65,99.36,4.81,57.78,123.06,Crítico
35.96,90.06,105.86,6.17,46.06,23.37,Crítico
76.89,57.06,60.24,2.52,87.37,73.5,Normal
93.94,48.69,56.41,1.16,76.65,70.28,Normal
52.59,68.87,90.18,5.99,67.48,82.6,Normal
27.62,94.84,113.67,11.7,25.66,37.38,Crítico
63.17,70.39,81.7,4.0,61.77,86.91,Alerta
88.43,55.77,63.09,2.17,76.93,50.57,Normal
93.74,40.67,67.29,2.46,76.59,77.59,Alerta
65.34,68.84,78.28,4.47,69.27,82.43,Alerta
96.47,74.28,92.82,3.09,65.41,90.39,Alerta
37.13,84.78,106.25,6.62,40.28,126.42,Crítico
67.35,69.39,85.5,4.7,60.74,83.7,Normal
61.0,78.05,92.04,5.64,68.41,86.01,Alerta
59.5,77.96,89.71,3.2,65.79,94.94,Alerta
103.49,47.37,50.87,1.67,97.11,73.07,Normal
58.77,78.7,89.82,5.53,70.44,40.54,Alerta
60.89,78.31,84.68,5.29,73.72,89.57,Alerta
77.17,56.37,67.72,1.53,78.16,52.45,Normal
25.0,101.62,113.0,3.72,42.73,105.24,Crítico
95.71,42.22,60.18,1.31,84.29,69.8,Normal
73.54,44.17,51.42,1.82,95.6,41.2,Normal
42.45,86.42,98.9,9.3,34.66,45.35,Crítico
66.92,74.1,80.65,4.89,72.78,84.85,Alerta
73.82,54.0,57.39,2.09,80.33,56.58,Normal
74.7,81.47,95.23,6.6,37.1,131.19,Crítico
75.04,46.33,69.1,1.12,78.42,53.98,Normal
83.5,60.45,47.98,1.77,83.61,41.9,Normal
68.43,67.06,89.53,4.02,84.94,83.58,Normal
96.05,58.25,54.42,1.99,91.57,55.79,Normal
92.27,56.98,52.45,2.42,88.08,56.95,Normal
52.52,75.41,91.1,2.93,62.72,94.95,Alerta
63.68,70.09,74.57,4.67,70.47,84.72,Normal
97.86,50.29,62.55,1.17,68.1,53.42,Normal
67.37,67.93,71.66,1.08,66.12,84.93,Alerta
34.44,85.14,107.53,1.2,22.81,106.54,Crítico
105.21,49.18,64.06,1.41,95.53,43.77,Normal
99.88,58.87,50.37,2.49,84.88,53.36,Normal
80.62,57.3,55.01,1.77,79.76,53.66,Normal
96.71,54.74,52.29,1.6,76.88,79.72,Normal
61.74,74.79,90.15,3.2,68.81,83.03,Alerta
58.54,69.29,73.81,5.52,65.9,92.54,Crítico
87.35,41.35,50.03,2.04,79.03,63.12,Normal
51.68,69.64,80.56,3.32,62.87,85.06,Alerta
100.63,43.35,55.47,1.93,97.42,76.61,Normal
61.77,66.64,72.84,4.84,73.27,81.7,Alerta
104.64,43.63,80.18,2.27,85.67,71.2,Normal
99.73,74.3,60.37,2.05,85.42,42.45,Normal
68.47,78.46,59.55,5.42,69.19,84.01,Alerta
80.89,58.32,49.8,1.06,77.63,59.28,Normal
106.3,46.15,55.79,1.69,86.76,94.05,Alerta
84.5,58.02,62.16,4.43,89.06,54.22,Normal
85.24,54.43,61.97,2.78,77.36,49.67,Alerta
108.8,56.16,66.84,1.66,78.31,48.27,Normal
55.56,77.41,76.13,5.44,61.24,82.72,Alerta
41.95,109.36,109.05,8.99,22.25,126.09,Alerta
96.38,43.96,52.43,1.23,99.92,78.13,Normal
105.79,53.11,57.72,2.65,96.87,64.07,Normal
79.04,53.84,52.12,1.67,91.38,40.32,Normal
52.46,79.5,72.35,4.7,69.76,87.28,Alerta
28.72,54.59,114.95,10.67,50.51,136.73,Alerta
109.77,42.23,46.9,1.47,82.15,45.63,Normal
97.76,56.31,68.98,4.67,97.35,67.82,Normal
30.08,85.93,111.75,11.97,27.43,60.41,Crítico
30.91,82.55,106.57,6.34,49.15,20.16,Crítico
62.63,77.91,72.76,5.82,69.1,83.02,Alerta
54.56,67.26,80.51,5.9,65.98,84.15,Alerta
84.84,56.88,65.67,1.43,91.12,71.4,Normal
86.45,42.6,61.96,1.66,97.21,55.77,Normal
88.41,43.28,65.14,1.19,77.9,70.97,Normal
27.05,89.07,113.28,4.15,51.53,17.44,Crítico
72.77,44.26,60.16,1.72,84.38,74.22,Normal
22.45,93.16,96.02,11.79,45.04,40.84,Crítico
27.61,97.88,110.92,9.79,95.56,37.36,Crítico
95.51,40.59,54.72,1.86,97.21,56.67,Normal
70.93,48.55,57.83,2.3,96.41,74.75,Normal
21.36,94.48,116.18,8.39,45.37,111.67,Alerta
103.18,54.14,57.28,1.24,76.47,59.12,Normal
41.4,101.07,95.88,8.68,37.35,25.9,Crítico
82.97,40.91,69.25,1.09,96.54,62.61,Normal
66.25,79.77,82.21,5.55,68.03,83.89,Alerta
64.14,70.19,82.74,3.98,67.56,62.77,Alerta
108.74,45.34,68.4,1.06,91.53,44.77,Alerta
88.33,40.87,48.59,2.34,86.53,55.31,Normal
79.81,50.16,57.13,2.03,66.57,56.65,Normal
85.86,47.87,47.76,1.98,77.74,55.42,Normal
57.2,73.01,82.48,4.58,65.66,85.87,Crítico
34.09,94.38,114.0,11.75,42.73,110.2,Crítico
82.25,53.18,46.6,1.65,76.54,42.99,Normal
28.35,106.69,95.64,10.46,25.25,27.82,Crítico
93.02,52.46,60.84,1.57,67.41,48.82,Normal
97.35,41.23,63.44,1.45,85.51,41.42,Normal
28.79,82.11,84.3,9.04,27.55,19.85,Crítico
69.37,44.17,56.86,1.7,98.53,72.7,Normal
66.45,67.97,94.08,4.31,73.29,81.34,Alerta
30.7,82.85,102.61,10.29,50.13,34.25,Alerta
60.16,74.0,90.54,4.31,62.35,90.39,Alerta
61.33,71.65,71.3,4.23,71.95,97.57,Alerta
83.8,52.97,60.79,1.84,92.38,61.64,Normal
104.51,62.03,52.17,2.34,76.34,49.98,Alerta
64.36,66.96,93.84,4.18,71.79,81.64,Normal
55.42,71.94,72.89,4.96,61.35,82.15,Alerta
81.24,41.38,46.49,2.62,75.68,64.89,Normal
71.56,40.29,62.25,2.24,84.23,58.72,Alerta
76.05,51.22,66.28,1.15,79.04,48.64,Normal
31.24,65.7,96.3,7.1,40.0,121.97,Crítico
75.1,46.43,55.84,1.41,90.41,48.7,Normal
52.27,68.76,75.63,3.99,66.04,83.65,Alerta
46.94,99.73,79.86,11.25,30.86,107.13,Alerta
72.28,56.4,60.03,1.21,84.7,47.73,Normal
75.45,46.59,47.28,2.44,88.53,52.74,Normal
57.17,68.1,88.68,3.41,69.89,82.63,Normal
73.11,59.49,60.14,2.43,98.51,53.84,Normal
55.24,70.44,76.11,2.99,64.22,95.99,Normal
56.88,75.6,82.61,5.11,70.09,77.49,Crítico
49.75,99.59,59.31,11.55,50.8,136.82,Crítico
77.95,63.34,69.56,1.39,96.37,53.97,Normal
101.6,43.29,45.92,2.11,83.78,78.68,Normal
51.8,69.16,71.94,2.96,69.26,88.22,Alerta
85.44,64.76,54.51,1.02,94.01,75.85,Alerta
30.77,89.76,105.62,11.47,50.98,22.34,Crítico
48.18,109.97,114.95,11.87,40.74,126.52,Crítico
66.33,45.2,54.29,1.98,76.5,62.92,Alerta
45.86,96.17,118.19,7.07,23.46,108.22,Crítico
90.11,62.48,57.98,2.37,91.0,78.0,Normal
74.65,43.8,62.2,2.29,80.32,59.88,Normal
93.32,41.3,62.37,1.67,95.88,73.62,Normal
34.09,96.2,104.73,8.67,23.52,55.42,Crítico
58.67,71.69,79.64,4.39,71.96,84.67,Alerta
70.43,51.09,59.76,1.51,89.41,76.6,Normal
34.5,108.1,95.52,10.31,43.12,135.5,Crítico
62.23,73.49,79.68,5.59,68.81,87.38,Alerta
90.01,56.07,45.48,1.41,92.45,43.44,Normal
65.88,72.6,89.38,4.71,68.69,99.33,Alerta
97.29,42.85,66.88,2.63,86.15,61.37,Normal
77.81,56.94,52.87,2.25,81.34,50.93,Normal
70.4,59.29,53.17,1.75,76.46,49.69,Alerta
83.67,63.46,57.13,1.17,77.98,40.53,Normal
93.85,48.9,45.06,1.38,96.1,75.05,Normal
20.48,80.82,100.22,8.4,58.54,37.21,Crítico
63.12,51.91,86.91,4.06,72.29,97.59,Alerta
63.62,75.63,52.55,3.81,68.18,94.3,Alerta
42.91,88.3,101.01,3.67,58.56,24.94,Crítico
37.92,100.63,63.54,11.51,54.93,114.41,Crítico
55.49,77.31,71.08,5.92,63.59,70.81,Alerta
24.2,89.71,118.89,9.33,59.4,27.78,Crítico
23.97,87.82,103.72,10.84,56.42,37.67,Crítico
77.63,59.06,58.92,1.52,84.52,57.6,Alerta
94.14,53.6,45.97,2.33,81.34,59.97,Normal
29.12,95.72,119.16,11.09,39.1,19.53,Crítico
84.34,52.09,46.42,1.14,94.66,54.06,Normal
65.57,78.73,88.88,4.33,67.36,88.28,Alerta
103.25,61.57,47.61,2.4,95.53,45.54,Normal
25.59,42.0,106.52,6.47,22.22,26.05,Crítico
85.88,54.11,61.43,1.37,98.85,74.9,Normal
49.48,98.34,106.36,9.5,34.94,104.27,Crítico
38.27,106.26,104.29,10.35,39.61,132.11,Alerta
43.76,104.96,104.29,11.18,58.23,44.63,Crítico
83.95,56.92,69.31,4.02,77.42,54.93,Normal
64.93,76.07,68.39,4.93,70.34,89.01,Alerta
88.48,64.98,62.9,1.61,80.47,90.25,Normal
72.84,55.15,54.73,1.4,85.21,43.22,Normal
88.61,61.8,62.98,1.48,94.05,46.27,Normal
103.32,54.46,48.07,2.04,91.42,65.85,Normal
50.52,74.01,91.27,4.11,67.41,92.37,Alerta
59.81,74.92,86.03,5.58,67.78,87.09,Alerta
23.7,106.23,116.73,4.27,40.75,113.41,Crítico
42.94,105.85,104.1,5.55,48.77,107.22,Crítico
76.08,45.54,48.01,1.55,78.77,57.33,Normal
99.78,88.75,113.66,9.94,54.94,12.47,Crítico
58.57,78.62,84.0,3.1,66.18,96.53,Alerta
59.96,79.81,54.25,3.18,68.83,86.93,Alerta
72.3,51.12,64.52,2.68,98.17,77.36,Alerta
84.88,61.7,61.16,1.52,81.81,57.47,Normal
106.55,57.42,54.1,2.21,78.94,59.11,Normal
82.17,41.04,45.17,1.92,93.55,75.49,Alerta
55.85,74.75,79.82,4.44,68.78,89.21,Alerta
104.0,63.64,56.71,1.04,94.81,67.34,Normal
98.53,62.07,59.57,2.28,82.06,68.63,Normal
87.62,48.49,48.03,1.41,97.6,64.05,Alerta
66.8,74.88,93.88,5.71,65.17,96.75,Crítico
65.81,67.56,71.42,5.51,77.31,91.97,Alerta
72.17,44.42,56.9,2.18,99.92,40.77,Alerta
105.32,63.46,56.14,2.16,85.77,44.49,Normal
53.75,79.56,75.87,3.1,72.71,98.82,Alerta
96.36,48.68,66.73,2.21,93.67,64.56,Normal
80.39,57.17,64.95,1.46,83.32,76.21,Normal
25.33,107.62,100.16,9.74,58.86,114.85,Crítico
65.2,75.96,72.51,3.11,64.05,81.85,Normal
80.96,60.28,53.46,2.6,97.32,70.68,Normal
90.52,84.8,95.42,8.7,32.66,12.16,Crítico
82.13,41.05,60.61,2.63,89.67,41.79,Normal
22.09,103.03,119.65,8.54,38.01,139.75,Alerta
57.94,76.81,81.81,5.65,73.51,86.63,Alerta
31.96,99.49,101.61,8.05,93.55,37.6,Crítico
68.0,71.71,72.79,2.99,91.26,94.0,Alerta
23.57,99.57,75.51,10.64,34.28,116.27,Crítico
78.79,65.43,67.89,1.48,98.3,74.95,Normal
61.2,89.18,117.56,7.22,47.27,28.2,Crítico
66.47,70.66,77.18,3.4,64.71,89.15,Alerta
74.82,59.01,50.29,1.71,77.67,70.02,Normal
60.39,67.29,79.94,5.47,61.18,90.27,Alerta
74.9,50.37,55.16,2.55,91.75,66.73,Alerta
100.48,43.36,67.83,5.5,80.56,79.19,Normal
30.94,41.26,111.02,10.14,20.53,11.09,Crítico
90.18,58.47,65.48,1.3,97.5,94.88,Normal
25.03,103.2,118.03,11.48,25.67,10.44,Alerta
108.49,67.85,49.04,2.49,99.49,70.4,Alerta
91.43,51.71,54.79,2.03,94.57,44.57,Normal
28.07,88.16,99.7,10.26,66.45,119.76,Alerta
38.81,99.86,103.15,7.23,22.25,74.07,Crítico
29.36,102.51,106.43,10.49,37.47,12.05,Alerta
34.81,104.21,109.24,10.05,56.42,134.96,Crítico
42.23,101.27,109.01,11.3,87.27,118.94,Crítico
63.29,77.96,88.35,3.42,68.83,95.44,Alerta
65.38,69.58,79.67,5.47,73.72,87.89,Crítico
108.16,64.46,50.35,1.98,94.82,78.88,Normal
89.5,45.21,88.41,2.29,94.99,67.33,Normal
55.63,76.44,82.45,1.93,62.25,83.72,Alerta
98.05,57.08,50.68,2.49,89.43,48.42,Alerta
53.5,69.84,87.37,5.97,98.78,81.16,Alerta
79.89,55.79,57.86,1.59,95.76,52.9,Normal
66.67,66.99,89.22,2.26,64.94,92.77,Alerta
54.71,69.28,86.14,4.31,65.62,96.84,Alerta
62.35,70.71,79.51,5.08,72.54,93.04,Alerta
53.37,66.52,91.78,4.06,64.95,93.77,Alerta
39.14,86.61,99.83,10.48,46.7,36.86,Crítico
66.52,73.56,81.58,4.15,62.42,85.24,Alerta
86.54,46.12,64.01,1.7,94.16,52.1,Alerta
90.66,52.32,56.75,2.59,78.18,68.97,Normal
66.43,66.45,94.36,5.93,62.17,90.79,Alerta
68.58,69.24,85.05,3.14,73.72,73.25,Alerta
67.53,66.56,89.23,5.92,69.03,99.84,Alerta
88.87,47.28,59.04,1.22,80.77,48.58,Normal
54.19,70.0,75.44,3.91,70.68,94.89,Alerta
105.88,59.35,66.32,1.65,86.34,74.41,Normal
83.6,53.14,58.92,1.96,94.58,68.22,Normal
31.97,88.23,113.53,10.19,31.2,127.09,Crítico
51.8,68.33,74.49,4.76,64.64,82.61,Alerta
76.0,59.82,55.79,2.45,85.59,53.75,Normal
60.58,71.44,83.35,3.47,68.46,91.94,Alerta
95.33,51.05,68.83,1.16,91.88,97.65,Normal
95.29,60.15,51.37,2.28,78.55,49.25,Alerta
49.65,86.33,103.56,11.4,58.31,11.23,Crítico
57.28,72.94,86.96,3.7,60.43,98.74,Alerta
53.39,71.14,52.06,3.57,69.46,95.07,Alerta
53.16,71.16,71.56,3.18,72.17,90.34,Alerta
104.41,63.32,64.76,1.15,93.19,69.0,Normal
105.07,41.68,53.84,5.89,95.54,76.45,Normal
59.95,73.29,86.84,5.07,64.21,98.57,Crítico
50.16,79.62,92.65,3.6,71.44,82.85,Alerta
68.08,75.05,87.83,5.22,66.69,93.27,Alerta
94.32,58.55,53.49,1.39,91.65,53.59,Normal
57.4,73.85,71.7,3.61,64.45,85.15,Alerta
58.24,71.26,71.72,3.9,72.35,93.64,Alerta
92.36,57.72,58.41,1.31,83.03,53.3,Normal
105.86,58.01,56.78,1.02,65.72,51.45,Normal
80.09,43.19,57.21,1.29,98.27,52.0,Normal
42.57,82.34,99.82,6.18,33.85,138.27,Crítico
49.56,109.05,93.95,6.99,42.73,109.61,Alerta
85.58,41.77,58.73,1.67,89.27,69.34,Normal
83.41,52.42,89.55,1.35,80.24,61.96,Normal
99.46,61.83,55.53,1.82,88.22,57.37,Normal
108.78,40.7,60.13,1.95,77.09,61.62,Normal
89.77,51.08,48.24,1.67,94.38,75.35,Normal
63.27,74.83,89.95,3.43,62.07,82.37,Alerta
60.94,73.85,84.95,3.5,61.91,84.89,Alerta
109.7,42.14,57.04,1.63,97.01,54.36,Normal
64.48,73.68,71.14,2.93,71.01,88.5,Alerta
65.81,69.34,94.01,3.41,63.99,96.12,Alerta
90.14,51.23,56.23,2.23,95.74,71.18,Normal
58.76,68.27,61.82,4.12,66.55,97.36,Alerta
100.18,61.68,51.4,2.23,90.58,75.78,Alerta
63.26,77.69,94.26,4.29,62.22,49.07,Alerta
51.93,71.67,93.96,5.35,64.39,85.14,Alerta
70.79,48.97,54.68,1.57,94.04,66.47,Normal
99.0,53.55,55.73,2.59,91.7,79.27,Normal
93.81,58.31,62.23,2.39,85.35,64.41,Alerta
91.65,47.97,45.77,1.28,82.68,69.72,Normal
51.44,76.73,77.14,3.88,63.47,93.49,Alerta
86.49,52.31,63.97,2.79,84.67,43.14,Normal
98.7,71.07,83.12,4.64,67.59,90.42,Alerta
84.99,47.83,59.99,2.16,82.71,42.79,Alerta
76.49,47.07,60.33,2.39,73.29,71.45,Normal
57.62,67.84,82.96,3.73,71.4,90.14,Normal
70.45,49.17,51.29,2.56,78.68,73.44,Normal
64.57,76.33,93.84,3.62,73.54,91.23,Alerta
56.35,68.77,85.53,4.71,66.67,98.1,Alerta
73.54,58.82,69.83,2.72,89.03,40.01,Normal
66.48,48.58,94.73,4.32,69.67,96.76,Alerta
77.48,56.15,51.08,2.63,88.64,54.93,Normal
36.24,98.42,100.97,7.34,45.31,68.26,Crítico
65.7,70.92,85.6,5.98,70.98,93.95,Alerta
20.87,106.06,97.16,11.22,33.46,102.37,Crítico
68.97,68.17,71.74,5.06,69.4,86.83,Alerta
57.63,73.39,63.34,4.89,66.6,99.47,Alerta
99.43,40.28,62.36,2.75,97.69,48.4,Normal
50.42,70.59,90.59,4.36,63.35,88.92,Alerta
66.74,73.1,92.29,3.84,64.66,98.14,Alerta
59.01,69.19,71.16,4.46,65.5,65.35,Alerta
22.44,103.1,98.48,4.92,56.88,35.43,Crítico
75.97,75.4,83.44,3.37,63.29,94.25,Alerta
100.93,40.84,48.96,1.25,80.55,65.86,Normal
37.81,81.22,101.04,7.63,38.13,15.09,Crítico
90.13,50.19,58.84,2.12,86.93,60.65,Normal
95.26,61.41,54.1,2.8,89.41,65.9,Normal
96.6,52.03,62.17,1.44,94.38,55.52,Normal
76.4,63.58,62.96,1.97,78.64,65.39,Normal
43.65,97.02,101.85,9.56,46.7,24.87,Crítico
99.69,55.59,55.13,1.5,98.47,42.4,Normal
90.45,61.53,46.85,1.48,85.61,45.12,Normal
51.52,70.05,73.27,5.3,70.51,82.94,Alerta
87.28,46.78,58.43,1.84,94.69,65.32,Normal
63.45,75.42,90.93,3.89,69.99,91.43,Alerta
81.15,43.87,57.29,2.16,96.73,53.8,Normal
86.58,45.91,66.38,2.06,98.51,70.66,Normal
79.15,61.7,63.45,1.09,99.12,66.2,Alerta
84.9,61.64,68.68,1.02,83.17,58.95,Normal
93.14,40.0,69.24,1.54,92.42,66.74,Normal
85.68,43.6,52.88,2.44,76.06,46.97,Normal
31.5,106.29,108.38,7.52,40.08,27.65,Crítico
67.75,79.18,74.54,4.65,64.47,81.53,Alerta
33.52,81.29,115.75,10.45,40.05,24.85,Crítico
53.6,68.47,84.33,5.02,67.88,89.49,Normal
67.3,66.6,72.68,5.87,63.09,96.5,Alerta
29.81,92.28,111.43,6.53,27.48,12.02,Crítico
67.34,68.18,89.65,3.58,65.34,98.81,Alerta
28.57,104.75,102.43,9.81,34.67,77.33,Crítico
34.7,107.07,97.28,9.53,52.92,74.63,Crítico
50.51,70.34,91.9,4.92,67.78,94.42,Crítico
104.26,54.96,48.74,1.97,76.13,58.85,Normal
63.28,77.17,87.2,4.9,66.39,82.2,Alerta
72.91,46.49,49.73,1.92,94.02,53.69,Alerta
50.14,78.05,91.06,5.95,70.76,85.18,Normal
57.0,69.04,80.07,3.34,65.78,85.66,Crítico
104.8,60.37,64.05,2.02,98.92,49.94,Normal
57.81,69.64,83.4,5.33,73.2,95.55,Alerta
74.73,53.28,69.2,2.09,76.88,78.82,Normal
102.31,42.12,49.8,2.16,79.45,48.51,Normal
20.5,103.24,114.46,6.88,49.67,79.37,Crítico
53.27,79.31,93.68,5.96,61.69,71.83,Alerta
62.42,78.44,75.11,3.68,63.58,94.34,Alerta
70.97,56.53,53.32,2.04,96.93,64.97,Normal
84.88,45.3,54.09,1.39,96.98,45.18,Normal
68.31,75.44,85.75,4.93,63.6,91.69,Alerta
78.81,41.94,61.97,1.1,91.19,45.29,Normal
58.97,78.19,87.86,5.42,70.72,90.08,Alerta
57.39,75.74,79.13,4.92,65.14,93.23,Alerta
81.9,90.61,113.24,8.35,30.48,112.81,Crítico
86.03,43.24,47.05,1.23,77.67,68.06,Normal
30.3,102.17,106.34,6.28,57.1,38.26,Crítico
71.47,79.34,85.78,3.82,71.9,95.46,Alerta
39.93,81.56,110.47,8.79,47.79,109.84,Crítico
68.03,64.14,65.48,1.36,90.4,54.65,Normal
73.22,47.58,81.29,1.01,98.02,73.83,Normal
57.82,70.32,78.65,4.4,68.62,95.24,Alerta
42.9,97.98,112.81,8.14,35.0,27.11,Crítico
83.21,77.64,88.93,5.19,69.2,84.14,Alerta
57.16,77.12,77.26,3.03,68.51,98.78,Alerta
63.88,75.49,85.56,4.5,67.38,88.3,Alerta
61.93,71.41,92.67,3.8,62.15,84.95,Alerta
48.2,108.39,98.04,7.18,51.03,40.69,Crítico
98.15,58.29,49.21,1.79,92.74,52.55,Alerta
26.21,97.93,107.01,6.69,55.13,38.07,Crítico
43.24,104.61,104.84,6.63,24.37,108.49,Crítico
65.61,68.31,81.2,4.56,61.04,88.37,Alerta
72.4,74.47,84.51,5.33,60.64,98.73,Alerta
59.4,74.04,76.94,5.86,63.71,81.8,Alerta
48.64,55.81,112.99,7.98,57.0,17.52,Crítico
23.12,101.61,96.86,11.12,58.06,28.61,Crítico
33.35,100.43,95.5,10.47,27.69,122.55,Crítico
23.24,80.68,109.38,11.59,51.37,19.93,Crítico
62.51,69.95,84.68,3.75,67.65,93.18,Alerta
77.57,54.27,56.17,2.79,92.8,64.55,Normal
90.86,53.47,67.14,1.41,84.88,44.22,Alerta
21.13,105.83,75.62,8.41,47.41,126.66,Alerta
44.64,94.85,103.39,9.2,44.79,121.76,Crítico
67.17,71.3,88.96,4.84,73.19,73.51,Alerta
94.13,52.93,68.28,1.84,76.56,40.09,Normal
102.14,40.45,55.11,2.75,86.68,44.1,Normal
78.89,53.13,51.76,1.41,76.98,51.43,Normal
71.68,44.93,53.49,2.06,88.08,45.07,Normal
51.75,69.44,75.87,1.89,63.56,85.19,Alerta
83.83,71.05,51.35,2.19,92.04,61.32,Normal
82.12,43.49,68.15,2.68,95.66,42.73,Normal
99.05,48.07,46.51,1.09,89.82,48.33,Normal
98.16,48.52,47.95,1.95,78.49,71.2,Normal
61.42,72.81,90.7,4.11,67.59,91.19,Alerta
46.55,99.52,107.77,5.87,46.24,20.27,Crítico
28.24,83.58,119.1,11.85,40.69,30.35,Crítico
84.81,62.75,52.95,2.72,94.48,56.42,Normal
61.49,74.7,82.97,3.33,62.97,94.4,Alerta
66.93,52.43,88.99,2.91,64.37,85.39,Alerta
101.3,45.75,56.05,1.05,82.4,44.53,Normal
25.19,107.65,117.42,6.86,47.22,96.54,Crítico
47.94,89.57,104.57,3.25,50.39,20.02,Crítico
105.82,62.39,48.83,1.45,85.66,54.37,Normal
96.9,58.07,50.6,1.28,92.53,53.24,Normal
109.6,60.66,62.0,2.5,96.64,51.72,Normal
107.96,45.81,46.01,1.26,99.94,51.42,Normal
53.24,69.69,90.93,5.41,65.16,95.92,Alerta
38.77,95.8,105.27,3.6,53.95,132.18,Crítico
100.59,41.82,92.37,1.88,82.42,72.18,Normal
36.34,84.23,116.44,6.62,36.44,128.81,Crítico
72.49,42.24,55.26,3.44,87.65,60.73,Alerta
40.51,105.34,102.32,8.23,50.72,25.26,Crítico
86.95,60.58,48.18,1.48,88.92,55.7,Normal
63.06,77.46,76.04,3.35,71.89,50.82,Alerta
93.09,41.81,61.39,1.86,96.69,48.81,Normal
25.83,107.9,105.3,8.04,48.78,116.02,Alerta
56.56,79.93,74.21,2.91,61.98,92.8,Alerta
68.67,79.12,90.59,4.03,63.77,87.11,Alerta
38.77,80.14,116.72,8.55,47.95,34.48,Crítico
89.66,60.27,51.03,2.27,99.53,56.89,Normal
109.52,44.39,67.61,1.2,76.95,41.25,Normal
82.93,54.91,65.91,2.3,96.68,58.38,Normal
33.42,81.68,112.43,9.36,55.24,102.14,Alerta
21.28,92.32,109.08,9.47,38.32,18.34,Crítico
53.49,72.87,85.71,4.37,68.48,90.35,Alerta
86.43,57.95,69.64,2.01,83.26,78.27,Normal
60.01,79.69,78.56,3.3,73.31,84.58,Alerta
107.15,58.11,68.85,1.52,89.17,59.38,Normal
90.9,44.72,62.07,1.64,75.51,69.19,Normal
79.68,52.23,64.98,1.51,81.55,69.26,Normal
74.06,44.67,46.74,1.98,77.76,41.1,Normal
61.95,69.84,73.87,5.49,68.76,93.68,Alerta
87.57,48.17,77.68,2.25,94.55,44.33,Alerta
96.5,50.34,49.34,1.33,84.94,49.74,Normal
107.76,64.47,69.01,1.7,95.64,45.8,Normal
50.6,73.0,66.96,3.22,71.12,95.63,Alerta
73.22,42.51,46.72,2.34,76.68,70.95,Normal
99.49,64.38,51.42,1.95,99.94,46.7,Normal
70.81,63.66,48.16,1.02,94.26,63.92,Normal
52.08,51.2,71.21,4.28,72.69,96.63,Alerta
53.4,66.3,88.48,3.69,66.21,84.42,Alerta
101.75,61.15,55.23,1.95,76.45,47.97,Normal
29.98,84.87,109.22,9.96,46.99,33.24,Crítico
72.06,55.59,66.45,2.69,87.34,46.15,Normal
71.44,57.74,47.7,2.34,96.79,48.63,Normal
57.25,74.41,93.26,3.88,73.56,83.72,Alerta
26.88,102.08,97.92,6.67,58.22,127.08,Crítico
91.82,57.37,66.69,1.15,99.74,72.1,Normal
64.53,76.11,85.18,5.34,63.3,93.39,Alerta
21.11,101.52,97.34,6.74,41.84,110.24,Crítico
49.22,94.87,109.89,2.42,53.04,35.86,Crítico
23.31,86.88,119.58,2.07,38.02,115.56,Crítico
70.01,64.15,66.31,2.26,76.03,72.28,Normal
109.51,69.6,94.38,4.69,73.65,93.74,Alerta
94.57,66.64,71.13,4.2,71.49,92.91,Alerta
72.29,49.5,65.78,1.4,78.48,66.56,Alerta
55.05,73.36,80.97,5.34,65.04,84.86,Normal
81.23,57.29,64.33,1.68,77.95,65.41,Normal
57.43,69.34,76.52,4.39,64.99,96.51,Alerta
45.22,96.32,101.45,11.37,33.12,136.93,Crítico
72.01,48.34,61.95,2.0,97.14,64.66,Normal
58.13,69.86,89.06,3.28,60.32,92.87,Alerta
32.15,83.75,105.01,6.5,28.47,17.9,Crítico
34.0,109.94,102.19,11.29,75.27,108.08,Crítico
50.04,78.5,73.86,5.76,76.08,93.86,Crítico
23.16,88.19,74.78,7.07,51.97,118.31,Crítico
93.5,42.64,62.55,2.64,84.42,66.13,Normal
102.28,40.96,69.95,2.73,82.6,48.3,Normal
76.32,63.98,69.49,2.14,78.22,49.14,Normal
90.47,44.66,50.5,2.76,96.11,57.76,Normal
53.59,79.92,80.78,3.69,72.05,90.09,Alerta
85.46,54.24,48.36,1.1,76.86,50.56,Normal
81.81,46.94,53.66,1.23,80.39,65.71,Normal
42.79,98.78,109.84,7.17,42.99,11.53,Crítico
36.16,81.66,53.6,9.62,20.1,10.0,Crítico
39.65,86.67,119.34,8.74,32.54,125.42,Crítico
93.42,63.55,68.97,2.34,96.86,78.33,Normal
71.68,63.12,55.05,2.6,61.23,68.9,Alerta
70.48,63.82,69.04,2.13,78.59,42.22,Normal
20.58,102.58,117.31,9.47,51.06,27.93,Crítico
38.79,106.48,112.54,7.76,37.57,87.3,Crítico
65.35,71.35,93.57,1.78,68.43,83.29,Alerta
45.47,106.37,49.96,7.04,35.16,38.9,Crítico
41.25,97.19,107.5,5.3,21.26,17.1,Crítico
105.46,54.08,62.71,2.65,86.49,65.88,Normal
54.07,77.2,92.76,3.65,62.08,91.12,Alerta
96.32,48.18,67.9,1.64,90.94,78.59,Normal
30.74,100.25,98.2,5.0,36.68,36.71,Crítico
104.8,52.43,53.74,1.04,82.81,68.52,Normal
37.56,102.75,105.73,8.47,34.88,125.37,Crítico
94.91,50.66,48.05,2.46,95.0,54.21,Normal
25.88,95.12,113.25,9.06,82.31,18.64,Crítico
83.99,50.83,69.87,2.59,79.03,74.96,Normal
102.39,42.59,58.45,1.08,86.21,45.98,Normal
38.01,96.22,119.83,6.58,62.95,104.52,Crítico
61.69,71.72,91.28,3.86,69.98,96.64,Alerta
56.15,79.74,91.26,4.29,73.76,82.2,Alerta
70.22,52.13,60.89,5.6,86.74,78.16,Normal
62.17,66.37,78.06,3.75,75.92,92.85,Alerta
53.56,70.49,83.85,4.96,71.9,99.88,Alerta
64.0,67.34,86.98,3.98,71.62,84.69,Alerta
92.03,59.67,63.06,1.95,96.16,42.96,Normal
101.06,77.35,66.86,2.09,84.76,64.4,Normal
20.11,97.44,107.61,6.15,52.38,10.33,Crítico
70.41,63.52,49.85,1.21,94.11,74.13,Normal
55.91,67.49,85.25,4.5,60.48,95.81,Alerta
63.99,71.43,65.13,4.18,69.0,89.98,Alerta
92.86,79.18,66.91,1.58,89.77,66.14,Normal
99.09,60.61,45.67,2.34,89.64,48.33,Normal
24.24,88.01,117.58,9.8,65.68,109.16,Crítico
24.68,104.37,117.91,11.3,48.61,86.91,Crítico
48.79,81.29,117.67,9.44,49.64,118.0,Crítico
59.92,68.45,71.67,4.47,61.27,60.9,Alerta
72.31,48.81,51.81,2.16,92.51,53.07,Normal
51.48,78.57,79.2,3.22,64.07,49.42,Alerta
55.43,73.12,82.72,3.84,66.81,87.91,Alerta
87.39,63.31,46.08,1.58,88.69,49.81,Normal
77.66,59.76,66.92,2.1,82.26,67.0,Normal
98.53,58.92,58.88,1.77,95.38,47.76,Alerta
94.67,42.15,66.31,1.08,79.08,56.12,Normal
97.41,42.37,56.76,1.59,86.57,40.45,Normal
88.18,51.16,62.43,2.11,96.45,43.7,Normal
77.17,64.49,55.69,1.98,99.14,40.93,Normal
58.27,74.79,81.93,4.22,66.67,95.7,Alerta
20.61,82.01,114.46,6.99,21.77,16.61,Crítico
50.51,74.53,77.48,1.19,68.17,93.04,Alerta
91.43,54.72,60.03,2.41,94.94,47.81,Normal
54.41,75.58,80.86,4.93,73.01,81.01,Alerta
79.48,79.56,57.81,1.16,83.29,65.73,Normal
68.47,77.03,86.59,4.94,66.72,87.35,Normal
67.04,73.05,80.93,2.99,76.52,91.19,Alerta
42.98,85.42,119.79,8.16,49.03,130.95,Crítico
91.06,58.09,60.05,1.77,80.8,63.54,Normal
105.63,53.78,69.95,1.88,98.38,64.18,Normal
71.68,44.22,54.21,2.74,76.05,44.01,Normal
107.39,57.42,56.08,4.53,96.35,67.28,Normal
22.08,99.94,96.6,7.8,44.6,18.66,Crítico
58.87,69.96,78.47,2.35,72.45,81.22,Alerta
87.74,98.65,114.96,7.76,32.57,133.01,Crítico
102.35,57.2,51.3,2.09,79.44,50.79,Normal
74.08,44.78,46.36,2.71,92.61,48.88,Normal
65.24,74.94,81.86,3.44,61.04,84.07,Crítico
71.26,59.57,55.82,1.75,87.59,57.54,Normal
54.8,75.49,86.39,4.74,67.02,89.94,Alerta
63.39,77.79,87.11,4.66,68.16,89.99,Alerta
56.48,63.33,76.48,3.66,70.96,97.75,Alerta
57.57,75.35,74.92,3.78,61.24,88.57,Normal
72.85,42.45,48.31,1.08,92.55,79.75,Normal
61.81,78.73,93.91,5.13,62.9,82.13,Alerta
28.1,101.41,109.11,10.42,39.2,26.83,Crítico
64.56,78.91,72.01,2.98,72.93,98.76,Alerta
61.01,74.3,75.73,4.85,60.53,98.26,Alerta
43.99,103.13,107.55,10.81,24.33,26.36,Crítico
75.69,61.88,56.6,1.68,83.33,65.85,Normal
32.19,89.87,103.98,10.91,26.7,118.66,Alerta
71.22,49.29,59.77,2.42,87.85,76.72,Normal
88.28,72.52,81.0,5.98,61.75,86.08,Alerta
73.51,61.69,68.68,2.79,93.59,53.29,Normal
59.18,87.39,119.38,7.14,30.79,124.25,Crítico
109.13,41.11,55.0,1.78,95.08,53.17,Normal
99.26,55.66,60.2,2.26,79.32,66.86,Normal
50.95,69.29,82.09,2.99,69.87,95.95,Alerta
44.56,103.35,105.45,8.91,35.22,102.16,Crítico
31.75,98.28,105.92,7.48,44.46,95.92,Alerta
42.85,90.94,99.52,9.97,28.85,138.19,Crítico
67.79,75.47,72.44,4.9,72.99,88.94,Alerta
38.91,100.51,101.15,6.39,23.95,14.71,Crítico
63.27,77.71,71.2,5.06,63.79,95.05,Alerta
85.57,59.3,53.85,1.48,87.69,53.84,Alerta
61.32,78.72,76.52,5.34,68.18,82.01,Alerta
102.04,49.14,59.48,2.32,78.24,56.24,Normal
108.5,54.39,45.8,2.28,95.12,44.81,Alerta
34.15,108.05,115.69,11.59,25.03,112.93,Crítico
66.09,79.55,84.54,5.33,63.18,86.5,Normal
61.68,79.77,83.61,3.91,71.24,89.59,Alerta
68.23,67.36,84.41,5.24,69.82,99.84,Alerta
91.88,44.72,67.43,1.15,86.19,79.06,Normal
85.57,64.17,51.73,2.32,97.97,48.79,Alerta
41.51,86.52,69.97,8.49,30.71,21.37,Crítico
29.33,80.99,99.14,2.6,38.76,27.28,Crítico
39.89,85.37,105.61,11.59,31.91,34.22,Crítico
29.49,89.7,102.84,6.38,34.16,26.91,Crítico
75.08,40.56,46.3,1.67,97.54,60.54,Alerta
62.87,69.59,84.9,3.38,68.04,96.08,Alerta
108.8,57.67,63.23,1.31,75.82,60.62,Normal
89.33,63.13,64.61,2.29,80.83,77.62,Normal
74.28,44.27,69.42,1.81,92.59,47.68,Normal
93.26,55.68,55.02,1.27,82.58,64.58,Normal
62.82,74.61,93.94,5.79,64.23,92.39,Alerta
67.8,69.04,83.3,4.91,70.47,88.0,Alerta
104.51,60.97,45.62,1.06,87.72,72.58,Alerta
59.23,69.22,86.02,4.68,62.93,89.77,Alerta
51.09,74.26,81.4,4.91,65.38,87.26,Alerta
30.35,85.72,112.67,9.72,34.18,32.46,Crítico
108.8,46.72,52.41,1.71,86.89,76.32,Normal
40.96,95.97,109.08,10.32,63.1,108.78,Crítico
89.05,53.59,55.88,2.04,70.22,57.55,Normal
20.98,95.16,96.06,3.49,33.71,120.14,Crítico
22.25,82.3,96.64,11.52,54.01,33.19,Alerta
62.77,70.47,78.79,3.06,71.23,90.35,Alerta
72.47,50.1,69.76,1.06,84.94,68.68,Alerta
102.28,46.22,49.46,1.51,90.54,57.39,Normal
74.45,57.6,65.36,1.35,90.63,50.13,Alerta
38.09,88.41,103.54,10.81,43.5,73.64,Crítico
106.36,44.11,69.53,1.46,60.12,49.31,Normal
98.25,56.6,85.17,2.74,87.21,69.16,Normal
21.28,101.77,113.59,1.8,42.07,110.65,Crítico
108.79,46.99,68.07,1.62,88.0,78.57,Normal
77.41,56.21,58.33,1.01,94.31,42.42,Normal
61.58,72.06,73.95,3.28,94.6,91.96,Alerta
53.05,50.33,50.41,1.88,79.12,45.93,Normal
94.04,48.15,52.06,1.65,82.45,51.72,Alerta
107.22,58.61,65.83,2.62,91.92,65.81,Normal
76.42,47.46,66.04,1.15,94.46,79.44,Normal
40.71,89.5,105.16,11.6,53.43,124.45,Alerta
71.27,55.24,60.69,1.62,94.62,57.37,Normal
90.77,45.07,46.17,1.35,89.72,41.17,Normal
103.64,64.18,45.87,2.58,94.0,44.06,Normal
24.72,86.62,108.51,8.66,94.55,39.81,Crítico
53.31,54.24,82.96,3.13,69.57,88.05,Alerta
56.14,69.64,85.0,4.22,72.14,85.15,Alerta
68.58,67.21,84.04,5.6,69.11,92.78,Normal
39.56,80.11,105.97,10.03,23.33,129.12,Alerta
25.7,97.56,104.39,10.17,23.1,23.27,Crítico
75.38,46.31,69.55,1.05,97.66,61.31,Normal
67.81,73.46,83.06,5.35,62.04,89.65,Alerta
21.94,89.39,119.61,10.52,56.96,13.36,Crítico
105.09,57.33,47.86,1.81,81.41,53.3,Normal
30.44,92.23,79.77,9.91,41.7,22.97,Crítico
27.36,86.59,116.67,11.96,43.24,117.25,Alerta
36.85,93.24,106.65,6.62,45.55,104.53,Crítico
91.87,40.76,46.73,2.41,80.91,49.15,Normal
104.97,44.28,53.06,1.93,81.44,78.9,Normal
97.54,54.17,45.94,2.76,95.63,51.85,Normal
74.2,85.52,114.44,8.9,48.18,121.06,Crítico
22.28,93.23,116.55,4.71,22.34,104.33,Crítico
58.77,71.63,80.83,5.51,72.78,91.42,Alerta
53.24,71.22,85.01,5.01,71.57,85.1,Alerta
58.01,73.04,75.49,5.14,61.71,89.47,Alerta
50.37,74.31,83.25,5.0,71.5,85.49,Alerta
99.99,45.23,57.2,2.14,93.07,76.85,Normal
20.03,94.72,100.29,11.81,20.46,54.74,Crítico
57.96,77.07,75.16,4.75,62.37,93.31,Alerta
51.94,70.13,93.99,3.9,97.04,81.4,Alerta
23.74,84.75,115.54,7.24,76.83,13.42,Crítico
57.32,74.26,85.12,5.99,66.71,89.05,Alerta
106.28,51.63,67.23,1.18,84.27,40.98,Normal
104.23,54.66,47.3,1.9,73.19,51.41,Normal
71.05,51.77,63.79,1.85,92.08,54.09,Normal
68.69,42.05,89.61,4.96,66.6,93.66,Normal
61.01,70.17,84.19,3.94,67.74,97.44,Normal
50.11,70.88,52.28,3.52,71.03,92.52,Alerta
66.89,74.39,89.07,4.18,64.76,96.16,Alerta
105.42,59.95,57.09,1.38,83.07,46.17,Normal
66.25,78.78,91.16,3.17,72.95,94.49,Alerta
63.42,66.85,76.3,3.66,69.6,96.53,Alerta
64.57,53.45,85.22,5.25,62.49,85.37,Alerta
44.27,96.18,113.67,8.92,70.46,128.9,Crítico
54.59,68.42,87.67,4.43,61.74,83.04,Alerta
82.53,106.77,112.39,11.16,40.3,139.94,Crítico
27.26,96.74,110.17,11.25,31.52,13.04,Crítico
77.42,62.35,51.99,2.32,84.97,74.05,Normal
77.84,61.06,68.35,1.98,84.68,43.19,Normal
84.63,55.09,61.66,1.86,91.79,76.29,Normal
108.63,60.11,53.87,2.32,92.65,74.99,Normal
86.37,49.76,56.0,2.48,91.19,42.36,Normal
64.02,69.25,80.75,3.27,70.66,98.71,Normal
60.69,77.15,92.51,3.6,67.84,94.07,Alerta
106.32,54.13,75.8,2.49,87.64,79.7,Normal
89.2,61.17,49.18,1.78,96.16,79.16,Normal
63.16,72.86,78.64,5.4,73.89,95.19,Alerta
83.52,52.13,54.37,2.53,97.62,53.16,Normal
63.41,63.41,61.44,1.69,90.67,55.12,Normal
75.42,54.12,47.54,2.24,82.7,70.26,Normal
73.08,47.75,73.64,1.93,96.19,74.39,Normal
22.45,93.38,110.65,7.62,50.19,12.07,Crítico
89.22,54.77,48.47,2.42,71.75,59.03,Normal
99.93,44.81,49.08,1.78,86.8,69.24,Normal
89.16,108.75,119.38,10.96,47.76,29.16,Crítico
100.77,54.25,52.69,2.42,84.89,58.69,Normal
79.44,42.2,45.27,1.45,75.17,79.42,Normal
71.68,42.82,64.07,1.69,95.9,70.02,Normal
101.08,52.36,68.83,2.17,92.0,64.66,Normal
55.9,79.25,73.76,5.76,73.32,95.83,Alerta
28.72,96.26,114.32,8.03,23.57,110.41,Crítico
67.97,78.96,92.71,5.91,67.82,85.29,Alerta
72.09,41.01,52.43,2.19,93.48,47.51,Normal
108.11,48.38,46.82,1.41,81.79,79.68,Normal
51.48,71.46,93.03,4.41,72.85,83.75,Alerta
68.07,79.77,90.54,3.11,73.82,98.26,Alerta
101.1,43.21,67.52,2.04,90.24,44.33,Normal
50.33,69.76,75.11,3.32,64.96,95.27,Alerta
65.21,67.82,79.04,4.44,64.86,92.67,Alerta
30.98,104.6,113.49,11.17,21.89,66.16,Crítico
64.7,72.79,93.48,5.62,64.75,96.05,Alerta
38.94,83.22,96.96,8.36,27.56,25.37,Alerta
50.43,76.39,89.85,4.31,69.95,88.18,Alerta
65.59,66.89,77.41,3.75,69.24,45.85,Alerta
81.74,47.62,56.28,1.14,83.2,64.92,Normal
80.1,47.59,58.12,1.2,98.59,68.16,Alerta
105.32,62.58,49.24,1.84,94.73,65.44,Normal
88.21,50.92,58.25,2.02,93.15,57.04,Normal
53.19,66.84,76.87,3.29,69.25,83.78,Alerta
40.75,91.32,106.71,9.09,55.21,132.9,Crítico
62.65,76.86,82.22,5.84,69.16,85.75,Alerta
36.46,90.76,102.15,11.25,33.9,65.11,Crítico
56.26,71.17,74.39,3.87,85.24,98.91,Alerta
78.82,60.89,69.58,2.33,92.93,49.29,Normal
105.76,44.78,65.5,2.62,95.06,66.78,Normal
40.67,106.15,113.8,8.31,48.1,35.87,Crítico
76.61,54.07,52.84,2.1,91.01,48.55,Normal
80.11,56.37,59.73,1.89,79.73,73.64,Normal
23.68,105.41,102.31,8.63,40.9,30.39,Crítico
33.47,100.77,108.17,8.37,61.8,26.59,Crítico
95.36,58.96,54.72,1.22,92.02,76.83,Normal
80.77,49.96,69.77,2.25,78.2,45.8,Normal
78.49,55.88,53.32,1.84,82.99,42.69,Normal
43.7,80.48,116.99,11.96,27.7,121.4,Crítico
80.27,45.67,63.91,2.14,77.0,63.39,Normal
71.75,49.33,48.82,2.74,86.65,69.1,Normal
58.15,54.75,65.56,2.05,90.61,59.61,Alerta
72.85,52.1,69.94,1.07,85.8,42.23,Normal
26.08,92.34,104.93,11.69,32.08,32.45,Crítico
74.71,66.59,82.83,5.77,62.18,98.29,Alerta
88.75,66.43,64.11,1.23,78.12,42.46,Normal
60.74,65.51,72.49,5.29,61.68,93.24,Alerta
77.02,62.37,55.55,1.43,92.43,68.08,Normal
62.55,78.08,85.72,4.82,60.44,94.71,Alerta
80.96,65.7,53.56,1.14,76.55,57.01,Normal
104.59,47.32,45.77,1.93,87.4,65.19,Normal
99.81,62.23,49.73,1.14,92.36,66.67,Normal
98.96,51.74,49.01,1.9,87.48,53.77,Normal
83.48,64.77,64.7,5.4,95.82,66.86,Normal
62.08,68.5,57.97,4.09,60.0,89.44,Alerta
55.74,76.34,84.9,5.54,73.81,83.09,Alerta
63.41,60.0,59.34,2.11,93.8,73.52,Normal
101.23,57.72,62.24,1.89,96.14,60.71,Normal
38.84,91.3,112.07,8.29,53.97,115.95,Crítico
85.33,55.56,66.47,2.46,99.27,50.45,Normal
68.34,73.08,71.84,5.76,73.48,85.58,Alerta
84.92,70.45,49.3,1.11,99.42,47.86,Normal
90.78,60.81,55.38,2.0,96.51,57.74,Normal
31.45,108.17,117.86,10.01,24.73,129.92,Crítico
79.51,51.85,67.53,1.46,81.21,77.14,Normal
57.44,71.46,89.32,5.71,64.45,96.74,Alerta
96.35,47.19,47.67,2.16,81.77,66.98,Alerta
63.57,72.95,64.71,3.19,63.74,94.85,Alerta
55.71,71.29,75.0,3.64,72.35,85.53,Normal
83.01,56.2,66.77,1.1,95.74,48.02,Normal
98.2,49.41,64.67,2.24,84.02,49.97,Alerta
109.46,42.64,46.2,1.25,88.45,44.14,Normal
61.18,67.16,76.56,3.25,65.45,91.64,Alerta
80.88,53.97,66.91,1.97,96.41,52.36,Normal
60.0,77.35,94.97,4.18,63.4,87.69,Alerta
90.65,51.92,67.7,2.09,84.22,64.63,Normal
74.27,46.32,56.39,1.21,81.29,76.37,Alerta
106.1,64.62,65.28,1.71,85.95,66.91,Normal
89.24,73.94,45.53,1.48,97.57,47.29,Alerta
54.07,83.7,98.02,9.85,40.28,112.13,Crítico
94.98,64.65,64.36,1.67,88.18,58.05,Normal
81.66,55.16,60.32,2.49,81.06,73.14,Normal
85.7,64.54,61.85,2.72,77.2,50.88,Normal
84.14,44.17,55.35,1.0,93.7,47.69,Normal
63.7,78.09,71.74,4.97,65.44,94.85,Alerta
93.08,57.94,47.76,2.12,76.56,42.94,Normal
66.86,67.98,60.5,3.13,65.56,93.62,Alerta
103.42,62.93,62.89,1.16,97.31,73.09,Normal
54.63,78.69,79.31,5.64,66.39,82.82,Alerta
51.87,42.66,61.17,1.84,90.17,48.05,Normal
96.72,51.6,60.31,1.5,81.14,40.54,Normal
75.58,50.88,45.71,2.5,83.0,48.08,Normal
73.42,53.33,52.81,1.13,87.59,45.83,Normal
96.54,50.86,49.18,2.37,91.77,53.44,Normal
72.25,64.41,45.51,2.22,84.65,46.5,Normal
94.12,47.16,69.65,2.66,88.29,51.89,Normal
49.1,84.3,110.34,11.66,32.13,17.21,Crítico
96.67,42.25,49.34,2.32,80.96,71.91,Normal
80.88,59.42,80.06,2.01,96.96,41.3,Normal
68.83,77.97,74.1,5.92,66.21,81.42,Alerta
92.08,63.57,59.39,1.18,76.12,75.95,Normal
80.75,63.77,47.81,1.1,96.72,71.36,Normal
57.47,73.72,88.71,3.47,66.57,95.93,Alerta
88.49,60.07,65.27,1.84,82.1,47.43,Normal
73.72,40.99,66.77,2.66,69.01,45.36,Normal
74.29,44.61,54.1,1.73,89.57,61.7,Normal
52.57,73.94,90.53,5.35,62.89,83.31,Alerta
38.78,99.78,98.08,8.52,55.35,107.17,Crítico
31.31,88.62,97.09,6.19,53.63,108.85,Alerta
79.97,42.67,50.57,2.59,78.28,87.54,Normal
108.83,46.71,61.03,2.59,80.06,68.49,Normal
96.01,69.12,59.98,1.87,96.62,66.76,Normal
88.89,42.98,50.68,1.59,87.49,61.49,Alerta
63.5,68.34,63.24,3.95,62.77,82.59,Alerta
106.84,55.95,50.48,2.59,95.78,49.4,Normal
107.94,56.66,57.38,2.04,92.99,61.54,Normal
65.95,66.57,82.37,5.31,67.09,55.3,Alerta
57.08,73.04,81.98,4.86,62.12,84.1,Alerta
87.36,40.5,63.05,1.63,91.62,44.27,Alerta
52.16,52.57,73.45,4.62,71.77,91.77,Alerta
108.03,51.84,53.32,2.34,79.61,42.43,Normal
34.69,106.42,100.38,10.59,43.03,27.81,Crítico
51.2,72.23,73.62,4.88,92.26,83.36,Alerta
105.94,53.85,59.01,2.73,89.69,61.12,Normal
21.76,86.35,95.96,6.16,54.92,105.95,Crítico
70.55,46.05,58.56,2.65,91.22,77.36,Normal
29.22,103.35,119.6,6.32,35.37,108.37,Alerta
91.26,53.08,46.4,1.78,99.86,76.17,Alerta
78.97,58.9,59.26,1.1,83.64,65.33,Normal
98.8,60.58,64.85,1.06,92.79,66.32,Normal
104.52,75.98,68.19,2.78,92.86,48.99,Normal
27.69,98.41,98.87,9.6,42.79,33.17,Crítico
74.59,43.77,56.33,2.29,85.73,66.84,Normal
66.86,75.73,69.92,3.29,72.56,82.01,Alerta
58.99,70.56,80.64,5.77,69.61,99.92,Normal
24.67,96.03,107.07,2.43,51.78,24.49,Crítico
44.21,103.43,95.63,6.76,44.86,28.13,Crítico
33.31,105.43,99.6,8.75,52.36,31.44,Alerta
73.8,44.3,66.76,1.69,94.74,71.44,Normal
51.89,42.19,63.54,2.78,78.94,63.76,Normal
83.15,57.54,58.85,1.99,94.6,66.8,Normal
29.96,84.0,118.15,7.75,46.81,75.11,Alerta
37.29,100.84,100.13,11.38,56.39,132.54,Alerta
102.15,51.39,47.56,2.21,83.27,94.61,Normal
50.25,79.21,78.51,4.49,62.42,97.19,Alerta
44.9,99.15,105.4,10.78,52.92,108.46,Crítico
41.17,98.45,113.34,11.84,27.26,107.14,Alerta
42.74,108.5,105.12,6.49,75.72,32.38,Crítico
89.53,47.13,51.22,1.95,83.88,75.15,Normal
91.69,50.87,68.42,2.12,77.04,63.88,Normal
76.63,48.75,55.97,1.31,80.59,54.8,Alerta
86.59,55.97,88.88,2.44,99.42,48.74,Alerta
57.81,76.75,92.12,4.61,61.07,99.94,Normal
90.55,55.62,58.2,1.73,94.2,69.23,Normal
84.22,45.17,66.56,1.61,79.38,53.76,Normal
53.94,75.93,83.75,3.47,68.97,86.27,Alerta
60.45,41.71,73.48,3.83,62.69,88.77,Alerta
99.52,60.27,66.32,1.11,83.34,69.68,Normal
51.59,71.77,76.06,5.77,67.26,87.48,Alerta
84.05,50.23,61.53,2.49,88.62,44.27,Alerta
104.99,52.84,45.58,2.36,88.45,40.94,Normal
84.73,52.87,47.1,1.11,96.21,79.65,Normal
76.94,43.59,54.33,2.74,82.17,86.35,Normal
52.7,74.67,89.72,3.38,64.71,88.83,Alerta
27.37,101.95,112.86,11.98,24.55,124.64,Crítico
52.59,77.95,77.56,3.55,65.48,88.17,Alerta
58.79,66.32,84.37,5.89,64.1,92.75,Alerta
102.01,53.42,49.18,2.8,63.07,45.71,Normal
92.85,50.45,58.93,2.66,75.5,61.72,Normal
46.88,100.7,108.74,9.86,53.73,123.02,Crítico
68.81,77.78,92.01,3.92,69.39,93.43,Crítico
42.39,107.44,118.52,10.28,93.38,112.26,Crítico
93.45,56.57,53.47,1.83,68.54,59.91,Normal
94.15,48.41,51.86,2.6,97.64,64.12,Normal
77.44,44.85,48.55,2.42,79.78,40.87,Normal
84.89,53.01,46.3,2.26,80.18,74.6,Normal
91.03,64.7,64.38,1.05,92.93,95.19,Normal
62.09,78.73,71.84,3.28,60.77,99.78,Alerta
61.47,66.57,78.98,5.78,60.44,94.06,Alerta
95.64,61.61,57.56,1.15,91.52,51.2,Normal
82.23,40.14,51.45,1.98,72.57,47.56,Normal
59.49,78.42,90.16,4.88,60.77,85.68,Alerta
106.69,55.07,53.79,1.5,80.27,69.74,Normal
67.82,56.65,66.75,2.34,91.73,79.54,Normal
91.56,65.76,57.34,1.19,92.1,54.5,Normal
96.28,59.32,64.77,2.45,86.4,74.87,Normal
63.26,71.14,84.37,5.08,60.57,91.46,Alerta
103.59,64.4,47.66,1.64,97.53,44.88,Normal
95.97,44.53,46.56,1.78,96.29,45.29,Normal
100.99,64.14,64.75,1.22,76.59,41.99,Normal
40.59,107.25,96.23,6.18,48.67,111.85,Crítico
101.18,44.95,63.28,1.85,86.96,55.95,Normal
93.08,60.52,56.24,2.78,97.19,45.93,Normal
95.3,44.49,52.71,2.46,97.51,56.93,Normal
97.37,58.19,59.07,2.56,97.37,67.74,Normal
57.71,74.26,89.63,4.57,64.28,82.76,Alerta
31.88,98.72,112.42,7.91,56.64,101.62,Crítico
97.85,47.05,45.89,1.26,75.28,49.93,Normal
66.44,78.07,83.14,4.2,68.74,99.93,Alerta
47.62,108.84,56.31,10.63,56.68,24.21,Crítico
96.7,87.05,118.53,6.96,22.35,139.84,Crítico
82.56,56.59,49.39,2.78,87.49,70.78,Normal
56.22,76.22,73.46,4.61,61.9,92.79,Alerta
56.75,67.54,88.21,3.34,66.83,98.61,Alerta
104.16,60.71,57.14,2.79,65.67,48.61,Normal
32.07,93.56,108.15,1.63,54.65,27.32,Alerta
92.86,52.52,56.4,2.67,87.73,66.22,Normal
95.4,63.26,63.26,1.62,96.6,69.54,Normal
68.48,74.32,83.06,4.06,67.9,85.92,Alerta
104.95,53.61,53.18,1.28,97.72,69.38,Normal
63.2,66.04,77.89,5.18,72.49,99.17,Alerta
104.36,60.62,55.29,2.06,80.58,43.93,Normal
25.78,105.97,102.23,7.2,40.81,24.25,Crítico
80.4,43.2,49.33,2.03,96.24,72.54,Normal
26.68,81.37,119.63,11.87,40.49,28.88,Alerta
91.58,54.84,48.4,1.2,92.67,52.25,Alerta
66.93,75.86,77.47,4.53,61.08,82.81,Alerta
72.9,52.52,67.37,2.41,92.47,51.14,Normal
83.21,87.49,106.91,7.77,54.49,132.36,Crítico
50.49,74.14,77.05,5.75,65.56,89.74,Normal
96.0,48.32,65.75,2.17,83.4,69.61,Normal
59.58,66.73,71.0,5.62,72.38,91.5,Alerta
106.67,64.68,57.52,1.4,79.38,60.38,Alerta
101.35,41.63,66.14,2.03,79.04,66.15,Alerta
71.2,54.05,57.69,2.19,81.69,64.31,Normal
64.79,75.41,85.91,4.38,63.33,87.48,Alerta
68.98,40.22,89.0,5.45,72.96,99.71,Alerta
103.97,41.82,66.92,1.11,76.87,67.75,Normal
81.33,51.73,52.12,1.35,91.99,49.1,Alerta
24.01,93.51,114.58,10.01,26.81,16.29,Crítico
72.08,43.28,68.26,2.46,92.96,52.13,Normal
104.05,50.26,52.75,1.78,99.3,73.62,Normal
67.54,71.93,79.33,3.94,67.98,91.77,Alerta
75.08,59.36,59.74,1.59,83.15,48.23,Alerta
82.45,50.11,51.72,2.37,80.87,47.05,Normal
87.21,42.7,54.97,1.7,80.78,45.15,Normal
102.7,50.47,47.02,1.59,81.94,60.23,Normal
39.62,106.59,107.48,7.53,70.62,124.32,Crítico
70.94,64.64,46.46,2.1,84.71,44.64,Normal
33.75,65.52,113.87,7.12,36.33,104.95,Crítico
97.55,68.61,90.16,2.98,67.54,88.89,Alerta
89.08,46.42,57.03,1.51,82.63,51.75,Normal
75.36,42.81,47.62,2.65,85.1,57.87,Normal
23.85,81.16,109.64,11.04,22.47,28.84,Crítico
82.82,40.48,65.92,2.45,85.41,71.9,Normal
85.66,48.35,60.14,1.66,91.2,54.65,Normal
100.15,42.25,49.09,2.65,85.19,47.68,Normal
59.46,55.27,46.74,2.14,83.35,72.68,Normal
70.01,48.0,65.52,3.99,89.54,76.46,Normal
88.33,53.59,68.94,1.25,83.09,55.4,Alerta
51.5,70.96,93.46,4.14,70.33,90.06,Alerta
87.58,51.48,48.71,2.33,94.37,40.76,Normal
104.33,43.16,46.92,2.3,97.98,55.07,Normal
92.28,43.82,69.06,1.57,94.83,54.73,Normal
87.24,54.03,57.24,1.9,99.21,91.32,Normal
50.1,77.04,73.82,4.99,61.54,88.86,Alerta
107.64,48.75,54.88,1.98,87.24,65.95,Alerta
91.9,50.92,56.62,1.07,99.73,79.38,Normal
50.13,49.84,53.95,1.74,77.17,46.1,Normal
57.57,70.61,65.27,4.17,70.49,85.67,Alerta
98.67,47.54,67.49,2.45,76.41,47.89,Normal
29.85,109.19,99.62,9.84,23.04,117.97,Crítico
84.09,55.73,58.68,2.06,87.22,52.22,Normal
76.18,44.06,60.0,1.68,97.26,40.75,Normal
76.93,63.97,50.59,1.42,92.48,50.39,Normal
59.64,78.78,73.7,3.47,67.92,87.82,Alerta
62.03,69.94,85.43,3.7,67.71,83.69,Alerta
109.09,42.69,60.42,2.27,76.94,61.85,Normal
81.43,72.65,59.55,1.86,93.32,57.78,Normal
28.55,84.61,111.1,9.03,29.91,15.23,Crítico
68.7,72.48,93.69,4.48,68.26,98.08,Alerta
81.01,48.5,64.13,2.23,82.22,65.32,Alerta
65.98,74.6,71.86,5.75,65.16,81.3,Alerta
95.35,65.9,56.68,2.13,93.31,74.08,Normal
71.25,47.23,63.5,2.26,67.38,63.82,Normal
59.84,76.35,84.3,5.26,67.68,99.29,Alerta
86.75,41.12,66.87,1.27,88.0,52.71,Alerta
35.74,100.84,113.15,6.4,47.85,103.45,Crítico
50.49,74.61,94.16,4.8,67.72,86.89,Alerta
22.0,81.31,101.87,8.12,20.82,124.81,Crítico
64.77,78.43,77.53,3.38,67.37,81.38,Alerta
91.6,58.91,69.65,2.99,99.25,59.97,Normal
85.88,43.57,59.69,1.58,98.92,70.97,Normal
76.54,55.01,55.64,1.13,79.22,48.67,Normal
94.14,43.22,49.07,1.07,92.2,41.44,Normal
105.46,54.5,45.92,1.77,85.69,53.73,Normal
103.21,52.31,65.86,2.54,79.4,61.26,Normal
63.58,67.02,74.98,2.74,69.79,84.65,Alerta
94.04,41.45,45.57,1.25,99.53,71.43,Normal
62.42,66.1,85.73,3.44,65.56,82.34,Alerta
35.04,103.63,114.01,7.78,26.9,12.08,Crítico
38.14,101.1,102.22,7.8,50.71,128.46,Crítico
85.81,60.92,50.44,1.76,66.02,44.47,Normal
58.08,73.36,81.64,5.05,62.52,83.83,Alerta
84.73,45.38,67.99,1.36,76.37,65.85,Normal
109.65,62.87,50.83,2.22,88.87,53.06,Normal
75.59,44.93,54.31,1.86,93.81,50.89,Normal
61.1,69.88,79.74,4.11,65.88,83.19,Alerta
82.02,95.76,95.21,10.43,39.61,12.04,Crítico
98.65,64.04,50.63,1.26,75.79,58.37,Normal
96.26,58.31,48.28,2.57,82.47,93.18,Alerta
68.15,67.11,76.13,5.95,72.94,84.64,Crítico
56.65,57.12,67.61,1.67,83.99,49.83,Normal
95.25,41.98,54.29,1.32,88.75,46.86,Normal
91.5,44.35,62.44,1.15,90.47,65.5,Normal
54.08,45.05,72.99,5.79,62.54,94.84,Normal
88.15,54.12,55.17,1.03,80.43,44.3,Alerta
88.34,49.56,55.12,1.25,83.57,61.86,Normal
51.14,76.48,88.4,2.98,73.82,85.78,Alerta
58.79,70.7,86.12,5.24,68.77,84.59,Alerta
56.38,77.28,75.39,3.97,62.79,91.15,Alerta
52.41,74.4,73.4,3.12,61.71,66.45,Alerta
75.27,54.45,60.72,1.38,86.76,63.41,Normal
47.0,82.79,112.97,9.19,23.47,27.94,Alerta
60.16,67.53,78.4,4.5,71.2,94.94,Alerta
107.37,48.56,52.28,1.25,97.7,79.8,Normal
91.79,59.74,58.94,2.39,94.48,74.08,Alerta
40.41,99.2,105.89,8.21,20.73,130.77,Crítico
50.41,75.23,78.57,2.95,70.43,42.11,Alerta
26.7,94.37,113.47,11.5,39.51,23.98,Crítico
99.4,56.18,62.89,1.73,73.88,47.92,Normal
70.17,48.14,46.6,1.83,99.64,78.36,Normal
24.57,104.97,119.36,6.27,38.19,19.83,Alerta
39.16,100.51,110.23,10.52,57.01,77.93,Crítico
59.59,77.34,85.42,5.69,66.39,81.73,Alerta
73.92,51.55,54.15,1.75,99.56,61.53,Normal
71.48,62.0,64.5,2.8,90.03,99.12,Normal
67.27,77.09,80.1,4.67,60.69,87.48,Alerta
108.88,54.67,58.6,2.53,99.65,66.79,Normal
34.47,96.36,103.16,6.79,50.22,109.58,Crítico
102.72,52.22,58.35,2.5,81.53,50.61,Normal
88.33,61.96,51.94,2.03,95.04,64.09,Normal
74.8,40.49,45.34,1.03,80.9,71.84,Normal
81.22,47.41,93.37,2.39,77.41,77.25,Normal
93.24,44.98,47.7,2.69,97.51,46.59,Normal
45.68,87.11,102.23,1.7,53.43,36.14,Crítico
87.92,94.49,108.83,9.86,22.63,38.77,Crítico
62.61,71.67,87.29,5.87,76.61,89.04,Alerta
94.17,48.82,64.75,2.53,93.23,62.83,Normal
101.4,61.75,47.76,2.61,99.64,56.87,Normal
72.68,56.29,68.64,1.83,84.23,41.33,Normal
102.4,43.23,55.81,2.09,95.57,57.64,Normal
47.23,81.43,67.35,8.74,45.79,30.13,Crítico
88.56,54.64,63.93,1.61,92.03,55.58,Normal
42.93,93.95,108.98,6.92,59.49,122.57,Alerta
97.68,45.08,65.14,2.12,84.76,68.71,Alerta
101.99,58.81,48.76,1.36,98.72,93.8,Alerta
84.33,41.88,55.24,2.17,94.41,48.42,Normal
87.16,56.93,47.51,1.65,85.26,42.97,Normal
33.41,105.06,106.72,6.97,49.18,17.84,Crítico
27.58,106.82,107.09,8.23,36.54,119.47,Crítico
68.45,67.07,83.33,5.74,60.56,98.94,Alerta
104.74,42.74,60.68,2.6,98.56,56.8,Normal
40.32,100.35,105.21,5.71,59.2,112.99,Crítico
67.05,79.58,76.55,3.2,77.33,92.69,Alerta
62.66,71.91,76.69,1.07,71.85,92.82,Alerta
25.78,92.59,109.86,11.08,40.79,30.75,Crítico
54.15,76.06,74.5,3.75,73.16,95.94,Alerta
75.07,40.59,64.95,1.08,81.3,94.09,Normal
102.69,52.39,68.02,1.34,77.46,52.18,Normal
86.7,53.98,69.84,1.48,82.76,59.16,Normal
58.28,73.42,83.28,4.15,70.74,87.07,Alerta
96.07,57.32,63.96,1.95,97.03,50.91,Normal
68.36,66.21,79.12,4.09,72.59,83.66,Alerta
70.77,62.44,67.43,2.53,65.84,52.1,Normal
64.83,74.01,74.33,5.6,70.91,99.12,Alerta
60.53,76.12,94.52,3.69,71.97,96.03,Alerta
104.94,50.53,54.74,2.57,84.95,57.76,Normal
42.96,83.45,116.4,6.87,47.04,111.48,Crítico
109.09,53.45,48.33,1.87,75.46,46.35,Normal
75.33,50.69,56.13,2.65,99.23,53.57,Normal
74.53,41.02,68.84,1.81,92.62,89.13,Normal
85.52,57.85,54.17,2.13,87.88,78.62,Normal
52.38,73.45,85.32,3.76,66.17,94.69,Alerta
108.72,59.28,53.1,2.5,98.02,62.08,Normal
58.69,67.87,78.54,3.57,95.1,85.27,Alerta
90.76,45.03,52.71,4.08,82.82,55.53,Normal
101.85,45.29,45.45,2.42,99.43,66.21,Normal
22.66,42.86,117.91,10.51,51.52,121.68,Crítico
84.34,63.2,50.12,1.6,79.19,63.5,Normal
51.14,72.53,73.38,5.65,62.04,99.95,Alerta
97.1,52.87,69.9,2.69,90.38,45.88,Normal
109.62,64.58,67.16,1.27,83.57,47.82,Alerta
35.1,86.18,118.42,10.13,40.6,136.09,Crítico
58.91,69.9,81.72,3.39,71.37,82.83,Alerta
64.76,78.72,76.14,1.41,67.46,84.14,Alerta
21.57,99.5,98.3,1.3,40.05,29.34,Crítico
73.11,58.47,52.26,2.13,88.57,73.64,Normal
32.92,95.42,95.6,11.38,58.62,27.58,Crítico
25.78,106.36,95.85,10.85,50.51,23.72,Crítico
44.56,94.86,110.87,11.53,36.52,17.1,Alerta
48.85,100.14,118.63,9.11,49.18,135.47,Crítico
72.05,51.91,54.03,1.95,99.06,44.86,Normal
22.09,108.54,97.18,11.78,31.54,134.3,Alerta
70.13,74.31,92.24,2.94,62.91,96.02,Alerta
67.62,79.91,82.68,5.19,65.42,95.3,Alerta
56.62,66.72,90.63,5.53,64.93,82.32,Alerta
70.93,78.62,55.86,1.32,98.49,61.65,Normal
51.23,58.05,88.69,3.85,61.52,91.23,Normal
91.41,47.19,58.33,2.95,76.21,57.2,Alerta
26.25,103.83,101.04,2.07,56.96,129.48,Crítico
32.42,102.44,99.32,11.46,53.44,136.32,Alerta
99.55,62.74,53.76,1.85,88.78,64.29,Normal
33.32,98.94,114.03,11.35,35.98,15.27,Crítico
88.5,56.13,49.25,2.32,90.81,77.29,Normal
28.93,96.41,116.11,7.56,42.92,136.05,Crítico
66.77,76.48,72.12,3.58,63.19,83.95,Alerta
79.53,60.68,57.82,2.53,88.12,64.99,Alerta
79.91,52.76,66.81,1.88,96.66,56.93,Normal
65.73,105.35,106.56,11.58,21.46,36.7,Crítico
71.56,54.21,45.25,2.58,93.38,53.8,Normal
66.44,68.52,86.07,3.85,62.29,83.93,Crítico
99.37,50.82,68.92,1.07,80.0,73.88,Normal
94.32,52.06,48.51,2.1,79.88,75.38,Normal
68.12,76.2,72.56,4.52,60.22,81.55,Alerta
67.35,72.45,92.16,5.03,70.88,90.78,Alerta
81.38,64.0,64.11,1.59,88.28,48.49,Normal
92.54,42.39,47.54,1.09,86.25,72.35,Alerta
28.23,103.66,116.76,7.66,82.28,26.24,Crítico
108.54,51.91,65.3,1.08,93.42,54.09,Normal
35.88,97.95,106.32,11.36,94.54,128.72,Crítico
20.85,93.59,97.37,4.87,54.65,33.25,Alerta
57.59,49.96,78.59,5.9,61.31,97.06,Crítico
107.08,51.25,55.02,2.48,81.0,60.53,Alerta
85.55,63.32,51.45,1.03,85.95,42.84,Normal
104.74,62.99,76.81,1.9,95.88,51.21,Normal
68.16,70.37,81.44,2.92,71.28,97.88,Alerta
67.24,71.68,93.45,5.3,66.66,90.14,Alerta
84.19,52.23,61.55,1.46,91.4,76.85,Normal
102.14,62.69,53.72,1.4,95.93,56.26,Normal
89.43,41.67,59.26,2.0,89.42,44.91,Normal
53.01,69.46,79.08,5.6,63.11,97.84,Alerta
89.58,59.01,46.33,1.38,90.83,77.95,Normal
97.83,47.35,62.37,1.38,77.2,43.58,Normal
68.73,70.2,92.15,4.19,64.95,98.56,Alerta
57.44,68.59,76.47,3.68,82.66,83.04,Alerta
62.27,67.73,79.35,5.5,72.86,83.01,Alerta
73.92,44.1,59.74,1.32,88.16,74.83,Alerta
57.8,69.08,90.26,4.28,72.13,65.61,Alerta
89.95,95.18,99.84,10.44,52.61,100.55,Crítico
59.82,67.6,84.72,3.17,69.6,82.8,Alerta
62.78,78.61,76.67,5.87,60.98,86.37,Alerta
83.7,54.35,56.53,1.95,88.83,49.03,Normal
90.72,49.17,60.86,2.32,88.72,65.4,Normal
61.6,66.44,94.24,4.81,61.85,96.91,Alerta
74.73,53.59,60.98,1.46,89.63,75.11,Alerta
109.85,52.72,63.24,2.67,91.56,42.16,Alerta
44.6,84.02,110.46,8.69,27.25,33.37,Crítico
30.9,103.03,115.25,7.66,80.27,136.42,Crítico
21.91,90.55,99.56,11.02,71.46,112.61,Crítico
38.79,100.08,116.93,9.72,54.91,112.56,Crítico
86.71,63.0,48.49,2.76,89.81,62.93,Normal
44.52,107.53,117.39,10.98,60.47,18.44,Crítico
101.69,49.82,61.84,2.49,78.99,55.41,Normal
39.91,80.31,52.93,6.93,37.86,21.02,Alerta
89.72,52.55,47.18,2.61,84.18,69.21,Normal
90.67,44.84,53.5,1.15,97.65,53.09,Normal
100.94,53.93,46.11,1.85,96.11,57.17,Normal
55.28,77.97,94.19,4.34,65.48,96.45,Alerta
108.6,48.33,59.01,2.2,76.55,60.84,Normal
33.76,109.75,116.33,9.02,36.97,110.97,Crítico
82.73,57.17,69.96,2.31,90.81,48.97,Normal
49.84,51.91,106.66,9.91,56.84,139.8,Crítico
30.67,84.09,81.82,6.9,50.57,17.91,Crítico
96.86,53.11,49.65,2.52,75.16,54.12,Normal
89.85,62.38,50.94,1.27,85.12,78.1,Normal
43.53,105.85,106.39,9.91,45.28,87.02,Crítico
57.54,72.25,92.37,3.57,72.74,83.07,Alerta
31.38,102.9,117.85,6.48,44.67,88.65,Alerta
85.49,55.83,65.73,1.26,90.25,40.96,Normal
105.62,46.86,46.85,2.69,95.95,76.13,Alerta
45.96,103.17,97.16,9.49,46.41,120.42,Crítico
105.18,52.59,55.11,2.03,96.77,48.85,Normal
88.94,63.71,59.14,1.71,74.15,72.34,Alerta
24.22,101.05,113.61,9.32,54.77,28.92,Alerta
92.49,52.13,46.63,2.04,96.17,73.33,Normal
65.4,78.22,74.65,5.38,66.63,94.63,Alerta
53.1,72.83,81.23,5.29,73.6,91.63,Alerta
62.74,76.35,52.96,3.03,60.43,82.93,Alerta
21.73,86.93,105.76,11.55,57.75,39.9,Alerta
65.04,77.06,88.13,4.32,63.85,98.59,Alerta
27.15,93.38,95.71,11.89,39.24,112.97,Crítico
98.27,70.29,69.57,2.68,94.98,72.33,Alerta
34.84,86.07,119.1,10.0,28.43,11.1,Crítico
34.45,87.33,102.08,6.88,72.9,121.02,Crítico
89.39,53.18,53.25,1.16,80.84,42.09,Normal
100.64,59.38,55.65,2.4,80.47,68.79,Normal
107.45,51.07,85.03,2.14,95.36,74.4,Normal
54.79,66.61,76.49,4.94,62.55,86.78,Alerta
52.33,68.73,90.07,3.75,70.68,87.37,Alerta
98.36,49.56,49.56,2.14,77.53,44.86,Normal
48.9,53.51,119.46,9.44,52.36,14.87,Crítico
35.77,106.55,102.75,10.25,24.15,129.19,Crítico
75.35,47.03,58.94,2.4,90.25,56.22,Normal
89.06,58.66,48.04,1.2,91.56,58.03,Normal
84.28,46.02,50.89,1.12,96.22,71.22,Normal
90.02,42.57,52.48,1.72,88.62,40.05,Normal
99.58,62.39,57.98,1.49,88.53,77.56,Normal
102.4,46.66,57.95,2.73,96.53,43.65,Normal
93.95,105.6,112.26,6.38,48.1,107.59,Crítico
104.29,40.7,63.97,2.31,76.58,60.27,Normal
90.63,41.34,51.15,2.7,94.46,56.72,Normal
75.23,58.57,65.44,2.21,75.11,47.09,Normal
28.62,106.59,97.77,7.78,27.16,33.45,Crítico
25.02,94.22,110.84,8.97,20.27,130.2,Crítico
57.22,76.82,86.17,3.13,69.37,99.13,Alerta
89.96,44.87,64.03,4.22,80.21,47.18,Normal
86.97,49.46,69.66,1.78,88.46,60.37,Normal
78.48,57.83,59.12,1.6,82.02,54.88,Normal
48.35,85.16,99.94,7.82,41.83,134.83,Crítico
80.25,55.52,69.63,4.81,83.91,54.78,Normal
33.8,106.11,104.68,6.49,46.2,129.71,Crítico
108.15,64.79,53.98,2.02,81.05,58.28,Alerta
89.58,58.51,56.42,2.33,87.64,59.49,Normal
58.13,71.31,87.22,4.22,86.29,89.38,Alerta
54.12,72.07,84.87,4.47,67.7,92.32,Alerta
28.34,93.98,98.19,9.14,42.33,28.0,Crítico
102.5,59.95,59.66,5.68,96.43,43.03,Alerta
83.58,53.15,62.71,1.66,98.7,50.81,Normal
97.1,57.37,67.33,2.19,75.09,63.46,Normal
71.2,55.14,47.14,1.72,87.29,42.91,Normal
100.25,75.56,66.28,1.97,85.27,69.76,Normal
91.87,63.31,91.51,1.18,90.63,57.49,Normal
85.73,59.43,64.23,1.82,81.1,71.42,Normal
62.51,75.31,79.49,3.7,72.86,71.03,Alerta
103.19,61.98,53.0,1.26,91.65,55.41,Normal
83.34,57.71,50.87,2.43,96.64,67.88,Normal
63.3,79.43,83.87,4.11,73.08,94.51,Alerta
50.39,42.21,92.73,4.24,70.67,86.47,Alerta
33.7,89.89,58.6,6.65,58.84,23.06,Crítico
61.25,69.57,77.28,3.63,67.66,85.74,Alerta
95.98,40.84,59.99,1.76,91.63,61.79,Normal
100.14,50.12,51.38,2.94,97.91,55.19,Normal
66.11,78.51,76.89,4.56,67.71,85.51,Alerta
42.57,95.26,108.68,9.96,89.31,120.21,Crítico
46.29,86.37,96.38,10.26,47.66,119.39,Crítico
96.27,60.03,46.06,1.24,82.17,68.82,Normal
81.24,48.14,58.96,1.91,85.68,90.52,Normal
67.62,76.1,90.06,5.79,64.7,92.1,Alerta
67.61,76.78,91.37,3.17,69.05,90.61,Alerta
52.56,74.72,76.01,5.34,68.81,97.93,Alerta
107.65,59.71,57.92,2.15,77.34,67.37,Normal
98.91,51.92,52.64,1.65,76.39,40.72,Normal
63.26,72.81,85.26,2.91,66.84,71.34,Crítico
45.8,105.53,96.28,5.06,50.92,31.9,Crítico
59.23,71.28,73.12,4.47,70.62,82.71,Alerta
75.63,60.4,54.08,1.81,99.76,77.15,Normal
95.44,46.76,54.03,2.11,76.05,98.92,Normal
62.83,77.85,83.89,5.63,73.85,99.19,Normal
93.92,50.91,58.12,1.85,93.6,78.11,Normal
96.99,42.88,59.9,4.68,98.7,46.36,Normal
57.79,42.05,74.53,5.69,61.1,91.44,Crítico
74.81,52.06,54.73,2.42,79.95,67.62,Normal
79.5,45.25,63.46,1.78,82.51,65.29,Normal
31.47,90.24,118.88,9.1,42.96,26.75,Crítico
100.0,51.56,63.6,2.73,98.89,63.53,Normal
52.5,78.05,85.58,4.24,73.27,94.76,Alerta
88.6,51.13,68.39,2.72,82.73,50.99,Normal
63.79,72.43,83.45,5.11,70.8,96.63,Alerta
35.09,104.68,104.41,10.89,34.12,100.91,Crítico
58.34,67.65,73.34,3.26,71.15,95.96,Alerta
53.69,69.02,83.13,4.9,98.38,81.92,Alerta
53.09,45.8,76.88,5.84,65.56,98.88,Alerta
83.68,46.7,57.06,1.99,90.96,55.49,Normal
101.45,55.02,55.71,2.01,81.87,54.15,Normal
35.33,102.94,98.22,11.87,28.23,116.66,Crítico
66.23,64.63,74.11,3.08,67.3,90.34,Alerta
48.39,99.9,115.56,9.25,55.4,17.83,Crítico
102.41,41.87,57.4,2.33,98.68,48.44,Normal
108.97,63.06,63.59,1.59,81.38,41.1,Normal
100.88,58.46,64.11,2.65,83.45,63.95,Normal
71.3,95.28,118.87,11.03,50.48,14.63,Alerta
96.6,43.99,64.29,1.21,99.71,63.33,Normal
28.06,92.93,113.33,9.93,96.5,27.81,Crítico
107.76,50.99,50.49,4.51,94.89,53.36,Normal
91.92,47.17,57.73,1.91,84.12,55.01,Normal
93.97,54.57,61.8,2.58,93.27,49.38,Normal
67.07,66.87,88.63,4.33,60.73,86.98,Alerta
53.32,45.94,83.58,5.5,68.59,89.43,Alerta
28.09,58.21,119.0,10.13,48.87,27.55,Crítico
97.14,60.71,62.8,2.52,82.53,40.9,Normal
88.17,57.6,55.83,2.13,80.82,63.76,Normal
100.78,43.67,52.12,1.42,95.76,42.04,Normal
100.27,41.6,52.28,1.0,88.75,57.04,Normal
101.76,47.23,48.44,1.78,83.93,76.3,Normal
98.76,62.69,48.74,1.98,94.02,42.63,Normal
42.03,108.65,98.87,8.45,55.62,115.54,Crítico
84.87,51.18,58.76,1.97,97.82,53.96,Alerta
101.12,64.79,60.24,1.94,78.96,49.1,Normal
23.21,85.68,104.54,8.53,23.83,115.98,Alerta
52.91,74.99,89.48,3.75,67.05,83.19,Alerta
63.84,79.27,94.64,3.12,63.16,96.49,Crítico
103.6,47.17,68.34,1.25,99.48,64.91,Normal
58.63,70.67,74.59,4.0,66.7,61.44,Alerta
100.62,72.77,47.51,1.13,91.57,66.44,Normal
100.82,63.7,67.89,1.14,77.26,58.1,Normal
105.92,64.4,57.32,2.47,92.26,73.69,Normal
53.36,66.12,74.21,4.59,65.86,93.82,Alerta
75.65,50.46,69.08,1.6,88.53,66.23,Normal
54.38,71.73,90.88,2.06,65.27,91.6,Alerta
44.46,95.4,100.27,8.46,23.21,31.9,Crítico
37.94,88.27,117.07,11.11,23.51,139.25,Crítico
35.04,106.09,70.57,10.42,40.66,34.32,Alerta
47.9,96.69,118.89,7.16,25.54,13.62,Crítico
54.77,78.17,93.69,5.8,60.69,94.29,Alerta
97.6,44.29,46.78,2.03,79.69,47.98,Normal
103.99,43.64,53.27,1.51,76.77,67.21,Normal
53.17,95.81,112.47,6.89,54.06,31.39,Crítico
60.71,66.21,79.74,3.45,71.41,87.84,Alerta
91.77,41.61,51.93,2.16,93.13,75.63,Normal
53.37,69.54,79.3,5.27,61.49,85.87,Alerta
88.6,70.94,64.91,1.97,92.33,46.78,Normal
51.8,97.93,103.98,8.21,27.32,36.15,Alerta
62.39,72.49,77.34,4.26,67.22,87.28,Alerta
70.7,53.43,56.42,2.58,79.9,61.9,Normal
51.72,76.09,84.56,4.4,62.84,99.04,Alerta
58.99,77.88,81.29,4.3,60.03,89.59,Alerta
88.44,46.56,53.26,3.96,89.3,72.91,Normal
79.62,61.79,51.9,2.61,84.81,74.07,Normal
106.76,40.49,59.09,2.27,97.73,48.39,Normal
36.97,97.05,114.94,9.19,40.03,122.44,Crítico
101.96,63.5,54.28,2.72,91.9,54.72,Normal
77.96,48.84,52.62,1.91,80.58,69.32,Normal
100.21,56.56,47.5,2.76,99.6,50.64,Normal
96.17,54.27,68.99,2.5,98.96,46.0,Normal
108.44,42.13,47.3,2.02,82.76,58.59,Normal
28.15,80.12,96.49,3.33,58.62,119.65,Crítico
90.49,47.66,69.8,2.74,81.64,43.64,Alerta
74.13,52.67,59.53,2.6,86.1,79.15,Normal
77.64,55.46,65.31,1.6,75.52,42.48,Normal
65.59,74.64,79.1,4.24,60.62,93.19,Alerta
27.79,105.3,101.65,9.63,58.22,56.89,Crítico
53.22,78.69,89.1,5.77,63.41,73.22,Alerta
66.49,76.39,68.71,3.38,68.75,81.05,Alerta
30.87,85.35,114.91,11.56,26.07,37.52,Crítico
41.84,96.4,119.73,9.98,28.25,111.79,Alerta
54.86,53.66,57.33,2.15,92.38,76.83,Normal
65.76,67.89,89.01,5.23,72.9,88.31,Alerta
76.73,42.37,57.9,1.19,83.52,60.28,Normal
93.13,45.64,49.24,2.12,84.11,63.63,Normal
50.39,76.45,90.21,5.68,70.33,88.28,Alerta
101.93,40.45,55.11,1.4,99.2,52.57,Normal
83.88,41.77,68.12,2.01,82.05,70.12,Normal
50.13,72.85,78.55,3.56,70.61,90.69,Alerta
106.59,43.58,52.5,1.95,97.83,78.38,Normal
62.09,66.52,84.62,3.37,93.08,90.42,Normal
103.35,56.12,50.8,1.26,93.46,67.79,Normal
32.17,82.46,111.27,7.14,37.44,10.42,Crítico
94.63,53.44,55.87,2.5,89.21,51.57,Normal
104.8,41.75,62.64,1.67,78.47,74.05,Normal
50.64,62.2,94.92,4.91,67.43,84.67,Alerta
55.28,74.62,87.49,5.56,75.28,89.55,Alerta
87.61,60.11,56.83,1.15,97.46,74.38,Normal
94.46,62.9,48.27,2.46,82.88,66.5,Normal
54.24,75.88,72.64,5.73,72.3,97.28,Alerta
105.61,52.94,53.42,2.03,85.11,76.66,Alerta
100.84,41.13,65.7,2.07,90.79,58.25,Normal
99.21,53.56,58.49,1.3,79.1,54.05,Alerta
77.39,45.76,53.2,1.4,82.72,49.77,Normal
97.74,52.59,57.94,2.25,78.11,70.05,Normal
103.82,70.14,54.92,1.58,98.0,63.56,Normal
48.05,102.62,101.96,10.36,54.56,99.11,Crítico
74.21,54.73,47.74,2.41,78.47,46.36,Normal
62.07,76.9,73.75,3.38,65.72,99.42,Alerta
54.35,70.8,89.35,4.13,65.75,98.77,Alerta
41.29,84.36,102.22,8.88,25.24,49.18,Crítico
61.5,41.39,91.33,4.7,60.55,99.62,Alerta
64.82,75.88,94.7,5.47,71.59,82.77,Alerta
107.5,47.58,48.25,2.14,99.76,72.91,Normal
89.45,62.59,61.93,1.04,88.29,65.25,Normal
84.4,57.23,58.06,2.54,75.5,50.3,Normal
109.82,53.3,68.18,1.41,92.73,40.24,Normal
59.99,69.45,91.97,4.09,61.97,82.62,Normal
105.55,41.24,49.71,1.01,97.48,68.98,Normal
94.02,43.67,49.29,2.71,99.38,69.88,Normal
96.02,41.3,63.65,2.49,85.28,65.92,Normal
94.01,63.35,46.71,1.18,91.45,40.45,Normal
100.09,48.02,58.98,1.64,83.04,76.08,Normal
105.78,44.37,53.12,1.43,80.92,96.09,Normal
41.36,105.58,55.43,9.14,50.89,37.67,Crítico
61.4,79.11,88.09,4.03,63.95,82.84,Alerta
55.55,77.51,83.77,3.17,65.81,88.84,Alerta
59.94,68.3,71.79,4.21,66.18,95.69,Alerta
66.4,71.36,91.89,5.44,62.28,82.1,Normal
50.6,66.71,92.4,3.78,73.6,82.18,Alerta
20.26,86.03,119.99,10.77,23.73,25.99,Crítico
70.88,63.0,60.16,1.41,96.58,70.03,Normal
67.82,71.23,72.63,3.78,69.87,89.06,Alerta
70.2,97.97,110.82,10.96,52.23,36.28,Crítico
70.97,44.97,47.37,1.53,60.24,70.49,Normal
81.89,40.97,69.13,1.76,81.38,48.33,Normal
85.49,42.17,69.6,1.26,86.88,50.97,Normal
72.76,62.79,52.68,2.19,93.55,74.68,Normal
109.7,60.83,51.12,1.6,85.53,66.14,Alerta
106.83,58.0,54.03,2.98,79.63,40.24,Normal
96.83,52.62,68.53,1.63,80.76,77.88,Normal
83.92,45.93,61.55,1.69,97.65,45.76,Normal
80.41,54.0,59.83,1.34,61.54,51.96,Normal
59.13,51.38,57.46,2.56,75.73,71.19,Normal
56.17,75.6,85.32,4.82,64.87,90.03,Alerta
55.0,73.03,83.37,2.95,68.16,99.68,Alerta
52.89,70.7,89.99,4.71,71.63,83.99,Alerta
51.48,77.92,85.41,3.61,70.2,95.99,Alerta
61.21,75.66,76.31,3.64,71.49,90.77,Alerta
73.18,61.67,64.07,2.01,80.25,67.74,Normal
99.5,59.85,47.28,2.24,89.5,71.76,Normal
76.76,46.7,49.84,1.61,96.28,45.04,Alerta
95.64,62.26,45.22,1.89,92.1,69.96,Normal
59.38,70.13,87.89,3.36,65.37,89.44,Alerta
72.96,45.92,56.05,1.62,85.37,54.73,Normal
63.22,79.53,89.3,4.63,66.45,87.26,Alerta
87.6,46.44,67.18,1.93,75.22,65.38,Normal
81.37,55.91,53.38,2.81,83.84,75.05,Normal
26.57,103.64,115.3,1.51,28.82,137.07,Crítico
57.08,77.93,94.76,5.69,71.11,82.8,Normal
37.17,69.04,109.72,10.41,37.02,123.85,Crítico
39.14,98.98,97.43,8.47,49.77,12.53,Alerta
57.3,71.74,88.65,2.94,72.09,98.2,Alerta
57.5,71.41,94.42,5.21,64.05,85.3,Alerta
105.92,42.24,53.26,5.53,81.61,40.19,Normal
52.53,70.54,79.37,4.34,65.92,86.45,Alerta
106.51,58.39,64.47,2.15,95.46,41.45,Alerta
27.43,97.05,53.85,9.67,47.99,21.23,Alerta
96.66,41.1,50.38,1.82,84.98,69.35,Alerta
60.9,79.84,76.32,3.63,69.27,89.91,Alerta
81.13,62.74,67.88,1.08,75.05,70.25,Normal
40.91,107.3,95.18,7.79,83.04,30.15,Crítico
83.08,61.29,55.75,2.62,83.56,74.52,Alerta
98.9,40.18,59.52,1.82,75.36,60.03,Normal
72.78,53.08,54.44,1.39,76.23,99.06,Normal
62.21,76.67,79.92,4.94,62.76,87.48,Alerta
73.38,60.26,66.4,2.59,93.97,76.76,Normal
100.06,63.21,69.44,1.68,80.88,98.26,Normal
82.87,51.29,68.33,1.21,74.88,65.09,Normal
40.82,103.18,99.67,5.4,26.07,116.75,Crítico
104.73,56.27,54.58,2.35,88.8,76.12,Normal
30.09,72.46,108.25,9.65,54.64,16.96,Crítico
99.23,58.14,48.49,2.71,86.93,63.06,Normal
66.06,68.39,73.65,3.81,71.39,87.61,Alerta
72.49,63.58,68.81,1.4,86.5,63.38,Normal
37.11,83.76,104.98,8.43,20.9,108.05,Crítico
74.5,62.81,53.21,1.64,69.72,78.62,Normal
88.92,71.36,71.34,4.34,72.08,90.66,Alerta
94.6,45.1,62.04,2.2,95.98,61.1,Normal
38.11,91.49,101.6,9.19,47.94,137.82,Crítico
41.13,106.54,99.5,8.27,39.38,135.05,Crítico
70.28,52.91,47.37,4.84,78.62,47.69,Alerta
99.23,41.0,63.73,2.54,88.01,72.54,Normal
59.87,71.23,84.04,3.72,61.68,84.66,Alerta
70.84,58.36,68.22,2.31,84.78,62.96,Normal
93.72,62.77,69.94,1.6,98.19,42.11,Normal
101.23,56.9,49.12,1.19,93.73,79.76,Normal
67.85,72.89,94.25,5.88,72.53,91.87,Alerta
32.87,86.06,112.69,7.61,48.69,115.4,Alerta
61.87,74.2,81.51,3.0,68.79,99.58,Alerta
73.44,59.8,68.15,1.76,76.84,40.01,Normal
80.61,50.0,45.46,1.01,91.29,63.76,Alerta
44.32,109.8,116.87,7.1,29.73,25.23,Crítico
56.05,70.04,90.04,5.61,61.86,86.13,Alerta
37.07,81.14,105.09,8.1,27.75,106.9,Crítico
73.41,45.29,59.69,2.3,95.28,64.01,Normal
102.12,45.54,51.13,2.32,85.41,62.29,Normal
57.96,74.78,77.14,5.03,60.97,92.46,Alerta
74.44,50.22,48.36,1.19,85.79,49.41,Normal
77.46,43.45,60.31,2.61,86.55,52.28,Normal
34.1,99.43,102.15,5.25,37.19,14.46,Crítico
54.48,68.12,88.68,5.53,67.91,93.41,Alerta
20.58,80.76,111.05,7.65,38.52,19.41,Crítico
49.6,86.71,100.39,10.28,44.1,36.1,Crítico
54.54,67.89,93.99,4.03,61.62,85.08,Normal
76.24,42.2,66.64,1.39,93.46,70.13,Normal
60.62,61.98,71.55,5.28,73.16,92.19,Alerta
32.4,93.9,102.9,10.19,55.91,128.52,Alerta
102.39,44.56,69.67,1.4,94.74,64.25,Normal
95.05,54.32,65.33,1.51,84.49,78.0,Normal
102.9,44.8,67.04,1.49,87.43,79.78,Normal
38.24,81.73,102.82,11.38,54.86,71.01,Crítico
88.84,41.82,49.65,2.6,94.96,51.66,Normal
85.42,63.08,68.2,1.71,81.0,59.95,Normal
68.8,68.36,71.59,4.53,64.66,93.45,Alerta
50.5,74.83,72.59,5.47,62.18,96.55,Alerta
66.79,66.04,91.27,3.72,63.25,96.1,Alerta
77.61,42.92,64.72,1.99,95.94,44.2,Normal
87.04,48.61,56.88,2.15,99.24,72.34,Normal
21.03,97.44,107.39,9.61,47.28,114.24,Crítico
59.49,61.14,52.81,1.45,87.67,40.93,Normal
28.67,94.62,102.64,7.01,27.03,49.44,Alerta
99.84,43.99,47.8,2.66,84.8,57.99,Normal
62.62,64.55,72.97,4.77,68.19,93.53,Alerta
73.02,41.97,63.7,1.55,96.73,45.14,Normal
106.38,61.77,52.31,1.86,96.65,48.23,Normal
51.85,74.1,78.16,3.56,61.54,41.02,Alerta
60.97,70.67,73.66,5.87,69.95,91.62,Alerta
65.64,69.34,93.41,5.9,64.56,85.72,Crítico
93.42,52.53,56.45,2.72,77.67,51.7,Normal
66.18,74.7,81.51,4.76,60.72,93.56,Alerta
93.08,57.53,66.51,2.65,95.68,44.89,Normal
38.38,108.58,104.01,10.98,22.41,18.33,Crítico
68.78,66.53,79.19,4.12,68.87,94.3,Alerta
59.65,76.24,94.07,3.64,62.52,82.18,Alerta
79.19,52.54,58.88,1.11,75.15,43.11,Normal
58.0,70.09,91.56,4.72,70.33,88.77,Alerta
102.1,42.64,49.77,2.64,84.61,70.91,Normal
87.08,55.26,65.53,1.49,79.64,75.37,Normal
50.16,76.94,73.81,4.33,63.12,84.61,Crítico
58.13,68.39,91.69,3.05,60.05,87.57,Alerta
76.7,48.75,56.45,1.43,83.26,62.98,Normal
80.37,58.72,56.19,1.44,80.01,68.27,Normal
45.18,96.71,103.95,6.99,43.87,102.98,Crítico
22.47,109.78,107.35,10.54,29.46,103.68,Crítico
50.75,77.49,74.23,4.74,73.66,89.0,Normal
39.29,95.42,109.72,11.49,31.92,11.45,Crítico
86.33,63.77,53.57,1.7,83.97,57.62,Normal
27.55,101.0,111.51,9.39,88.5,127.25,Crítico
51.82,77.43,82.09,3.9,64.96,88.33,Alerta
26.57,93.51,102.45,8.15,36.84,135.45,Crítico
54.11,76.44,83.34,2.05,72.04,92.4,Alerta
98.66,58.82,55.91,4.05,79.0,55.95,Normal
22.2,83.55,115.66,7.25,52.04,28.86,Alerta
37.61,100.06,106.56,9.67,31.2,129.66,Alerta
60.93,69.02,92.99,3.59,94.02,91.22,Alerta
54.83,78.0,89.17,4.01,60.93,89.66,Alerta
94.89,44.11,57.03,1.46,75.23,65.67,Normal
100.54,47.14,60.23,2.48,88.95,79.94,Normal
75.11,62.46,53.81,2.7,96.18,73.32,Normal
64.24,67.51,94.69,3.05,61.2,85.51,Alerta
64.55,77.41,73.19,3.25,60.58,81.56,Alerta
100.59,41.79,53.66,1.94,95.37,73.47,Normal
60.99,67.29,94.25,4.3,61.67,84.87,Alerta
107.66,52.88,45.05,2.52,78.35,69.54,Normal
96.72,52.05,68.08,2.03,77.04,59.13,Normal
34.17,80.76,101.32,10.55,22.0,11.41,Crítico
23.15,81.29,103.65,7.08,83.19,21.97,Alerta
106.87,56.46,56.93,2.34,99.15,43.46,Normal
80.77,40.44,63.77,2.5,96.7,41.19,Normal
91.63,59.05,48.2,1.41,91.37,93.81,Alerta
108.63,76.21,75.79,5.89,68.0,83.62,Alerta
79.68,46.39,52.04,1.38,81.56,68.87,Normal
89.0,57.53,45.53,1.59,78.97,48.59,Normal
100.42,53.4,61.1,2.5,99.71,69.81,Normal
103.26,47.23,56.73,2.01,80.63,58.96,Normal
93.65,53.63,58.66,1.88,93.12,46.68,Normal
50.41,67.49,85.7,3.06,62.79,85.44,Alerta
68.19,77.2,79.44,3.14,69.54,92.13,Alerta
28.26,104.37,104.25,10.56,47.91,81.64,Crítico
66.35,60.65,78.68,3.44,63.37,87.54,Crítico
62.55,74.64,72.72,5.53,61.97,81.22,Normal
90.81,62.37,55.64,1.29,80.49,65.45,Alerta
75.7,53.41,66.78,2.41,70.41,77.66,Normal
103.68,51.46,55.81,2.53,93.87,55.87,Normal
66.81,68.1,78.09,3.35,70.38,45.09,Alerta
57.19,69.11,85.89,2.95,70.65,93.36,Alerta
60.78,71.07,84.5,5.46,71.21,95.24,Alerta
87.25,49.13,51.37,1.64,92.28,88.99,Normal
32.17,82.23,102.78,10.85,71.64,109.57,Crítico
90.24,74.65,72.41,5.6,61.56,84.52,Normal
34.42,91.87,112.73,3.35,50.85,111.68,Crítico
64.3,67.65,78.81,5.23,64.37,94.26,Alerta
51.14,77.0,79.75,4.79,73.94,99.13,Alerta
53.55,76.09,81.05,5.38,64.69,81.43,Alerta
105.87,47.15,50.38,5.1,85.03,41.25,Normal
97.74,63.85,52.4,1.34,96.03,43.25,Normal
79.84,70.8,45.08,1.98,97.0,46.94,Normal
88.97,56.43,45.54,4.89,81.0,58.98,Normal
79.87,48.96,52.45,2.01,92.51,63.93,Normal
29.84,95.59,50.25,8.14,45.56,10.88,Crítico
44.59,92.19,99.41,10.03,94.76,128.08,Crítico
56.13,66.9,84.89,4.12,65.53,88.84,Alerta
67.32,71.59,82.52,5.51,72.75,98.86,Alerta
55.42,46.44,73.41,3.83,68.81,89.33,Alerta
51.76,71.44,94.76,5.76,65.72,83.31,Alerta
59.65,74.51,72.8,5.94,69.13,83.63,Crítico
63.62,75.7,79.06,5.51,65.9,99.66,Crítico
76.07,59.05,46.2,1.19,84.43,72.66,Normal
60.22,70.42,91.18,5.39,64.2,84.04,Alerta
108.32,45.77,64.5,1.65,83.0,53.51,Normal
102.83,54.43,61.32,1.4,92.13,52.65,Alerta
51.88,75.48,83.67,3.4,68.05,87.4,Alerta
73.22,46.63,48.89,2.37,99.32,55.14,Normal
64.13,74.21,67.93,3.51,73.14,81.25,Alerta
61.58,67.66,83.69,4.69,72.3,81.7,Alerta
66.53,64.0,57.41,2.44,88.59,51.23,Normal
54.98,67.88,92.17,3.11,61.84,94.75,Alerta
89.7,41.54,61.8,1.57,87.95,54.91,Normal
66.61,45.16,54.33,1.02,84.6,58.38,Normal
61.37,79.84,82.4,5.02,71.58,81.42,Crítico
94.39,51.09,51.26,1.79,96.94,67.94,Normal
51.32,76.98,84.91,5.79,69.03,83.79,Alerta
98.12,41.99,61.23,5.22,79.45,78.05,Normal
57.82,78.3,83.88,4.28,65.05,95.4,Alerta
94.39,60.3,47.32,2.24,78.61,58.62,Normal
82.21,45.84,51.95,2.76,98.27,79.94,Normal
54.49,70.77,74.73,5.92,64.29,92.57,Alerta
105.27,58.26,64.67,1.68,82.61,49.35,Normal
95.11,61.58,61.78,1.49,83.3,50.47,Normal
96.49,40.46,55.22,1.24,86.66,46.17,Normal
52.78,69.77,88.53,4.07,63.68,99.32,Normal
62.63,66.92,76.35,4.92,68.24,93.04,Alerta
105.33,52.67,65.71,2.79,83.25,44.03,Normal
98.77,57.93,48.51,2.15,80.76,56.37,Normal
54.26,74.57,72.84,3.22,70.68,96.88,Alerta
68.97,72.04,84.91,3.91,67.32,88.14,Alerta
27.71,103.99,109.14,6.78,40.06,58.09,Crítico
61.95,71.51,74.01,3.13,70.72,86.39,Alerta
34.02,93.95,118.83,9.32,21.41,138.74,Crítico
59.99,79.81,77.75,5.06,65.63,84.2,Alerta
80.75,41.96,58.09,2.42,86.55,66.64,Normal
74.5,44.0,64.79,2.08,90.18,73.21,Normal
65.95,72.49,87.03,2.92,65.93,95.03,Alerta
74.69,48.44,67.43,1.17,78.18,78.76,Normal
102.6,54.52,56.45,1.37,78.88,54.13,Normal
92.6,45.75,45.06,2.09,72.88,56.66,Normal
107.83,57.96,53.59,1.37,75.25,60.73,Normal
56.94,74.09,71.57,4.47,69.13,98.43,Alerta
106.71,48.3,59.7,2.72,87.18,44.94,Normal
61.39,69.05,83.13,3.88,66.96,93.98,Alerta
22.47,84.7,108.57,8.2,34.61,30.95,Crítico
48.11,92.59,103.4,11.48,54.11,11.11,Crítico
97.19,53.6,51.85,4.01,91.37,41.22,Alerta
63.51,44.85,66.41,2.26,80.29,78.4,Normal
74.43,55.83,56.81,1.67,78.62,48.18,Alerta
69.28,85.41,103.87,11.18,58.31,33.8,Crítico
104.12,51.88,45.5,1.49,84.67,49.1,Normal
63.91,77.7,83.13,4.8,60.7,98.74,Alerta
101.21,43.75,63.87,2.73,89.04,63.2,Normal
74.94,52.13,58.61,1.04,76.63,44.88,Normal
86.01,48.35,55.42,2.8,82.33,75.22,Normal
58.22,72.95,84.72,5.68,70.2,83.86,Alerta
59.52,69.43,88.67,4.63,69.35,85.15,Alerta
103.22,44.71,52.13,1.04,77.73,48.24,Alerta
42.47,100.07,111.14,10.31,43.51,111.98,Crítico
91.74,45.13,65.21,3.63,97.27,70.96,Normal
58.32,70.49,78.21,3.74,65.75,83.2,Alerta
100.09,76.68,73.05,4.38,71.24,97.59,Alerta
62.7,71.27,89.72,3.79,60.63,97.53,Alerta
83.08,54.08,46.93,2.29,96.57,64.19,Normal
104.39,53.34,69.27,1.88,97.35,47.3,Normal
29.86,104.36,96.11,7.16,45.41,79.07,Crítico
75.96,66.1,86.78,3.64,73.52,82.39,Alerta
56.91,75.07,93.1,3.33,62.84,87.69,Alerta
85.75,46.63,50.94,1.08,93.01,59.08,Normal
67.17,77.18,80.22,5.95,63.62,91.43,Alerta
80.47,40.97,61.36,2.46,94.12,74.59,Normal
47.55,63.47,110.39,6.79,22.07,13.3,Crítico
82.8,48.7,69.32,2.68,85.54,68.29,Normal
99.4,56.21,67.34,2.7,90.57,54.03,Normal
36.87,104.77,108.75,11.14,39.9,121.3,Crítico
41.11,108.43,117.13,11.18,26.98,138.94,Crítico
101.82,53.12,67.12,1.17,77.63,66.55,Normal
40.37,92.51,107.82,7.93,45.13,113.45,Crítico
86.7,53.56,56.12,1.99,81.72,42.06,Alerta
40.61,93.01,96.57,7.89,25.01,101.32,Crítico
66.33,79.32,75.78,4.36,63.49,95.12,Alerta
71.03,54.86,72.98,1.64,83.69,70.86,Normal
108.31,56.49,66.52,1.23,98.38,43.51,Normal
65.29,75.67,75.9,4.47,99.22,90.17,Alerta
28.67,92.09,98.33,8.61,69.65,33.82,Crítico
92.42,44.41,85.77,1.82,81.59,48.05,Normal
107.01,58.84,68.1,1.98,82.5,49.18,Normal
60.93,67.36,80.95,5.27,65.08,94.23,Alerta
60.13,74.73,81.35,2.98,70.25,88.6,Alerta
64.86,70.06,86.44,5.68,73.41,89.99,Alerta
21.52,80.54,111.0,7.21,46.26,14.82,Crítico
107.86,40.8,67.05,2.72,90.24,60.75,Normal
98.32,50.76,63.99,1.37,80.76,41.74,Alerta
107.12,43.98,47.33,1.07,84.74,70.52,Normal
102.85,54.0,54.89,1.45,90.58,52.93,Normal
92.27,52.01,45.29,2.66,90.39,77.12,Normal
51.0,66.69,85.4,4.25,62.83,86.41,Alerta
53.9,70.24,73.85,5.66,62.47,84.07,Alerta
101.28,41.63,61.48,1.46,78.24,85.18,Normal
60.85,67.81,81.79,3.39,93.81,83.6,Alerta
85.64,63.55,51.27,4.64,90.64,46.23,Normal
87.01,46.14,72.13,1.03,98.05,65.36,Normal
78.37,52.96,57.03,2.34,92.7,43.7,Alerta
56.05,74.75,45.74,4.94,68.72,90.66,Crítico
54.06,67.36,86.16,5.71,71.34,66.82,Alerta
86.09,73.83,91.03,4.44,67.88,92.91,Alerta
66.3,70.79,91.84,4.07,66.82,94.64,Alerta
59.99,71.39,75.07,3.87,73.31,83.17,Alerta
68.42,77.68,90.05,4.97,61.51,85.48,Crítico
107.26,43.16,68.44,2.34,80.92,73.51,Normal
73.5,40.37,55.87,1.29,78.49,49.65,Normal
89.3,52.29,54.62,1.29,84.71,65.18,Normal
75.17,51.68,56.98,4.2,93.74,60.78,Normal
67.83,76.54,88.53,5.9,72.01,91.12,Alerta
101.25,54.99,51.21,1.08,85.48,48.29,Normal
80.44,52.39,47.12,2.66,77.44,43.75,Alerta
53.56,69.73,81.21,2.12,65.59,93.38,Alerta
31.5,109.87,117.61,7.09,21.28,107.05,Crítico
107.97,52.8,59.63,1.72,91.08,66.96,Normal
76.43,60.86,51.13,1.06,86.5,59.04,Normal
50.12,72.45,75.87,4.24,62.15,81.9,Alerta
31.84,106.95,103.67,7.0,36.4,66.6,Crítico
51.15,71.99,73.77,4.73,63.4,82.99,Alerta
99.01,54.23,59.94,2.73,80.3,65.27,Alerta
67.47,68.37,92.78,3.92,86.14,96.56,Alerta
31.54,91.14,102.91,10.16,24.62,105.07,Crítico
39.36,94.78,107.41,8.37,21.79,38.13,Crítico
70.68,48.88,63.04,2.87,99.92,46.85,Normal
94.82,58.61,49.57,2.4,84.91,73.42,Normal
36.12,76.82,112.33,7.26,28.19,13.04,Crítico
86.27,51.59,52.38,2.37,90.45,62.99,Normal
21.68,83.26,82.91,11.26,52.23,113.44,Crítico
54.15,73.67,71.84,5.01,69.48,90.69,Alerta
100.43,44.27,67.48,2.5,77.02,79.15,Normal
78.02,55.49,45.62,2.33,98.14,79.07,Alerta
57.21,75.14,72.11,4.19,62.81,92.57,Alerta
60.07,71.69,74.92,2.26,66.38,86.02,Alerta
109.82,45.0,66.91,1.67,98.32,55.95,Normal
105.38,48.2,51.44,1.96,90.57,51.3,Normal
104.45,62.71,67.02,2.26,90.32,56.69,Normal
62.16,68.45,88.94,4.78,85.28,96.26,Alerta
30.71,101.16,110.3,7.04,42.98,138.11,Crítico
82.67,41.67,66.19,1.41,84.38,62.42,Normal
83.5,50.82,56.51,1.05,82.76,66.7,Normal
52.88,78.74,84.1,3.8,65.87,99.46,Alerta
95.34,60.94,59.43,1.59,76.21,61.9,Normal
85.93,58.3,48.21,2.03,87.78,40.48,Normal
53.88,79.36,74.45,4.95,65.99,84.9,Alerta
94.41,62.54,47.09,2.14,78.99,58.77,Normal
97.75,59.32,65.91,1.59,90.26,71.88,Alerta
97.39,47.76,64.91,2.19,85.66,63.11,Normal
56.57,78.82,73.71,4.15,71.01,86.55,Alerta
82.52,58.32,49.53,2.56,76.57,78.13,Normal
44.92,99.43,117.18,9.58,58.71,131.59,Crítico
38.48,99.49,116.12,9.64,36.19,38.24,Crítico
55.28,79.35,88.01,3.09,66.45,84.22,Alerta
30.3,61.73,113.44,8.9,42.54,116.05,Crítico
108.53,58.09,81.51,1.83,80.46,70.23,Normal
74.35,43.78,54.99,1.55,82.03,50.52,Normal
85.67,40.9,47.64,2.75,91.05,72.71,Normal
102.55,43.65,67.46,2.18,79.01,59.73,Normal
47.51,92.78,100.74,10.04,34.43,133.16,Crítico
20.0,62.78,106.82,9.68,57.66,15.74,Crítico
75.13,58.21,56.47,2.46,76.21,58.85,Normal
53.37,47.57,93.32,4.36,67.88,90.72,Alerta
77.26,75.75,68.49,2.19,82.55,56.37,Normal
62.41,62.23,92.41,5.53,68.06,95.63,Alerta
96.41,59.35,69.14,3.36,75.28,63.26,Normal
84.2,42.29,58.28,1.33,86.01,47.26,Normal
57.77,68.9,94.14,3.07,73.69,93.63,Alerta
59.01,57.59,52.05,1.56,84.83,57.25,Normal
47.17,82.5,118.47,10.35,42.72,101.07,Crítico
109.03,42.04,68.63,2.63,92.45,74.43,Normal
74.97,57.71,61.34,1.4,85.93,62.59,Alerta
51.14,73.27,90.79,5.62,92.62,97.46,Alerta
36.33,40.03,113.09,7.6,32.87,26.95,Alerta
41.02,80.93,101.51,6.27,38.86,19.38,Crítico
43.35,105.6,103.18,10.5,49.63,136.82,Crítico
62.21,68.7,89.53,3.01,68.42,83.62,Alerta
63.01,68.28,83.03,3.2,69.25,88.24,Alerta
98.36,44.71,65.82,1.05,93.16,69.87,Normal
27.54,93.79,118.54,6.4,41.45,107.62,Crítico
103.42,53.25,63.69,2.39,78.88,45.98,Normal
20.79,83.24,103.03,7.58,23.25,120.08,Crítico
54.56,74.81,89.8,3.85,66.44,89.51,Alerta
93.29,56.07,48.84,1.08,84.01,71.76,Alerta
67.41,72.25,75.06,3.8,70.68,84.54,Alerta
92.69,64.18,82.86,2.37,96.5,76.49,Normal
50.73,68.94,72.18,1.62,69.65,87.58,Alerta
100.76,49.84,47.23,1.65,75.27,58.51,Alerta
106.58,55.41,47.02,1.58,82.23,53.62,Normal
59.03,68.47,73.13,5.27,66.12,88.42,Alerta
60.82,69.11,74.06,3.91,71.21,74.94,Alerta
84.42,61.2,54.11,1.28,96.45,59.82,Normal
58.34,75.37,77.91,3.37,60.19,84.87,Alerta
39.56,109.4,96.84,10.11,33.38,19.63,Alerta
81.21,57.39,92.42,1.16,82.88,66.46,Normal
35.07,105.87,105.54,11.1,28.74,64.19,Crítico
62.2,79.21,77.08,5.62,68.47,71.59,Alerta
66.53,67.74,94.41,5.35,61.63,98.16,Alerta
30.83,107.33,102.17,10.99,40.26,125.02,Crítico
76.71,43.14,68.31,2.2,79.44,61.99,Normal
69.99,71.44,79.34,4.31,68.5,81.6,Alerta
83.6,74.85,73.87,5.73,65.48,87.8,Alerta
60.1,72.87,91.77,4.44,65.12,98.91,Alerta
66.74,68.36,73.36,3.05,65.76,88.41,Alerta
75.68,52.96,45.34,2.5,93.08,61.73,Normal
100.73,52.3,66.53,1.22,81.97,81.44,Normal
90.3,64.66,50.22,2.78,80.39,51.64,Normal
106.83,60.01,63.8,1.65,99.5,69.99,Alerta
59.34,73.47,94.09,5.07,70.01,97.58,Alerta
69.51,73.28,94.52,4.63,67.89,97.68,Alerta
58.62,68.97,88.66,4.36,62.49,94.95,Alerta
97.8,41.08,63.66,3.48,75.18,69.15,Normal
65.79,79.97,87.19,3.06,69.47,81.36,Alerta
109.09,48.85,75.56,2.6,89.36,48.93,Normal
27.08,93.06,109.05,7.87,34.46,20.98,Crítico
27.49,105.88,109.36,10.97,27.03,71.88,Crítico
94.93,48.27,46.23,1.5,75.96,45.81,Normal
109.25,61.98,48.4,1.77,81.62,72.46,Normal
108.6,47.59,49.89,2.36,85.12,56.65,Normal
92.94,43.13,49.67,2.66,81.19,63.38,Normal
72.38,53.0,68.8,1.1,96.11,51.33,Normal
109.49,61.39,45.76,2.62,87.97,58.57,Alerta
24.74,107.02,100.77,10.4,55.9,16.88,Crítico
49.38,103.91,119.75,10.57,32.49,132.01,Crítico
107.23,49.3,71.51,1.77,85.9,55.24,Normal
58.8,68.03,74.82,3.27,69.57,82.87,Alerta
41.41,88.11,111.45,7.86,43.09,47.71,Crítico
62.18,48.71,50.48,2.47,75.85,63.18,Normal
75.26,54.55,63.23,1.7,83.43,73.08,Normal
47.87,80.51,108.31,8.87,26.13,128.43,Crítico
36.5,91.83,100.57,6.88,40.1,30.71,Alerta
57.28,70.34,80.4,4.77,61.17,96.19,Alerta
108.29,58.74,55.28,2.12,84.4,44.05,Normal
78.97,40.06,66.24,1.19,92.11,72.91,Normal
62.28,75.5,75.93,4.32,68.84,83.28,Alerta
93.84,59.8,47.16,2.13,96.48,51.18,Normal
83.68,46.75,54.45,1.77,99.27,64.82,Normal
52.83,79.26,78.05,3.81,61.17,99.29,Alerta
58.86,70.95,88.27,5.37,67.29,89.76,Alerta
82.57,46.62,49.38,2.15,80.1,58.21,Normal
64.33,73.81,84.23,4.47,60.15,53.62,Alerta
105.09,71.41,85.46,4.75,69.58,86.49,Alerta
76.72,40.15,56.09,1.33,75.48,75.63,Alerta
79.05,70.68,59.07,2.54,79.1,78.47,Normal
104.49,40.1,54.28,1.43,95.9,62.29,Normal
108.43,48.55,84.9,1.2,90.94,42.26,Normal
92.48,40.82,46.94,1.72,90.59,56.33,Normal
78.02,53.92,54.39,2.1,84.02,40.51,Alerta
57.87,67.4,76.53,5.87,78.98,96.74,Alerta
31.56,84.54,50.27,6.61,27.47,21.19,Crítico
68.1,74.75,85.05,4.66,62.1,83.66,Alerta
78.07,44.17,49.43,1.07,99.62,44.98,Normal
67.75,72.43,78.05,4.94,64.09,98.52,Alerta
53.49,76.77,78.81,3.69,68.44,84.03,Alerta
108.02,58.41,50.93,2.59,90.2,72.69,Normal
67.96,71.07,76.31,3.0,60.83,90.28,Alerta
54.16,77.08,75.44,4.05,72.26,91.51,Alerta
106.79,49.03,57.66,1.49,82.57,61.66,Normal
92.43,49.13,63.47,1.93,79.91,51.65,Normal
80.86,50.74,64.74,1.64,81.88,41.15,Normal
48.34,85.65,113.34,11.16,99.93,32.01,Crítico
38.8,88.28,97.72,10.29,58.52,28.75,Crítico
53.12,47.89,47.06,1.72,98.7,77.11,Normal
66.12,78.72,77.14,3.56,73.12,82.01,Alerta
35.84,97.68,110.97,11.83,50.59,34.2,Crítico
88.56,50.82,46.29,1.19,88.18,51.23,Normal
46.52,81.42,109.14,6.53,23.14,22.08,Crítico
96.48,58.59,60.48,2.7,92.77,53.3,Normal
62.58,66.0,81.08,5.66,61.58,86.87,Normal
72.02,60.28,51.23,1.05,88.8,70.35,Normal
72.48,40.3,68.39,1.33,80.78,66.59,Normal
62.15,70.04,78.3,3.08,63.05,95.26,Alerta
79.55,52.16,46.23,1.13,90.91,78.07,Normal
109.13,45.39,67.2,2.16,83.46,73.94,Normal
53.79,66.36,83.03,4.5,62.85,84.71,Alerta
28.38,85.94,111.51,11.49,49.03,42.48,Crítico
65.65,42.54,77.04,4.99,70.99,83.72,Alerta
63.87,74.14,65.47,5.89,61.06,84.55,Alerta
108.51,56.63,68.08,1.6,75.02,57.78,Normal
60.94,70.42,88.36,4.51,70.62,85.05,Alerta
93.45,62.84,46.83,1.7,92.14,48.04,Normal
108.24,47.74,59.84,1.05,90.35,65.38,Normal
62.45,73.95,78.84,3.91,60.02,88.71,Alerta
92.27,48.79,63.23,2.04,99.07,55.47,Normal
100.0,63.99,54.37,2.19,90.27,59.43,Normal
65.13,78.32,81.18,5.03,70.03,97.78,Alerta
32.47,86.71,106.15,11.26,53.22,116.06,Crítico
67.16,71.84,90.16,5.56,69.98,85.19,Crítico
43.9,107.83,117.8,7.03,21.85,31.53,Crítico
84.87,61.73,51.77,2.29,77.46,45.16,Normal
72.5,46.16,66.03,1.14,81.94,60.41,Normal
28.65,80.21,96.69,8.49,30.79,137.91,Crítico
20.11,90.99,104.93,8.58,24.98,122.56,Crítico
85.01,60.19,64.82,2.68,97.61,92.91,Normal
53.53,68.77,80.66,3.46,68.91,87.89,Alerta
62.99,79.2,71.21,3.14,69.3,88.92,Alerta
84.34,40.34,74.36,2.52,88.96,68.47,Normal
57.4,71.46,85.24,5.74,64.16,86.56,Alerta
68.34,66.27,76.59,5.06,68.86,83.01,Alerta
103.3,43.66,53.57,1.79,79.0,51.12,Normal
55.13,74.62,80.86,3.77,67.06,91.85,Crítico
61.25,72.98,87.19,5.7,71.97,83.43,Alerta
101.77,51.17,47.21,1.26,79.68,72.43,Normal
53.91,75.11,77.34,5.14,64.84,87.3,Alerta
91.63,43.31,69.02,2.73,82.45,44.82,Normal
64.66,69.09,89.65,5.79,69.0,83.44,Normal
39.97,97.05,97.13,7.19,45.31,112.34,Crítico
94.9,51.58,88.87,1.64,86.83,43.19,Normal
63.78,68.26,78.07,5.04,66.84,93.67,Alerta
108.94,40.01,58.79,1.99,99.36,48.11,Normal
97.8,53.19,50.46,3.23,76.52,55.24,Normal
108.77,47.69,69.89,2.1,92.92,65.29,Normal
96.66,63.03,60.27,1.59,85.08,63.5,Normal
28.09,97.5,116.44,8.38,49.52,33.35,Crítico
67.19,75.94,80.81,5.52,60.83,94.14,Crítico
88.37,41.0,55.25,2.7,95.6,44.03,Normal
82.97,72.83,58.64,1.3,99.19,70.43,Normal
76.26,51.69,61.99,2.2,94.5,76.79,Normal
62.27,72.68,64.03,5.1,69.37,83.51,Alerta
98.98,52.44,47.25,1.82,92.37,70.53,Normal
94.81,43.25,69.28,2.63,78.32,64.57,Normal
55.19,67.84,74.27,3.66,62.81,90.27,Alerta
53.76,66.94,83.51,4.91,86.1,83.91,Alerta
107.31,61.69,53.17,2.61,99.86,64.3,Normal
73.58,64.14,53.24,1.45,94.78,40.85,Normal
109.69,62.34,64.54,1.41,76.47,56.76,Normal
42.94,96.05,103.84,10.81,52.29,117.72,Crítico
92.46,46.72,59.14,1.57,97.15,40.92,Normal
20.53,70.02,100.58,10.52,42.82,111.18,Crítico
98.33,54.49,45.56,2.76,92.58,78.95,Alerta
100.44,49.58,49.81,2.42,91.6,67.29,Normal
50.68,70.7,85.0,4.59,70.15,89.91,Alerta
72.59,89.29,97.73,11.86,26.74,15.61,Crítico
61.63,97.29,106.53,9.27,22.79,20.93,Crítico
21.19,89.12,114.56,10.65,20.86,135.4,Crítico
61.75,66.22,85.66,3.89,72.36,98.79,Alerta
78.98,54.71,50.72,2.32,97.03,58.85,Normal
25.54,86.98,104.04,6.83,22.42,19.72,Crítico
97.02,52.3,58.17,2.16,84.54,76.85,Normal
109.48,91.18,103.24,11.79,20.6,116.26,Crítico
87.9,41.43,68.99,1.05,84.78,79.28,Normal
85.84,63.87,82.68,1.51,92.52,53.53,Normal
66.8,67.77,79.61,4.1,66.42,96.03,Alerta
89.92,79.51,78.39,5.3,71.64,94.99,Alerta
60.76,69.85,82.64,5.69,60.37,95.92,Alerta
64.0,76.06,82.82,4.97,69.75,82.41,Normal
73.78,64.04,58.43,2.23,82.18,73.56,Normal
54.8,70.18,77.05,4.44,64.06,95.17,Alerta
38.06,82.51,96.15,8.97,46.41,130.45,Crítico
98.64,61.68,56.24,1.3,98.31,70.78,Alerta
102.58,44.36,55.5,2.12,99.65,44.18,Normal
60.0,71.44,78.68,4.92,69.05,96.91,Alerta
64.52,69.08,85.98,3.88,63.09,91.66,Alerta
76.24,61.74,56.92,1.33,87.05,60.11,Normal
89.32,61.31,55.18,2.46,81.03,58.99,Normal
57.38,79.86,79.12,4.69,62.99,93.05,Alerta
99.31,47.08,47.62,1.66,75.3,63.98,Normal
78.13,44.86,50.18,1.01,82.25,75.22,Normal
96.47,52.05,52.14,1.69,78.97,51.65,Normal
82.31,64.88,79.88,1.93,86.52,70.43,Normal
55.83,67.26,77.63,5.02,65.04,86.64,Alerta
72.95,74.41,79.24,3.11,66.67,81.25,Alerta
64.22,75.49,86.13,5.17,62.1,91.6,Alerta
104.02,70.09,66.56,1.64,99.36,52.9,Normal
61.97,56.18,67.65,1.3,98.56,40.85,Normal
74.66,44.25,49.77,2.52,83.5,41.85,Normal
74.14,48.88,61.5,1.52,92.82,51.66,Normal
105.92,61.59,64.84,2.42,99.24,70.65,Normal
68.84,70.65,94.26,5.34,60.08,81.93,Normal
37.21,87.53,99.99,11.31,36.94,121.36,Crítico
54.26,78.0,82.35,4.2,66.15,92.51,Alerta
64.49,76.64,85.86,3.29,63.52,84.75,Alerta
26.88,99.38,102.23,6.45,28.84,119.44,Crítico
94.4,51.61,54.77,1.44,94.19,56.75,Normal
20.95,86.32,114.52,8.31,23.71,72.74,Crítico
58.52,77.69,94.13,5.54,62.6,93.85,Crítico
83.73,44.73,52.04,2.17,97.1,80.85,Normal
72.73,49.13,67.4,1.17,90.75,64.61,Normal
58.21,79.89,88.89,1.95,73.5,84.33,Alerta
103.1,63.76,56.11,5.86,84.66,53.57,Normal
59.73,78.58,73.47,3.7,73.83,68.39,Alerta
51.93,72.24,79.29,3.5,66.31,90.43,Alerta
47.97,97.61,110.24,9.35,35.39,34.71,Crítico
87.28,44.17,59.84,2.53,95.71,47.0,Alerta
53.22,73.06,93.77,3.13,72.17,90.8,Alerta
79.89,61.93,47.26,2.18,83.34,65.48,Normal
100.29,57.99,50.93,1.37,87.58,52.87,Normal
50.51,76.3,87.78,4.79,66.06,82.95,Alerta
61.04,74.38,86.68,5.68,73.78,92.89,Alerta
67.16,75.16,94.74,4.98,62.77,72.7,Alerta
56.48,66.7,76.88,3.77,69.09,84.6,Alerta
55.37,51.75,79.42,3.07,73.46,93.17,Crítico
43.94,84.53,103.37,11.11,34.6,21.55,Crítico
77.26,40.42,63.06,2.24,92.22,40.65,Normal
104.73,63.52,54.97,2.62,83.67,65.72,Normal
109.43,56.91,64.89,1.91,81.5,61.54,Normal
56.37,67.48,79.55,5.65,67.99,81.34,Crítico
72.07,40.99,49.53,1.32,74.37,47.33,Normal
106.91,49.32,46.47,1.53,80.84,79.7,Normal
95.66,57.22,51.64,1.02,97.02,65.4,Normal
50.17,68.17,81.36,5.71,89.42,98.02,Alerta
80.21,55.39,67.12,1.27,79.45,52.85,Alerta
107.68,60.25,49.32,1.86,80.53,46.52,Normal
99.32,62.41,70.44,2.19,93.37,43.11,Normal
50.2,67.56,81.11,5.26,98.7,83.88,Alerta
83.93,64.36,59.76,1.82,82.86,69.41,Normal
56.45,68.21,85.3,5.33,73.76,83.78,Crítico
61.54,68.87,75.41,3.53,61.96,96.89,Normal
81.82,45.89,59.24,1.6,77.43,66.27,Normal
48.41,82.96,109.43,8.95,25.1,19.18,Crítico
106.04,59.7,46.37,1.21,94.61,43.45,Normal
90.72,62.58,52.4,1.31,91.5,44.15,Normal
38.0,92.29,115.66,6.45,55.93,113.46,Crítico
59.07,77.06,92.58,4.93,65.08,85.49,Alerta
71.01,43.84,62.72,1.36,99.45,73.09,Normal
83.37,61.93,62.32,2.18,98.01,57.44,Normal
98.14,48.3,60.76,2.76,76.28,76.39,Normal
47.56,101.95,108.13,6.16,52.0,112.61,Alerta
67.15,77.17,79.62,4.87,65.6,95.69,Alerta
89.25,47.31,54.27,1.89,90.67,70.21,Normal
33.99,92.3,108.15,7.3,39.71,130.39,Crítico
78.25,61.74,61.22,2.41,75.41,76.82,Normal
91.25,40.26,62.33,1.86,82.33,58.43,Normal
100.57,54.3,68.34,2.03,85.39,73.04,Normal
42.64,102.91,115.87,7.35,26.58,62.68,Crítico
58.38,50.09,63.87,1.65,85.95,58.42,Normal
109.24,44.49,50.68,2.29,91.34,77.96,Normal
81.49,45.97,58.31,1.11,85.47,75.49,Normal
106.72,44.59,72.06,1.94,76.61,64.51,Normal
28.73,80.39,109.9,10.22,27.85,130.47,Alerta
54.03,74.89,82.74,3.76,71.9,65.95,Alerta
94.12,99.87,103.41,11.52,28.45,18.46,Crítico
59.58,68.44,83.64,3.86,72.56,96.47,Crítico
104.34,48.04,63.95,1.96,81.88,56.44,Normal
54.15,74.52,80.89,3.42,60.67,90.49,Alerta
25.18,96.55,95.49,10.66,21.31,43.37,Crítico
58.04,66.48,92.92,1.69,64.47,82.44,Alerta
59.17,79.7,94.51,3.61,73.1,95.22,Alerta
24.82,101.03,93.97,9.33,37.56,124.32,Crítico
50.48,67.62,80.27,5.14,67.16,82.04,Alerta
79.63,57.97,64.77,1.18,89.87,71.48,Alerta
79.76,41.43,58.64,1.09,75.53,79.02,Normal
54.63,44.93,45.51,1.11,77.39,73.33,Normal
66.66,70.19,86.24,5.17,62.53,92.39,Alerta
34.91,94.53,109.67,3.0,30.01,16.69,Crítico
79.16,51.25,53.38,1.67,78.34,44.13,Normal
75.85,60.08,68.2,2.06,84.47,42.06,Normal
68.0,74.56,85.94,3.76,73.98,81.96,Alerta
94.63,58.97,62.83,2.27,94.0,65.3,Normal
102.18,54.13,54.69,1.59,87.96,73.31,Normal
69.57,91.67,98.26,7.71,38.07,19.55,Alerta
43.48,80.49,106.69,11.89,33.89,124.35,Crítico
23.2,88.13,100.65,7.91,28.38,64.08,Crítico
74.77,55.12,45.46,1.9,77.85,65.87,Normal
89.53,52.38,64.15,2.6,80.57,51.47,Normal
96.18,72.89,55.74,2.77,97.64,59.95,Alerta
61.9,73.09,76.14,4.23,73.4,67.53,Alerta
45.64,59.34,111.83,8.54,56.77,135.57,Crítico
88.0,63.57,52.1,1.25,90.33,56.49,Normal
92.16,62.7,58.6,1.18,84.1,47.24,Normal
47.38,89.8,110.62,2.07,54.27,101.74,Crítico
101.85,44.48,46.8,1.57,78.69,52.79,Alerta
55.36,75.21,78.99,3.55,60.79,83.76,Alerta
62.24,52.4,73.76,5.05,60.95,98.78,Alerta
24.83,84.59,109.45,10.3,30.96,32.12,Crítico
90.76,47.72,55.09,2.37,92.39,53.73,Normal
84.12,40.21,46.95,1.73,78.19,77.17,Normal
106.9,72.84,66.47,1.8,88.3,77.4,Normal
98.29,41.51,49.07,2.56,76.61,79.89,Normal
83.81,47.87,45.69,1.02,99.05,57.02,Normal
109.07,49.23,52.89,2.02,76.63,56.28,Alerta
71.02,50.54,51.03,2.21,98.68,64.7,Normal
36.73,80.36,102.4,6.93,32.49,121.17,Crítico
81.98,48.45,60.93,1.28,90.76,61.08,Normal
33.22,53.3,103.24,9.86,56.54,10.85,Crítico
94.68,54.26,59.13,1.31,64.89,68.26,Normal
31.11,99.58,110.71,4.58,33.12,125.75,Crítico
105.17,71.63,72.54,2.9,61.29,90.05,Alerta
103.56,57.14,45.41,1.25,98.69,51.01,Normal
66.17,78.74,45.04,3.9,66.16,93.01,Alerta
52.56,78.27,86.19,3.17,67.83,92.09,Alerta
86.76,44.99,56.28,2.18,92.31,46.76,Normal
94.74,44.68,65.8,2.05,80.59,46.92,Alerta
92.87,53.81,59.9,2.41,76.2,76.29,Alerta
96.21,60.4,58.3,2.25,93.64,52.8,Alerta
59.11,66.59,71.7,5.55,62.47,91.42,Alerta
59.76,73.16,80.45,3.62,68.69,83.23,Alerta
64.89,58.56,69.24,1.75,93.04,49.29,Alerta
96.76,51.76,59.17,2.59,98.36,45.9,Normal
61.69,73.41,74.51,4.37,64.62,84.4,Alerta
73.27,52.18,72.35,1.25,76.9,76.19,Alerta
22.69,88.65,99.02,6.58,37.07,106.48,Crítico
45.52,93.33,118.84,8.07,51.24,27.14,Crítico
42.13,84.19,108.41,9.47,52.56,133.54,Crítico
75.6,53.94,61.73,2.03,88.06,88.36,Normal
78.41,61.32,69.15,2.52,93.75,60.78,Normal
68.29,69.95,83.15,4.51,69.7,96.48,Alerta
58.95,72.56,85.6,4.57,67.73,88.19,Alerta
48.25,100.16,116.63,10.65,25.14,11.37,Crítico
29.77,86.77,106.86,10.72,20.99,31.97,Crítico
84.13,45.48,82.59,2.49,86.63,79.78,Normal
90.5,57.16,46.55,1.95,99.73,44.05,Normal
93.29,48.14,50.14,2.39,79.77,42.17,Normal
51.92,77.81,90.51,4.31,68.24,96.1,Alerta
51.6,77.59,72.64,2.25,63.12,96.12,Alerta
101.43,63.9,67.85,2.64,99.64,49.51,Normal
103.56,63.04,46.13,1.97,95.18,76.22,Normal
30.54,91.31,118.04,9.32,20.3,22.67,Crítico
94.52,42.14,61.77,2.34,82.39,41.76,Normal
75.23,44.02,56.23,2.55,88.68,64.51,Normal
70.06,50.32,69.19,1.03,83.43,55.22,Normal
29.15,92.58,115.95,9.19,98.08,24.29,Crítico
99.12,50.74,51.89,1.53,97.88,65.86,Normal
48.26,100.81,96.38,10.56,57.4,123.02,Alerta
56.23,75.67,78.19,3.82,84.52,92.94,Alerta
59.23,67.98,89.89,4.51,62.85,94.91,Crítico
95.62,41.41,59.81,1.29,79.09,70.74,Normal
92.83,55.71,85.33,1.68,79.2,46.66,Alerta
105.34,64.89,69.74,1.72,84.12,54.11,Normal
78.35,58.04,62.23,2.08,90.19,74.52,Normal
47.88,80.72,114.86,9.72,50.16,118.6,Crítico
28.87,44.1,104.34,6.11,50.39,37.26,Crítico
66.13,67.66,87.01,4.55,71.28,86.51,Alerta
93.2,58.64,62.25,2.12,92.91,74.19,Normal
66.37,77.22,80.73,5.35,73.86,59.36,Alerta
105.88,41.59,64.07,2.64,77.64,67.49,Normal
60.51,66.85,82.85,3.17,68.01,99.69,Alerta
96.44,58.09,65.44,1.93,76.66,47.49,Normal
42.13,61.09,108.39,7.95,37.54,18.18,Crítico
70.06,58.45,47.82,3.21,87.56,72.65,Alerta
71.76,53.73,52.6,1.81,98.67,77.32,Normal
34.91,101.04,114.97,7.38,20.05,22.63,Crítico
97.57,61.16,51.25,2.13,96.44,45.41,Normal
76.47,56.07,52.64,1.78,87.19,63.18,Normal
83.41,44.64,57.37,1.98,76.11,59.82,Normal
83.69,42.58,57.56,4.25,93.9,78.07,Normal
50.39,79.09,65.57,3.93,70.47,83.48,Alerta
65.56,72.9,73.54,3.95,67.43,97.15,Alerta
78.64,53.63,69.92,2.75,82.68,70.57,Normal
59.42,73.26,94.6,5.71,63.4,85.63,Alerta
62.15,70.56,78.58,5.21,64.8,91.52,Alerta
55.95,68.58,72.53,3.68,72.66,96.07,Alerta
47.21,89.28,102.17,7.84,36.45,93.25,Crítico
58.94,67.65,83.36,5.48,70.89,96.39,Alerta
20.16,109.52,100.55,8.91,33.65,18.62,Crítico
78.21,50.17,87.17,1.42,97.97,55.73,Alerta
83.95,50.12,67.2,2.25,88.03,58.7,Normal
76.17,64.6,63.18,2.12,99.52,64.16,Normal
108.46,64.07,68.67,2.55,89.84,64.15,Alerta
85.97,62.67,60.34,2.49,75.22,66.36,Normal
53.39,67.5,74.19,5.86,65.01,90.7,Alerta
50.22,69.47,83.85,3.34,61.43,86.08,Alerta
103.53,59.21,48.33,2.26,99.84,42.63,Normal
75.31,49.74,52.95,1.35,82.76,51.85,Normal
50.19,67.63,80.83,3.18,65.19,65.21,Alerta
103.86,59.53,63.94,2.72,82.58,66.6,Normal
65.68,71.4,74.04,4.84,64.34,88.33,Alerta
81.52,62.47,69.44,1.6,80.89,71.65,Alerta
78.8,41.01,60.39,1.76,91.72,73.31,Normal
96.73,78.55,58.68,1.78,92.33,67.43,Normal
51.67,70.82,93.73,4.88,72.72,85.68,Alerta
72.28,48.64,68.46,2.27,94.47,50.08,Alerta
79.49,54.47,56.11,1.68,82.75,51.87,Normal
86.1,43.09,60.83,1.3,98.28,46.52,Normal
95.67,42.76,50.62,1.66,88.35,69.75,Normal
64.66,79.88,83.44,5.54,61.52,83.17,Alerta
64.88,71.83,82.18,3.88,70.52,91.3,Alerta
42.54,90.43,112.77,10.18,34.84,27.11,Crítico
61.19,76.51,83.32,3.44,69.05,87.82,Alerta
25.49,80.47,105.21,11.89,73.24,116.61,Crítico
50.26,70.37,80.14,5.78,70.47,85.88,Alerta
51.81,69.98,79.66,1.38,67.03,86.28,Alerta
98.56,49.4,68.86,1.53,87.8,51.03,Normal
65.62,79.16,71.33,2.93,63.11,93.78,Alerta
55.05,71.25,81.4,4.33,71.98,89.75,Alerta
23.11,96.74,115.18,11.9,55.18,79.02,Alerta
89.88,58.66,64.88,2.16,85.11,66.29,Alerta
62.19,78.38,86.39,3.16,60.86,47.03,Alerta
27.27,81.04,116.07,8.57,47.42,132.29,Crítico
104.83,61.56,46.01,1.38,99.13,68.1,Normal
88.56,44.13,65.35,1.65,96.93,52.9,Normal
45.8,86.61,95.24,8.58,40.88,109.47,Crítico
51.13,75.76,78.22,3.01,68.6,86.85,Crítico
72.56,49.62,48.11,1.02,87.02,69.02,Normal
60.17,74.37,87.0,3.4,70.25,98.91,Alerta
95.1,60.8,62.94,1.04,83.0,54.16,Normal
83.15,63.41,51.83,1.35,79.63,51.31,Normal
91.64,40.61,48.71,1.04,87.6,54.99,Normal
76.94,53.88,58.35,1.05,94.39,71.28,Normal
58.28,78.74,93.78,3.74,60.3,87.62,Normal
51.42,66.3,76.78,3.75,77.4,88.74,Alerta
50.36,67.81,92.99,3.83,63.02,91.9,Alerta
89.51,54.31,65.98,2.62,94.5,71.16,Normal
66.25,76.76,81.72,5.43,60.16,94.19,Crítico
53.72,67.65,87.46,3.33,69.4,93.93,Alerta
54.4,100.57,96.83,6.24,48.8,27.47,Crítico
60.66,75.2,77.36,4.28,60.5,98.75,Alerta
98.47,53.72,52.32,2.62,94.6,63.74,Normal
87.63,50.57,57.66,1.46,98.98,44.97,Normal
54.31,79.28,73.95,4.09,62.42,84.26,Alerta
82.98,59.0,49.14,1.69,97.37,63.8,Normal
55.61,66.77,91.57,5.24,64.36,89.77,Crítico
59.38,78.02,86.49,5.59,64.91,96.55,Alerta
64.91,68.98,71.81,5.44,62.01,93.24,Alerta
67.43,69.33,72.03,3.19,69.54,98.12,Alerta
74.06,60.05,64.71,1.09,94.58,59.02,Normal
101.21,42.49,50.24,1.92,81.46,64.18,Normal
61.77,70.06,74.83,5.34,71.13,84.48,Alerta
46.03,93.27,92.77,6.32,33.08,132.05,Crítico
66.94,74.73,54.6,4.99,64.44,87.0,Alerta
82.38,45.82,63.48,1.66,76.61,78.48,Normal
59.06,53.94,75.84,5.78,62.04,83.75,Alerta
82.76,58.0,65.78,3.48,81.45,54.87,Normal
91.26,54.34,48.2,2.69,97.5,51.28,Alerta
46.46,83.17,45.95,9.74,55.48,21.7,Crítico
65.52,68.95,88.46,5.65,65.56,85.01,Alerta
35.14,106.34,117.43,4.43,22.59,100.28,Crítico
70.14,80.82,95.11,8.77,39.84,35.56,Alerta
88.95,43.53,53.18,2.08,78.9,99.6,Normal
47.57,109.71,99.71,10.43,30.92,31.33,Alerta
93.22,75.63,52.51,1.57,94.28,46.76,Normal
66.91,79.93,72.82,3.33,70.66,94.01,Alerta
80.35,60.03,62.81,1.68,84.89,44.11,Normal
36.4,81.08,46.22,9.47,38.4,29.87,Crítico
66.59,75.07,84.93,5.7,66.68,97.14,Crítico
87.34,54.62,56.54,1.03,86.5,54.9,Alerta
64.52,72.84,62.15,3.48,60.63,95.35,Crítico
102.9,62.44,53.91,4.69,96.34,68.86,Normal
57.82,76.96,80.43,5.05,70.07,88.24,Normal
86.5,54.23,58.54,2.72,75.57,53.18,Alerta
68.51,66.1,72.97,1.66,61.12,83.47,Alerta
50.39,73.2,87.27,4.8,64.6,86.87,Alerta
58.79,75.87,85.62,4.32,70.76,81.15,Alerta
107.31,109.82,109.97,7.59,40.87,118.88,Crítico
90.76,56.95,60.38,2.08,97.39,44.97,Normal
109.25,64.61,59.13,2.44,88.22,43.76,Normal
59.54,71.86,73.34,4.83,66.18,82.1,Alerta
102.14,60.52,59.54,2.41,77.08,56.8,Normal
28.95,83.31,57.28,8.04,49.21,35.24,Crítico
81.24,58.43,48.7,3.43,98.0,62.49,Alerta
102.26,56.93,59.47,2.61,80.58,54.77,Normal
84.25,78.83,77.9,5.19,67.27,91.26,Alerta
51.13,76.62,86.01,4.57,77.64,94.44,Alerta
42.12,105.0,118.48,10.91,58.3,19.54,Crítico
25.51,90.98,103.67,8.19,24.95,17.16,Crítico
65.25,67.22,78.5,5.89,70.65,90.11,Crítico
79.18,43.87,66.06,2.29,90.86,55.44,Normal
97.35,60.1,46.88,2.35,75.21,59.01,Normal
41.81,94.1,117.77,7.8,57.03,109.05,Crítico
71.08,51.2,47.51,1.13,98.5,61.22,Normal
42.18,106.77,95.38,10.93,41.02,36.05,Crítico
51.2,67.62,82.74,5.48,62.21,94.25,Alerta
56.2,70.93,93.71,3.58,71.99,94.13,Alerta
67.66,79.74,79.19,4.78,70.71,96.14,Crítico
57.49,76.41,83.63,5.17,72.03,99.82,Alerta
68.47,67.79,90.29,4.22,63.54,91.9,Alerta
77.22,43.31,61.76,2.78,90.67,98.19,Normal
43.63,86.7,113.84,8.48,36.68,123.45,Crítico
58.74,77.73,81.73,4.11,65.72,92.65,Alerta
73.66,60.78,53.99,1.01,78.77,54.17,Alerta
76.06,60.04,45.11,2.05,86.93,40.39,Normal
95.29,55.4,60.4,1.95,98.64,67.21,Normal
61.53,57.56,77.56,4.86,68.46,89.09,Alerta
56.03,78.24,85.77,3.1,68.83,87.9,Alerta
20.43,80.51,95.75,9.77,46.3,107.69,Alerta
55.33,71.86,78.36,5.66,67.29,92.26,Alerta
86.31,61.91,49.03,2.01,95.71,73.1,Normal
81.89,61.33,46.05,2.25,90.06,63.69,Normal
84.31,57.15,58.61,2.56,94.12,59.96,Normal
68.77,77.11,71.35,4.61,69.36,95.24,Alerta
85.72,63.23,50.27,2.7,75.98,63.53,Normal
75.46,50.26,61.59,2.53,75.44,51.85,Normal
98.22,42.58,45.05,1.78,88.3,51.37,Normal
40.84,82.2,113.89,8.48,27.59,30.69,Crítico
76.0,49.38,45.15,2.17,99.82,41.4,Normal
46.26,99.91,105.53,11.41,26.94,105.2,Crítico
53.03,68.25,88.94,4.54,73.44,85.96,Alerta
63.55,77.73,86.05,4.14,73.46,91.03,Alerta
50.85,69.35,80.15,4.62,76.78,96.56,Alerta
25.45,104.35,106.03,8.53,31.01,104.92,Crítico
64.97,75.86,72.36,1.04,63.66,92.25,Alerta
79.87,62.55,51.53,2.36,75.72,58.1,Normal
56.95,75.28,58.59,4.82,60.24,94.72,Crítico
37.55,44.89,102.04,11.38,21.26,11.04,Crítico
46.9,95.77,95.34,1.17,44.15,34.39,Crítico
63.12,68.37,82.83,5.81,67.84,89.71,Alerta
25.5,91.3,108.86,9.7,32.24,23.51,Crítico
100.1,46.81,64.11,1.55,95.39,57.59,Normal
80.95,41.68,49.72,1.2,87.77,62.32,Alerta
102.12,49.13,58.89,1.2,76.2,46.06,Normal
89.2,42.43,50.11,2.04,92.81,61.55,Normal
64.07,77.38,65.5,4.48,63.11,97.57,Alerta
101.35,50.54,48.04,2.55,88.08,49.1,Alerta
77.57,56.04,50.43,2.57,77.43,55.15,Normal
103.31,49.09,62.23,1.49,84.76,59.0,Normal
107.71,42.19,51.47,2.18,93.47,71.21,Normal
79.67,46.89,48.41,1.99,76.01,62.85,Normal
24.93,83.19,116.17,11.72,55.28,65.23,Crítico
75.88,58.54,63.75,1.47,81.13,73.23,Alerta
98.31,40.51,69.58,2.65,99.66,55.75,Normal
50.7,70.51,75.22,5.67,60.67,94.84,Alerta
73.07,53.21,67.03,2.24,85.91,57.49,Normal
44.16,87.22,106.21,10.59,47.49,108.72,Crítico
31.5,102.69,102.11,11.15,54.78,38.53,Crítico
99.35,79.58,80.8,3.74,64.12,85.38,Normal
105.17,52.29,52.72,2.37,76.94,48.52,Normal
104.8,60.67,55.18,1.89,76.05,72.89,Normal
74.1,40.55,61.78,1.25,82.66,72.95,Normal
50.41,69.63,81.76,5.29,68.5,81.15,Alerta
68.67,68.29,85.05,3.95,65.8,91.2,Alerta
65.24,67.1,88.91,4.16,61.53,83.43,Alerta
81.54,45.26,59.06,1.06,82.06,67.1,Alerta
60.61,74.66,84.96,4.78,69.83,84.78,Alerta
102.85,62.81,59.93,1.45,78.42,53.94,Normal
104.48,40.4,56.6,1.44,83.55,53.29,Normal
27.33,85.23,115.96,8.22,30.7,13.62,Alerta
65.48,68.29,80.74,2.97,72.77,92.11,Alerta
79.48,47.14,62.67,1.01,79.74,42.02,Normal
81.43,59.44,55.6,2.62,81.46,43.79,Normal
68.1,67.87,77.04,3.28,72.19,92.42,Alerta
65.13,73.78,90.31,4.76,66.84,98.79,Alerta
53.64,76.68,81.37,4.27,72.18,91.24,Alerta
62.68,76.11,76.25,3.61,65.63,94.1,Alerta
101.02,51.38,68.74,1.15,81.95,58.2,Normal
60.81,73.06,93.12,3.51,65.6,95.03,Alerta
